time_h,biomass_gL,glucose_mM,ammonium_mM,PHB_mM
0.0,0.05,20.0,1.0,0.0
0.1,0.05214702771472019,20.0,1.05,0.0
0.2,0.05438624998959591,20.0,1.1021470277147203,0.0
0.30000000000000004,0.05672162571014317,20.0,1.1565332777043162,0.0
0.4,0.059157283758616425,20.0,1.2132549034144595,0.0
0.5,0.061697530313762745,20.0,1.272412187173076,0.0
0.6000000000000001,0.0643468564640315,20.0,1.3341097174868388,0.0
0.7000000000000001,0.06710994614769945,20.0,1.3984565739508703,0.0
0.8,0.06999168443394926,20.0,1.4655665200985697,0.0
0.9,0.07299716615954203,20.0,1.535558204532519,0.0
1.0,0.07613170493635346,20.0,1.608555370692061,0.0
1.1,0.07940084254569847,20.0,1.6846870756284145,0.0
1.2000000000000002,0.08281035873605344,20.0,1.764087918174113,0.0
1.3,0.086366281441498,20.0,1.8468982769101663,0.0
1.4000000000000001,0.0900748974389424,20.0,1.9332645583516643,0.0
1.5,0.09394276346298215,20.0,2.0233394557906066,0.0
1.6,0.09797671779803067,20.0,2.117282219253589,0.0
1.7000000000000002,0.10218389236822449,20.0,2.21525893705162,0.0
1.8,0.10657172534647574,20.0,2.317442829419844,0.0
1.9000000000000001,0.11114797430496437,20.0,2.4240145547663197,0.0
2.0,0.1159207299303197,20.0,2.5351625290712843,0.0
2.1,0.1208984303277395,20.0,2.651083259001604,0.0
2.2,0.126089875939336,20.0,2.7719816893293436,0.0
2.3000000000000003,0.13150424510308367,20.0,2.8980715652686797,0.0
2.4000000000000004,0.13715111027987723,20.0,3.0295758103717634,0.0
2.5,0.14304045497738804,20.0,3.1667269206516404,0.0
2.6,0.1491826914006408,20.0,3.3097673756290282,0.0
2.7,0.1555886788605153,20.0,3.458950067029669,0.0
2.8000000000000003,0.16226974297271982,20.0,3.6145387458901843,0.0
2.9000000000000004,0.16923769568117883,20.0,3.7768084888629043,0.0
3.0,0.1765048561412363,20.0,3.946046184544083,0.0
3.1,0.18408407249959496,20.0,4.12255104068532,0.0
3.2,0.19198874460949877,20.0,4.306635113184915,0.0
3.3000000000000003,0.2002328477213174,20.0,4.4986238577944135,0.0
3.4000000000000004,0.2088309571904177,20.0,4.698856705515731,0.0
3.5,0.21779827424600515,20.0,4.907687662706149,0.0
3.6,0.2271506528664932,20.0,5.1254859369521535,0.0
3.7,0.2369046278089161,20.0,5.352636589818647,0.0
3.8000000000000003,0.2470774438419404,20.0,5.589541217627563,0.0
3.9000000000000004,0.25768708623415776,20.0,5.836618661469503,0.0
4.0,0.26875231255156234,20.0,6.09430574770366,0.0
4.1000000000000005,0.28029268582042927,20.0,6.363058060255223,0.0
4.2,0.29232860911422565,20.0,6.643350746075652,0.0
4.3,0.3048813616257026,20.0,6.935679355189878,0.0
4.4,0.3179731362879429,20.0,7.2405607168155806,0.0
4.5,0.3316270790108771,20.0,7.5585338531035235,0.0
4.6000000000000005,0.3458673296026382,20.0,7.890160932114401,0.0
4.7,0.36071906444810076,20.0,8.236028261717038,0.0
4.800000000000001,0.37620854102006096,20.0,8.59674732616514,0.0
4.9,0.39236314430175134,20.0,8.9729558671852,0.0
5.0,0.4092114352027637,20.0,9.365319011486951,0.0
5.1000000000000005,0.4267832010539789,20.0,9.774530446689715,0.0
5.2,0.4451095082707767,20.0,10.201313647743694,0.0
5.300000000000001,0.4642227572776334,20.0,10.646423156014471,0.0
5.4,0.48415673979121143,20.0,11.110645913292105,0.0
5.5,0.5049466985632175,20.0,11.594802653083317,0.0
5.6000000000000005,0.5266293896886513,20.0,12.099749351646535,0.0
5.7,0.5492431475896055,20.0,12.626378741335186,0.0
5.800000000000001,0.5728279527895062,20.0,13.175621888924791,0.0
5.9,0.5974255025976161,20.0,13.748449841714297,0.0
6.0,0.6230792848287705,20.0,14.345875344311914,0.0
6.1000000000000005,0.6498346546886786,20.0,14.968954629140685,0.0
6.2,0.6777389149607229,20.0,15.618789283829363,0.0
6.300000000000001,0.7068413996360241,20.0,16.296528198790085,0.0
6.4,0.7371935611346272,20.0,17.003369598426108,0.0
6.5,0.7688490612720136,20.0,17.740563159560736,0.0
6.6000000000000005,0.8018638661317659,20.0,18.50941222083275,0.0
6.7,0.8362963450121175,20.0,19.311276086964515,0.0
6.800000000000001,0.8722073736213217,20.0,20.147572431976634,0.0
6.9,0.9096604417042874,20.0,21.019779805597956,0.0
7.0,0.9487217652907617,20.0,21.929440247302242,0.0
7.1000000000000005,0.9894604037635123,20.0,22.878162012593005,0.0
7.2,1.031948381953482,20.0,23.867622416356518,0.0
7.300000000000001,1.0762608174777777,20.0,24.899570798310002,0.0
7.4,1.1224760535456215,20.0,25.97583161578778,0.0
7.5,1.1706757974670654,20.0,27.0983076693334,0.0
7.6000000000000005,1.2209452651093444,20.0,28.268983466800467,0.0
7.7,1.2733733315562674,20.0,29.489928731909814,0.0
7.800000000000001,1.3280526882370052,20.0,30.76330206346608,0.0
7.9,1.3850800068020752,20.0,32.091354751703086,0.0
8.0,1.444556110036253,20.0,33.476434758505164,0.0
8.1,1.5065861501105775,20.0,34.920990868541416,0.0
8.200000000000001,1.5712797944885974,20.0,36.427577018651995,0.0
8.3,1.6387514198155346,20.0,37.99885681314059,0.0
8.4,1.7091203141331548,20.0,39.637608232956126,0.0
8.5,1.782510887777858,20.0,41.34672854708928,0.0
8.6,1.859052893334849,20.0,43.12923943486714,0.0
8.700000000000001,1.9388816550372625,20.0,44.988292328201986,0.0
8.8,2.0221383080158137,20.0,46.92717398323925,0.0
8.9,2.1089700478219604,20.0,48.94931229125506,0.0
9.0,2.1995303906657306,20.0,51.058282339077024,0.0
9.1,2.2939794448283037,20.0,53.25781272974275,0.0
9.200000000000001,2.3924841937292,20.0,55.551792174571055,0.0
9.3,2.4952187911485315,20.0,57.94427636830026,0.0
9.4,2.6023648691262617,20.0,60.43949515944879,0.0
9.5,2.714111859082827,20.0,63.04186002857505,0.0
9.600000000000001,2.8306573267288586,20.0,65.75597188765788,0.0
9.700000000000001,2.952207321356111,20.0,68.58662921438673,0.0
9.8,3.0789767401271395,20.0,71.53883653574285,0.0
9.9,3.211189708007775,20.0,74.61781327586999,0.0
10.0,3.3490799740141135,20.0,77.82900298387777,0.0
10.100000000000001,3.492891324474567,20.0,81.17808295789189,0.0
10.200000000000001,3.642878014037619,20.0,84.67097428236646,0.0
10.3,3.7993052151872915,20.0,88.31385229640408,0.0
10.4,3.9624494870610527,20.0,92.11315751159137,0.0
10.5,4.132599264399031,20.0,96.07560699865242,0.0
10.600000000000001,4.31005536748897,20.0,100.20820626305145,0.0
10.700000000000001,4.495131534008516,20.0,104.51826163054042,0.0
10.8,4.688154973705096,20.0,109.01339316454894,0.0
10.9,4.889466946894059,20.0,113.70154813825404,0.0
11.0,5.099423367797856,20.0,118.5910150851481,0.0
11.100000000000001,5.318395433792931,20.0,123.69043845294595,0.0
11.200000000000001,5.546770281676825,20.0,129.0088338867389,0.0
11.3,5.784951672115755,20.0,134.55560416841573,0.0
11.4,6.033360703482743,20.0,140.3405558405315,0.0
11.5,6.292436556348366,20.0,146.37391654401424,0.0
11.600000000000001,6.562637269940335,20.0,152.6663531003626,0.0
11.700000000000001,6.844440551944685,20.0,159.22899037030294,0.0
11.8,7.138344623080285,20.0,166.0734309222476,0.0
11.9,7.444869097939829,20.0,173.2117755453279,0.0
12.0,7.764555903654643,20.0,180.65664464326773,0.0
12.100000000000001,8.09797023800746,20.0,188.42120054692236,0.0
12.200000000000001,8.445701568687085,20.0,196.51917078492983,0.0
12.3,8.808364675451624,20.0,204.9648723536169,0.0
12.4,9.186600737042763,20.0,213.77323702906853,0.0
12.5,9.581078464772759,20.0,222.9598377661113,0.0
12.600000000000001,9.992495284788276,20.0,232.54091623088405,0.0
12.700000000000001,10.421578571101302,20.0,242.53341151567233,0.0
12.8,10.869086931567072,20.0,252.95499008677362,0.0
12.9,11.335811549082623,20.0,263.8240770183407,0.0
13.0,11.822577580377134,20.0,275.1598885674233,0.0
13.100000000000001,12.330245614867119,20.0,286.98246614780044,0.0
13.200000000000001,12.859713196155655,20.0,299.31271176266756,0.0
13.3,13.411916408865638,20.0,312.1724249588232,0.0
13.4,13.987831533612539,20.0,325.58434136768886,0.0
13.5,14.588476773042602,20.0,339.5721729013014,0.0
13.600000000000001,15.214914051988087,20.0,354.16064967434403,0.0
13.700000000000001,15.868250894922168,20.0,369.37556372633213,0.0
13.8,16.549642384032794,20.0,385.2438146212543,0.0
13.9,17.26029320137732,20.0,401.79345700528705,0.0
14.0,18.00145975872839,20.0,419.05375020666435,0.0
14.100000000000001,18.774452418876592,20.0,437.05520996539275,0.0
14.200000000000001,19.580637812317065,20.0,455.82966238426934,0.0
14.3,20.42144125341592,20.0,475.4103001965864,0.0
14.4,21.298349260328205,20.0,495.8317414500023,0.0
14.5,22.212912183122505,20.0,517.1300907103305,0.0
14.600000000000001,23.1667469447587,20.0,539.343002893453,0.0
14.700000000000001,24.161539899764822,20.0,562.5097498382117,0.0
14.8,25.199049815667077,20.0,586.6712897379766,0.0
14.9,26.281110982444115,20.0,611.8703395536437,0.0
15.0,27.40963645550301,20.0,638.1514505360879,0.0
15.100000000000001,28.586621437910406,20.0,665.5610869915909,0.0
15.200000000000001,29.814146807858563,20.0,694.1477084295012,0.0
15.3,31.09438279760274,20.0,723.9618552373598,0.0
15.4,32.429592830374176,20.0,755.0562380349626,0.0
15.5,33.822137522052266,20.0,787.4858308653368,0.0
15.600000000000001,35.27447885467075,20.0,821.307968387389,0.0
15.700000000000001,36.789184529136534,20.0,856.5824472420597,0.0
15.8,38.36893250485676,20.0,893.3716317711962,0.0
15.9,40.01651573429987,20.0,931.740564276053,0.0
16.0,41.73484710086144,20.0,971.7570800103529,0.0
16.1,43.52696456876462,20.0,1013.4919271112143,0.0
16.2,45.39603655410025,20.0,1057.0188916799789,0.0
16.3,47.34536752650233,20.0,1102.414928234079,0.0
16.400000000000002,49.378403851362606,20.0,1149.7602957605814,0.0
16.5,51.49873988291304,20.0,1199.138699611944,0.0
16.6,53.71012431894865,20.0,1250.637439494857,0.0
16.7,56.01646682842564,20.0,1304.3475638138057,0.0
16.8,58.42184496365232,20.0,1360.3640306422312,0.0
16.900000000000002,60.93051136929327,20.0,1418.7858756058836,0.0
17.0,63.5469013009322,20.0,1479.7163869751769,0.0
17.1,66.275640466486,20.0,1543.263288276109,0.0
17.2,69.12155320433352,20.0,1609.538928742595,0.0
17.3,72.08967101261773,20.0,1678.6604819469287,0.0
17.400000000000002,75.18524144480075,20.0,1750.7501529595465,0.0
17.5,78.41373738719908,20.0,1825.9353944043473,0.0
17.6,81.78086673490122,20.0,1904.3491317915464,0.0
17.7,85.29258248317466,20.0,1986.1299985264477,0.0
17.8,88.95509325220333,20.0,2071.4225810096223,0.0
17.900000000000002,92.77487426376331,20.0,2160.3776742618256,0.0
18.0,96.75867878924292,20.0,2253.152548525589,0.0
18.1,100.91355008924718,20.0,2349.9112273148316,0.0
18.2,105.24683386589554,20.0,2450.8247774040788,0.0
18.3,109.76619124982813,20.0,2556.0716112699743,0.0
18.400000000000002,114.47961234488128,20.0,2665.8378025198026,0.0
18.5,119.39543035437895,20.0,2780.317414864684,0.0
18.6,124.52233631401486,20.0,2899.7128452190627,0.0
18.7,129.86939445737283,20.0,3024.2351815330776,0.0
18.8,135.446058241251,20.0,3154.1045759904505,0.0
18.900000000000002,141.26218705912243,20.0,3289.5506342317017,0.0
19.0,147.3280636722809,20.0,3430.812821290824,0.0
19.1,153.65441238948986,20.0,3578.1408849631052,0.0
19.200000000000003,160.25241802727547,20.0,3731.7952973525953,0.0
19.3,167.1337456843852,20.0,3892.0477153798706,0.0
19.400000000000002,174.31056136537262,20.0,4059.181461064256,0.0
19.5,181.7955534897704,20.0,4233.492022429628,0.0
19.6,189.6019553248791,20.0,4415.2875759193985,0.0
19.700000000000003,197.7435683818322,20.0,4604.889531244277,0.0
19.8,206.2347868163014,20.0,4802.6330996261095,0.0
19.900000000000002,215.0906228769816,20.0,5008.867886442411,0.0
20.0,224.32673344684775,20.0,5223.958509319393,0.0
20.1,233.95944772410837,20.0,5448.28524276624,0.0
20.200000000000003,244.00579609179417,20.0,5682.244690490348,0.0
20.3,254.48354022702307,20.0,5926.250486582142,0.0
20.400000000000002,265.4112045031736,20.0,6180.734026809165,0.0
20.5,276.80810874048524,20.0,6446.145231312338,0.0
20.6,288.69440236298726,20.0,6722.9533400528235,0.0
20.700000000000003,301.09110002214555,20.0,7011.647742415811,0.0
20.8,314.02011875020827,20.0,7312.738842437957,0.0
20.900000000000002,327.5043167089367,20.0,7626.758961188165,0.0
21.0,341.5675336022284,20.0,7954.263277897102,0.0
21.1,356.2346328240805,20.0,8295.83081149933,0.0
21.200000000000003,371.5315454164099,20.0,8652.06544432341,0.0
21.3,387.485315914447,20.0,9023.59698973982,0.0
21.400000000000002,404.12415016075556,20.0,9411.082305654269,0.0
21.5,421.4774651724133,20.0,9815.206455815023,0.0
21.6,439.575941149517,20.0,10236.683920987436,0.0
21.700000000000003,458.4515757169615,20.0,10676.259862136953,0.0
21.8,478.13774049539063,20.0,11134.711437853914,0.0
21.900000000000002,498.6692401013365,20.0,11612.849178349305,0.0
22.0,520.082373680857,20.0,12111.518418450642,0.0
22.1,542.4149990854622,20.0,12631.6007921315,0.0
22.200000000000003,565.7065998037905,20.0,13174.015791216962,0.0
22.3,589.9983547673677,20.0,13739.722391020752,0.0
22.400000000000002,615.3332111538648,20.0,14329.72074578812,0.0
22.5,641.7559603165672,20.0,14945.053956941985,0.0
22.6,669.313316974298,20.0,15586.809917258553,0.0
22.700000000000003,698.0540018018004,20.0,16256.123234232851,0.0
22.8,728.0288275665964,20.0,16954.17723603465,0.0
22.900000000000002,759.290788964611,20.0,17682.206063601247,0.0
23.0,791.8951563133866,20.0,18441.49685256586,0.0
23.1,825.8995732685369,20.0,19233.392008879244,0.0
23.200000000000003,861.3641587361994,20.0,20059.29158214778,0.0
23.3,898.3516131616647,20.0,20920.65574088398,0.0
23.400000000000002,936.9273293820984,20.0,21819.007354045643,0.0
23.5,977.1595082393411,20.0,22755.934683427742,0.0
23.6,1019.1192791571855,20.0,23733.09419166708,0.0
23.700000000000003,1062.8808258963084,20.0,24752.213470824267,0.0
23.8,1108.5215177091895,20.0,25815.094296720574,0.0
23.900000000000002,1156.1220461268958,20.0,26923.615814429762,0.0
24.0,1205.766567619565,20.0,28079.73786055666,0.0
24.1,1257.5428523828098,20.0,29285.504428176224,0.0
24.200000000000003,1311.5424395130933,20.0,30543.047280559033,0.0
24.3,1367.86079884642,20.0,31854.589720072127,0.0
24.400000000000002,1426.5974997464714,20.0,33222.450518918544,0.0
24.5,1487.8563871405954,20.0,34649.04801866502,0.0
24.6,1551.7457651148816,20.0,36136.90440580561,0.0
24.700000000000003,1618.3785883929083,20.0,37688.65017092049,0.0
24.8,1687.8726620366947,20.0,39307.0287593134,0.0
24.900000000000002,1760.3508497229213,20.0,40994.90142135009,0.0
25.0,1835.9412909626483,20.0,42755.25227107301,0.0
25.1,1914.7776276485677,20.0,44591.19356203566,0.0
25.200000000000003,1996.9992403303206,20.0,46505.97118968423,0.0
25.3,2082.7514946356077,20.0,48502.970430014546,0.0
25.400000000000002,2172.1859982727588,20.0,50585.721924650155,0.0
25.5,2265.460869069134,20.0,52757.90792292292,0.0
25.6,2362.7410145192443,20.0,55023.36879199205,0.0
25.700000000000003,2464.1984233368225,20.0,57386.10980651129,0.0
25.8,2570.0124695263016,20.0,59850.30822984811,0.0
25.900000000000002,2680.3702295112907,20.0,62420.32069937441,0.0
26.0,2795.466812880724,20.0,65100.6909288857,0.0
26.1,2915.5057073374323,20.0,67896.15774176642,0.0
26.200000000000003,3040.6991384589996,20.0,70811.66344910386,0.0
26.3,3171.268444906945,20.0,73852.36258756285,0.0
26.400000000000002,3307.4444697476015,20.0,77023.6310324698,0.0
26.5,3449.467968576524,20.0,80331.0755022174,0.0
26.6,3597.590035167991,20.0,83780.54347079393,0.0
26.700000000000003,3752.0725454021285,20.0,87378.13350596192,0.0
26.8,3913.1886202545106,20.0,91130.20605136405,0.0
26.900000000000002,4081.2231086667925,20.0,95043.39467161856,0.0
27.0,4256.473091152075,20.0,99124.61778028535,0.0
27.1,4439.248405025359,20.0,103381.09087143742,0.0
27.200000000000003,4629.872192187696,20.0,107820.33927646278,0.0
27.3,4828.681470432482,20.0,112450.21146865048,0.0
27.400000000000002,5036.027729283969,20.0,117278.89293908296,0.0
27.5,5252.277551421411,20.0,122314.92066836693,0.0
27.6,5477.8132607875,20.0,127567.19821978835,0.0
27.700000000000003,5713.033598526951,20.0,133045.01148057583,0.0
27.8,5958.354427950251,20.0,138758.0450791028,0.0
27.900000000000002,6214.20946976895,20.0,144716.39950705305,0.0
28.0,6481.051068902361,20.0,150930.608976822,0.0
28.1,6759.350994211367,20.0,157411.66004572436,0.0
28.200000000000003,7049.601272573233,20.0,164171.01103993572,0.0
28.3,7352.315058772061,20.0,171220.61231250895,0.0
28.400000000000002,7668.027542742825,20.0,178572.92737128102,0.0
28.5,7997.296895772957,20.0,186240.95491402384,0.0
28.6,8340.705257334363,20.0,194238.25180979678,0.0
28.700000000000003,8698.859764290548,20.0,202578.95706713115,0.0
28.8,9072.393624298471,20.0,211277.8168314217,0.0
28.900000000000002,9461.967235302862,20.0,220350.21045572017,0.0
29.0,9868.269353102254,20.0,229812.17769102304,0.0
29.1,10292.018309050942,20.0,239680.4470441253,0.0
29.200000000000003,10733.963280049742,20.0,249972.46535317623,0.0
29.3,11194.885613070855,20.0,260706.42863322597,0.0
29.400000000000002,11675.600206558564,20.0,271901.3142462968,0.0
29.5,12176.956951148044,20.0,283576.91445285536,0.0
29.6,12699.842232249433,20.0,295753.8714040034,0.0
29.700000000000003,13245.180497153702,20.0,308453.71363625285,0.0
29.8,13813.935889430908,20.0,321698.8941334066,0.0
29.900000000000002,14407.113953510428,20.0,335512.8300228375,0.0
30.0,15025.763412456805,20.0,349919.9439763479,0.0
30.1,15670.978022084273,20.0,364945.7073888047,0.0
30.200000000000003,16343.898504687992,20.0,380616.685410889,0.0
30.3,17045.714565810773,20.0,396960.583915577,0.0
30.400000000000002,17777.66699761088,20.0,414006.2984813877,0.0
30.5,18541.049872549618,20.0,431783.9654789986,0.0
30.6,19337.212831277084,20.0,450325.0153515482,0.0
30.700000000000003,20167.563468760978,20.0,469662.2281828253,0.0
30.8,21033.569822877143,20.0,489829.7916515863,0.0
30.900000000000002,21936.76296986153,20.0,510863.3614744634,0.0
31.0,22878.739731212336,20.0,532800.124444325,0.0
31.1,23861.16549682799,20.0,555678.8641755374,0.0
31.200000000000003,24885.777169372286,20.0,579540.0296723654,0.0
31.3,25954.38623507215,20.0,604425.8068417377,0.0
31.400000000000002,27068.881966377194,20.0,630380.1930768099,0.0
31.5,28231.23476214322,20.0,657449.075043187,0.0
31.6,29443.49963124509,20.0,685680.3098053302,0.0
31.700000000000003,30707.819825777828,20.0,715123.8094365753,0.0
31.8,32026.43063026941,20.0,745831.6292623531,0.0
31.900000000000002,33401.66331360445,20.0,777858.0598926225,0.0
32.0,34835.94925064567,20.0,811259.723206227,0.0
32.1,36331.82422084012,20.0,846095.6724568726,0.0
32.2,37891.932891409844,20.0,882427.4966777128,0.0
32.300000000000004,39519.033493053335,20.0,920319.4295691226,0.0
32.4,41216.002696424155,20.0,959838.463062176,0.0
32.5,42985.84069800825,20.0,1001054.4657586002,0.0
32.6,44831.67652439167,20.0,1044040.3064566085,0.0
32.7,46756.773564296454,20.0,1088871.982981,0.0
32.800000000000004,48764.53533816527,20.0,1135628.7565452966,0.0
32.9,50858.51151549513,20.0,1184393.2918834619,0.0
33.0,53042.40419055881,20.0,1235251.803398957,0.0
33.1,55320.07442760921,20.0,1288294.2075895157,0.0
33.2,57695.54908713842,20.0,1343614.2820171248,0.0
33.300000000000004,60173.027945260124,20.0,1401309.8311042632,0.0
33.4,62756.89111880225,20.0,1461482.8590495232,0.0
33.5,65451.70680923716,20.0,1524239.7501683254,0.0
33.6,68262.2393791406,20.0,1589691.4569775625,0.0
33.7,71193.45777545818,20.0,1657953.696356703,0.0
33.800000000000004,74250.5443144716,20.0,1729147.1541321613,0.0
33.9,77438.9038439962,20.0,1803397.6984466328,0.0
34.0,80764.17329900844,20.0,1880836.602290629,0.0
34.1,84232.23166759715,20.0,1961600.7755896375,0.0
34.2,87849.21038485841,20.0,2045833.0072572345,0.0
34.300000000000004,91621.50417310992,20.0,2133682.217642093,0.0
34.4,95555.78234759028,20.0,2225303.721815203,0.0
34.5,99659.00060763121,20.0,2320859.504162793,0.0
34.6,103938.41333414923,20.0,2420518.504770424,0.0
34.7,108401.58641519844,20.0,2524456.9181045736,0.0
34.800000000000004,113056.41062225978,20.0,2632858.5045197723,0.0
34.9,117911.11556091534,20.0,2745914.915142032,0.0
35.0,122974.28422057255,20.0,2863826.030702947,0.0
35.1,128254.86814896148,20.0,2986800.3149235197,0.0
35.2,133762.20327823356,20.0,3115055.1830724813,0.0
35.300000000000004,139506.02643064162,20.0,3248817.386350715,0.0
35.4,145496.49253298313,20.0,3388323.412781357,0.0
35.5,151744.19257024102,20.0,3533819.90531434,0.0
35.6,158260.1723101639,20.0,3685564.097884581,0.0
35.7,165055.9518318902,20.0,3843824.2701947447,0.0
35.800000000000004,172143.545893142,20.0,4008880.222026635,0.0
35.9,179535.48517199766,20.0,4181023.767919777,0.0
36.0,187244.83842079795,20.0,4360559.253091775,0.0
36.1,195285.23557135309,20.0,4547804.091512573,0.0
36.2,203670.8918323002,20.0,4743089.327083926,0.0
36.300000000000004,212416.63282121473,20.0,4946760.218916226,0.0
36.4,221537.92077590854,20.0,5159176.851737441,0.0
36.5,231050.88189125576,20.0,5380714.77251335,0.0
36.6,240972.3348298771,20.0,5611765.654404606,0.0
36.7,251319.8204570887,20.0,5852737.989234483,0.0
36.800000000000004,262111.63285268613,20.0,6104057.809691572,0.0
36.9,273366.85165439174,20.0,6366169.442544258,0.0
37.0,285105.37579014734,20.0,6639536.29419865,0.0
37.1,297347.95865889057,20.0,6924641.669988797,0.0
37.2,310116.2448220128,20.0,7221989.628647688,0.0
37.300000000000004,323432.808270369,20.0,7532105.873469701,0.0
37.4,337321.19233449426,20.0,7855538.68174007,0.0
37.5,351805.95130858663,20.0,8192859.874074564,0.0
37.6,366912.6938618474,20.0,8544665.825383151,0.0
37.7,382668.128313928,20.0,8911578.519244999,0.0
37.800000000000004,399100.10985453014,20.0,9294246.647558928,0.0
37.9,416237.68979064113,20.0,9693346.757413458,0.0
38.0,434111.16690847336,20.0,10109584.4472041,0.0
38.1,452752.14104091364,20.0,10543695.614112573,0.0
38.2,472193.5689351886,20.0,10996447.755153487,0.0
38.300000000000004,492469.8225195183,20.0,11468641.324088676,0.0
38.400000000000006,513616.7496717731,20.0,11961111.146608194,0.0
38.5,535671.7375975691,20.0,12474727.896279968,0.0
38.6,558673.7789298552,20.0,13010399.633877538,0.0
38.7,582663.5406668524,20.0,13569073.412807394,0.0
38.800000000000004,607683.436070227,20.0,14151736.953474246,0.0
38.900000000000006,633777.6996506103,20.0,14759420.389544472,0.0
39.0,660992.4653730397,20.0,15393198.089195082,0.0
39.1,689375.8482205826,20.0,16054190.554568121,0.0
39.2,718978.0292603492,20.0,16743566.402788704,0.0
39.300000000000004,749851.3443622867,20.0,17462544.432049055,0.0
39.400000000000006,782050.3767276072,20.0,18212395.77641134,0.0
39.5,815632.053390438,20.0,18994446.153138947,0.0
39.6,850655.7458633061,20.0,19810078.206529386,0.0
39.7,887183.3751043959,20.0,20660733.952392694,0.0
39.800000000000004,925279.5209921587,20.0,21547917.32749709,0.0
39.900000000000006,965011.5365008224,20.0,22473196.84848925,0.0
40.0,1006449.666778662,20.0,23438208.384990074,0.0
40.1,1049667.1733395557,20.0,24444658.051768735,0.0
40.2,1094740.4635873963,20.0,25494325.225108292,0.0
40.300000000000004,1141749.2259023518,20.0,26589065.688695688,0.0
40.400000000000006,1190776.5705278052,20.0,27730814.91459804,0.0
40.5,1241909.1765070583,20.0,28921591.485125847,0.0
40.6,1295237.4449295779,20.0,30163500.661632907,0.0
40.7,1350855.6587577213,20.0,31458738.106562484,0.0
40.800000000000004,1408862.1495165098,20.0,32809593.765320204,0.0
40.900000000000006,1469359.471141154,20.0,34218455.91483671,0.0
41.0,1532454.5812896872,20.0,35687815.385977864,0.0
41.1,1598259.0304412649,20.0,37220269.96726755,0.0
41.2,1666889.159114449,20.0,38818528.99770881,0.0
41.300000000000004,1738466.303554156,20.0,40485418.15682326,0.0
41.400000000000006,1813117.0102509148,20.0,42223884.46037742,0.0
41.5,1890973.2596717014,20.0,44037001.470628336,0.0
41.6,1972172.6995978998,20.0,45927974.73030004,0.0
41.7,2056858.8884829243,20.0,47900147.42989794,0.0
41.800000000000004,2145181.5492597525,20.0,49957006.31838086,0.0
41.900000000000006,2237296.834047094,20.0,52102187.867640615,0.0
42.0,2333367.600222191,20.0,54339484.70168771,0.0
42.1,2433563.6983483345,20.0,56672852.3019099,0.0
42.2,2538062.272466151,20.0,59106416.00025824,0.0
42.300000000000004,2647048.0732795615,20.0,61644478.27272439,0.0
42.400000000000006,2760713.7847901196,20.0,64291526.34600395,0.0
42.5,2879260.3649572087,20.0,67052240.13079407,0.0
42.6,3002897.4009863785,20.0,69931500.49575128,0.0
42.7,3131843.479873958,20.0,72934397.89673765,0.0
42.800000000000004,3266326.5748630604,20.0,76066241.3766116,0.0
42.900000000000006,3406584.4484942215,20.0,79332567.95147467,0.0
43.0,3552865.072963259,20.0,82739152.39996889,0.0
43.1,3705427.068529529,20.0,86292017.47293214,0.0
43.2,3864540.160749675,20.0,89997444.54146168,0.0
43.300000000000004,4030485.6573452502,20.0,93861984.70221135,0.0
43.400000000000006,4203556.945547299,20.0,97892470.3595566,0.0
43.5,4384060.010797191,20.0,102096027.3051039,0.0
43.6,4572313.977720752,20.0,106480087.31590109,0.0
43.7,4768651.674332132,20.0,111052401.29362184,0.0
43.800000000000004,4973420.22046489,20.0,115821052.96795397,0.0
43.900000000000006,5186981.641470648,20.0,120794473.18841885,0.0
44.0,5409713.508270294,20.0,125981454.8298895,0.0
44.1,5642009.604889344,20.0,131391168.3381598,0.0
44.2,5884280.624657643,20.0,137033177.94304913,0.0
44.300000000000004,6136954.896304263,20.0,142917458.56770676,0.0
44.400000000000006,6400479.141231324,20.0,149054413.464011,0.0
44.5,6675319.263305566,20.0,155454892.60524234,0.0
44.6,6961961.1725640185,20.0,162130211.86854792,0.0
44.7,7260911.644290035,20.0,169092173.04111195,0.0
44.800000000000004,7572699.214978539,20.0,176353084.68540198,0.0
44.900000000000006,7897875.116774514,20.0,183925783.90038052,0.0
45.0,8237014.252036791,20.0,191823659.01715505,0.0
45.1,8590716.209750155,20.0,200060673.26919183,0.0
45.2,8959606.325582746,20.0,208651389.47894198,0.0
45.300000000000004,9344336.787462916,20.0,217610995.80452472,0.0
45.400000000000006,9745587.788630161,20.0,226955332.59198764,0.0
45.5,10164068.730198713,20.0,236700920.3806178,0.0
45.6,10600519.475359863,20.0,246864989.1108165,0.0
45.7,11055711.657440437,20.0,257465508.58617637,0.0
45.800000000000004,11530450.044130031,20.0,268521220.2436168,0.0
45.900000000000006,12025573.960288906,20.0,280051670.28774685,0.0
46.0,12541958.771852061,20.0,292077244.2480357,0.0
46.1,13080517.433452949,20.0,304619203.0198878,0.0
46.2,13642202.102503031,20.0,317699720.45334077,0.0
46.300000000000004,14228005.822580792,20.0,331341922.55584383,0.0
46.400000000000006,14838964.279106416,20.0,345569928.37842464,0.0
46.5,15476157.630406104,20.0,360408892.6575311,0.0
46.6,16140712.417403309,20.0,375885050.28793716,0.0
46.7,16833803.555313174,20.0,392025762.70534045,0.0
46.800000000000004,17556656.410861425,20.0,408859566.2606536,0.0
46.900000000000006,18310548.96870021,20.0,426416222.67151505,0.0
47.0,19096814.090851024,20.0,444726771.6402153,0.0
47.1,19916841.873169348,20.0,463823585.7310663,0.0
47.2,20772082.102997232,20.0,483740427.60423565,0.0
47.300000000000004,21664046.8223488,20.0,504512509.7072329,0.0
47.400000000000006,22594313.001160376,20.0,526176556.52958167,0.0
47.5,23564525.325331457,20.0,548770869.530742,0.0
47.6,24576399.104485705,20.0,572335394.8560735,0.0
47.7,25631723.30459281,20.0,596911793.9605592,0.0
47.800000000000004,26732363.710812815,20.0,622543517.2651521,0.0
47.900000000000006,27880266.226154722,20.0,649275880.9759649,0.0
48.0,29077460.31178135,20.0,677156147.2021196,0.0
48.1,30326062.57504277,20.0,706233607.513901,0.0
48.2,31628280.51158188,20.0,736559670.0889437,0.0
48.300000000000004,32986416.408128094,20.0,768187950.6005256,0.0
48.400000000000006,34402871.41287913,20.0,801174367.0086538,0.0
48.5,35880149.78066726,20.0,835577238.4215329,0.0
48.6,37420863.300415345,20.0,871457388.2022002,0.0
48.7,39027735.912710294,20.0,908878251.5026156,0.0
48.800000000000004,40703608.52565768,20.0,947905987.4153259,0.0
48.900000000000006,42451444.037531845,20.0,988609595.9409835,0.0
49.0,44274332.57510132,20.0,1031061039.9785154,0.0
49.1,46175496.956890956,20.0,1075335372.5536168,0.0
49.2,48158298.39103941,20.0,1121510869.5105078,0.0
49.300000000000004,50226242.41782594,20.0,1169669167.9015472,0.0
49.400000000000006,52382985.10737248,20.0,1219895410.3193731,0.0
49.5,54632339.52347855,20.0,1272278395.4267457,0.0
49.6,56978282.46501678,20.0,1326910734.9502242,0.0
49.7,59424961.49680771,20.0,1383889017.415241,0.0
49.800000000000004,61976702.28240424,20.0,1443313978.9120488,0.0
49.900000000000006,64638016.231749915,20.0,1505290681.194453,0.0
50.0,67413608.47723192,20.0,1569928697.426203,0.0
50.1,70308386.19223018,20.0,1637342305.903435,0.0
50.2,73327467.26686954,20.0,1707650692.0956652,0.0
50.300000000000004,76476189.35631368,20.0,1780978159.3625348,0.0
50.400000000000006,79760119.31759757,20.0,1857454348.7188485,0.0
50.5,83185063.051683,20.0,1937214468.036446,0.0
50.6,86757075.76813719,20.0,2020399531.088129,0.0
50.7,90482472.69058259,20.0,2107156606.8562663,0.0
50.800000000000004,94367840.22184446,20.0,2197639079.546849,0.0
50.900000000000006,98420047.5885362,20.0,2292006919.7686934,0.0
51.0,102646258.98566955,20.0,2390426967.3572297,0.0
51.1,107053946.24276114,20.0,2493073226.3428993,0.0
51.2,111650902.0338286,20.0,2600127172.5856605,0.0
51.300000000000004,116445253.65463138,20.0,2711778074.619489,0.0
51.400000000000006,121445477.39151369,20.0,2828223328.2741203,0.0
51.5,126660413.50725377,20.0,2949668805.665634,0.0
51.6,132099281.87041363,20.0,3076329219.172888,0.0
51.7,137771698.25582188,20.0,3208428501.0433016,0.0
51.800000000000004,143687691.34500822,20.0,3346200199.2991233,0.0
51.900000000000006,149857720.45664608,20.0,3489887890.6441317,0.0
52.0,156292694.03835028,20.0,3639745611.1007776,0.0
52.1,163003988.9525227,20.0,3796038305.1391277,0.0
52.2,170003470.59034288,20.0,3959042294.0916505,0.0
52.300000000000004,177303513.84946457,20.0,4129045764.6819935,0.0
52.400000000000006,184917025.01250607,20.0,4306349278.531458,0.0
52.5,192857464.5650152,20.0,4491266303.543964,0.0
52.6,201138870.99325028,20.0,4684123768.108979,0.0
52.7,209775885.60385102,20.0,4885262639.102229,0.0
52.800000000000004,218783778.40927982,20.0,5095038524.70608,0.0
52.900000000000006,228178475.1247983,20.0,5313822303.11536,0.0
53.0,237976585.32470897,20.0,5542000778.240158,0.0
53.1,248195431.80764145,20.0,5779977363.564867,0.0
53.2,258853081.22280046,20.0,6028172795.372508,0.0
53.300000000000004,269968376.01132184,20.0,6287025876.595308,0.0
53.400000000000006,281560967.719208,20.0,6556994252.60663,0.0
53.5,293651351.7407395,20.0,6838555220.325838,0.0
53.6,306260903.5537878,20.0,7132206572.066578,0.0
53.7,319411916.5110924,20.0,7438467475.620366,0.0
53.800000000000004,333127641.25431657,20.0,7757879392.131458,0.0
53.900000000000006,347432326.8205642,20.0,8091007033.385775,0.0
54.0,362351263.5140337,20.0,8438439360.206339,0.0
54.1,377910827.6186038,20.0,8800790623.720373,0.0
54.2,394138528.03040355,20.0,9178701451.338978,0.0
54.300000000000004,411063054.8928095,20.0,9572839979.36938,0.0
54.400000000000006,428714330.31985766,20.0,9983903034.26219,0.0
54.5,447123561.2977465,20.0,10412617364.582048,0.0
54.6,466323294.85795957,20.0,10859740925.879795,0.0
54.7,486347475.619553,20.0,11326064220.737755,0.0
54.800000000000004,507231505.8023407,20.0,11812411696.357307,0.0
54.900000000000006,529012307.8170783,20.0,12319643202.159649,0.0
55.0,551728389.5433054,20.0,12848655509.976727,0.0
55.1,575419912.4102536,20.0,13400383899.520031,0.0
55.2,600128762.4011872,20.0,13975803811.930285,0.0
55.300000000000004,625898624.1067088,20.0,14575932574.331472,0.0
55.400000000000006,652775057.9579555,20.0,15201831198.43818,0.0
55.5,680805580.7762316,20.0,15854606256.396137,0.0
55.6,710039749.7814865,20.0,16535411837.172369,0.0
55.7,740529250.2081633,20.0,17245451586.953857,0.0
55.800000000000004,772327986.683321,20.0,17985980837.16202,0.0
55.900000000000006,805492178.5285838,20.0,18758308823.845345,0.0
56.0,840080459.154408,20.0,19563801002.373928,0.0
56.1,876153979.7223955,20.0,20403881461.528336,0.0
56.2,913776517.258923,20.0,21280035441.250732,0.0
56.300000000000004,953014587.411231,20.0,22193811958.509655,0.0
56.400000000000006,993937562.0453218,20.0,23146826545.920887,0.0
56.5,1036617791.8935763,20.0,24140764107.96621,0.0
56.6,1081130734.4689274,20.0,25177381899.859787,0.0
56.7,1127555087.471739,20.0,26258512634.328712,0.0
56.800000000000004,1175972927.9252505,20.0,27386067721.800453,0.0
56.900000000000006,1226469857.2855737,20.0,28562040649.725704,0.0
57.0,1279135152.7827945,20.0,29788510507.011276,0.0
57.1,1334061925.2607446,20.0,31067645659.79407,0.0
57.2,1391347283.7945004,20.0,32401707585.054817,0.0
57.300000000000004,1451092507.3766494,20.0,33793054868.84932,0.0
57.400000000000006,1513403223.975859,20.0,35244147376.22597,0.0
57.5,1578389597.28432,20.0,36757550600.20183,0.0
57.6,1646166521.4842296,20.0,38335940197.486145,0.0
57.7,1716853824.377653,20.0,39982106718.970375,0.0
57.800000000000004,1790576479.2388964,20.0,41698960543.34803,0.0
57.900000000000006,1867464825.7639365,20.0,43489537022.58693,0.0
58.0,1947654800.5075421,20.0,45357001848.35087,0.0
58.1,2031288177.2154925,20.0,47304656648.85841,0.0
58.2,2118512817.476795,20.0,49335944826.073906,0.0
58.300000000000004,2209482932.1390476,20.0,51454457643.5507,0.0
58.400000000000006,2304359353.949123,20.0,53663940575.68974,0.0
58.5,2403309821.9011927,20.0,55968299929.63886,0.0
58.6,2506509277.7948146,20.0,58371609751.540054,0.0
58.7,2614140175.5273895,20.0,60878119029.33487,0.0
58.800000000000004,2726392803.6678057,20.0,63492259204.86226,0.0
58.900000000000006,2843465621.8815746,20.0,66218652008.53007,0.0
59.0,2965565611.802251,20.0,69062117630.41164,0.0
59.1,3092908642.9694624,20.0,72027683242.21388,0.0
59.2,3225719854.480523,20.0,75120591885.18335,0.0
59.300000000000004,3364234053.0303802,20.0,78346311739.66388,0.0
59.400000000000006,3508696128.0436134,20.0,81710545792.69426,0.0
59.5,3659361484.6324344,20.0,85219241920.73787,0.0
59.6,3816496495.1461434,20.0,88878603405.3703,0.0
59.7,3980378970.1103683,20.0,92695099900.51645,0.0
59.800000000000004,4151298649.3886957,20.0,96675478870.62682,0.0
59.900000000000006,4329557714.435056,20.0,100826777520.01552,0.0
60.0,4515471322.542509,20.0,105156335234.45058,0.0
60.1,4709368164.0329685,20.0,109671806556.99309,0.0
60.2,4911591043.372963,20.0,114381174721.02606,0.0
60.300000000000004,5122497485.242827,20.0,119292765764.39902,0.0
60.400000000000006,5342460366.630844,20.0,124415263249.64185,0.0
60.5,5571868576.069857,20.0,129757723616.27269,0.0
60.6,5811127701.181867,20.0,135329592192.34254,0.0
60.7,6060660745.746181,20.0,141140719893.5244,0.0
60.800000000000004,6320908877.558856,20.0,147201380639.2706,0.0
60.900000000000006,6592332208.405651,20.0,153522289516.82947,0.0
61.0,6875410607.527441,20.0,160114621725.2351,0.0
61.1,7170644550.016293,20.0,166990032332.76254,0.0
61.2,7478556001.642138,20.0,174160676882.77884,0.0
61.300000000000004,7799689341.674391,20.0,181639232884.421,0.0
61.400000000000006,8134612325.330043,20.0,189438922226.09537,0.0
61.5,8483917087.549804,20.0,197573534551.4254,0.0
61.6,8848221189.876957,20.0,206057451638.97522,0.0
61.7,9228168712.289762,20.0,214905672828.85217,0.0
61.800000000000004,9624431391.917759,20.0,224133841541.14194,0.0
61.900000000000006,10037709810.655169,20.0,233758272933.0597,0.0
62.0,10468734633.771076,20.0,243795982743.71487,0.0
62.1,10918267901.706228,20.0,254264717377.48596,0.0
62.2,11387104377.34029,20.0,265182985279.1922,0.0
62.300000000000004,11876072951.111513,20.0,276570089656.5325,0.0
62.400000000000006,12386038106.473017,20.0,288446162607.644,0.0
62.5,12917901448.276575,20.0,300832200714.117,0.0
62.6,13472603296.786053,20.0,313750102162.39355,0.0
62.7,14051124350.138659,20.0,327222705459.1796,0.0
62.800000000000004,14654487418.193207,20.0,341273829809.3183,0.0
62.900000000000006,15283759230.83079,20.0,355928317227.5115,0.0
63.0,15940052323.904875,20.0,371212076458.3423,0.0
63.1,16624527006.17515,20.0,387152128782.24713,0.0
63.2,17338393410.702595,20.0,403776655788.4223,0.0
63.300000000000004,18082913634.332603,20.0,421115049199.1249,0.0
63.400000000000006,18859403969.048676,20.0,439197962833.45746,0.0
63.5,19669237229.141705,20.0,458057366802.5061,0.0
63.6,20513845178.309174,20.0,477726604031.6478,0.0
63.7,21394721060.975353,20.0,498240449209.95703,0.0
63.800000000000004,22313422242.30779,20.0,519635170270.9324,0.0
63.900000000000006,23271572961.597565,20.0,541948592513.2402,0.0
64.0,24270867203.871223,20.0,565220165474.8378,0.0
64.10000000000001,25313071694.81132,20.0,589491032678.709,0.0
64.2,26400029024.280502,20.0,614804104373.5203,0.0
64.3,27533660903.971455,20.0,641204133397.8008,0.0
64.4,28715971564.942142,20.0,668737794301.7722,0.0
64.5,29949051301.043095,20.0,697453765866.7144,0.0
64.60000000000001,31235080164.50142,20.0,727402817167.7574,0.0
64.7,32576331820.195248,20.0,758637897332.2589,0.0
64.8,33975177565.432854,20.0,791214229152.4541,0.0
64.9,35434090522.34333,20.0,825189406717.887,0.0
65.0,36955650010.29083,20.0,860623497240.2303,0.0
65.10000000000001,38542546106.04271,20.0,897579147250.5212,0.0
65.2,40197584399.7538,20.0,936121693356.564,0.0
65.3,41923690955.17531,20.0,976319277756.3177,0.0
65.4,43723917482.85782,20.0,1018242968711.493,0.0
65.5,45601446735.49451,20.0,1061966886194.3508,0.0
65.60000000000001,47559598134.943375,20.0,1107568332929.8452,0.0
65.7,49601833640.87694,20.0,1155127931064.7886,0.0
65.8,51731763871.435,20.0,1204729764705.6655,0.0
65.9,53953154486.70163,20.0,1256461528577.1006,0.0
66.0,56269932846.2922,20.0,1310414683063.8022,0.0
66.10000000000001,58686194952.82086,20.0,1366684615910.0945,0.0
66.2,61206212693.52443,20.0,1425370810862.9153,0.0
66.3,63834441392.84554,20.0,1486577023556.4397,0.0
66.4,66575527689.327965,20.0,1550411464949.2852,0.0
66.5,69434317750.75014,20.0,1616986992638.613,0.0
66.60000000000001,72415865842.0211,20.0,1686421310389.3633,0.0
66.7,75525443260.98666,20.0,1758837176231.3843,0.0
66.8,78768547657.94397,20.0,1834362619492.3708,0.0
66.9,82150912755.34125,20.0,1913131167150.315,0.0
67.0,85678518484.8468,20.0,1995282079905.6562,0.0
67.10000000000001,89357601559.70944,20.0,2080960598390.503,0.0
67.2,93194666501.10185,20.0,2170318199950.2124,0.0
67.3,97196497137.94127,20.0,2263512866451.3145,0.0
67.4,101370168600.5189,20.0,2360709363589.256,0.0
67.5,105723059829.14235,20.0,2462079532189.775,0.0
67.60000000000001,110262866619.90614,20.0,2567802592018.9175,0.0
67.7,114997615230.65483,20.0,2678065458638.8237,0.0
67.8,119935676571.19373,20.0,2793063073869.4785,0.0
67.9,125085781002.83513,20.0,2912998750440.6724,0.0
68.0,130457033773.44527,20.0,3038084531443.5073,0.0
68.10000000000001,136058931115.28076,20.0,3168541565216.9526,0.0
68.2,141901377034.075,20.0,3304600496332.2334,0.0
68.3,147994700819.05737,20.0,3446501873366.3086,0.0
68.4,154349675304.86215,20.0,3594496574185.366,0.0
68.5,160977535917.6142,20.0,3748846249490.2285,0.0
68.60000000000001,167890000538.86383,20.0,3909823785407.843,0.0
68.7,175099290222.4904,20.0,4077713785946.7065,0.0
68.8,182618150801.2008,20.0,4252813076169.197,0.0
68.9,190459875420.8234,20.0,4435431226970.397,0.0
69.0,198638328042.23663,20.0,4625891102391.221,0.0
69.10000000000001,207167967952.4839,20.0,4824529430433.457,0.0
69.2,216063875328.4088,20.0,5031697398385.941,0.0
69.3,225341777898.00763,20.0,5247761273714.351,0.0
69.4,235018078746.63452,20.0,5473103051612.358,0.0
69.5,245109885317.22086,20.0,5708121130358.993,0.0
69.60000000000001,255635039655.78006,20.0,5953231015676.214,0.0
69.7,266612149955.67114,20.0,6208866055331.994,0.0
69.8,278060623456.3904,20.0,6475478205287.665,0.0
69.9,290000700755.0553,20.0,6753538828744.056,0.0
70.0,302453491591.2429,20.0,7043539529499.111,0.0
70.10000000000001,315441012168.44867,20.0,7345993021090.3545,0.0
70.2,328986224078.14966,20.0,7661434033258.803,0.0
70.3,343113074895.2883,20.0,7990420257336.952,0.0
70.4,357846540516.9493,20.0,8333533332232.24,0.0
70.5,373212669319.0819,20.0,8691379872749.189,0.0
70.60000000000001,389238628209.33734,20.0,9064592542068.271,0.0
70.7,405952750657.43964,20.0,9453831170277.61,0.0
70.8,423384586788.008,20.0,9859783920935.049,0.0
70.9,441564955624.39215,20.0,10283168507723.057,0.0
71.0,460525999575.8874,20.0,10724733463347.45,0.0
71.10000000000001,480301241264.66034,20.0,11185259462923.336,0.0
71.2,500925642792.85504,20.0,11665560704187.996,0.0
71.3,522435667554.66077,20.0,12166486346980.852,0.0
71.4,544869344702.62476,20.0,12688922014535.512,0.0
71.5,568266336382.1841,20.0,13233791359238.137,0.0
71.60000000000001,592668007853.2852,20.0,13802057695620.32,0.0
71.7,618117500623.0653,20.0,14394725703473.605,0.0
71.8,644659808718.8912,20.0,15012843204096.67,0.0
71.9,672341858236.6047,20.0,15657503012815.56,0.0
72.0,701212590304.614,20.0,16329844871052.166,0.0
72.10000000000001,731323047610.5088,20.0,17031057461356.78,0.0
72.2,762726464643.1766,20.0,17762380508967.29,0.0
72.3,795478361809.9656,20.0,18525106973610.465,0.0
72.4,829636643595.2898,20.0,19320585335420.43,0.0
72.5,865261700934.2202,20.0,20150221979015.72,0.0
72.60000000000001,902416517982.0543,20.0,21015483679949.938,0.0
72.7,941166783468.6295,20.0,21917900197931.992,0.0
72.8,981581006834.2535,20.0,22859066981400.62,0.0
72.9,1023730639352.5753,20.0,23840647988234.875,0.0
73.0,1067690200454.5393,20.0,24864378627587.45,0.0
73.10000000000001,1113537409476.7603,20.0,25932068828041.99,0.0
73.2,1161353323067.2468,20.0,27045606237518.75,0.0
73.3,1211222478491.402,20.0,28206959560585.996,0.0
73.4,1263233043091.6646,20.0,29418182039077.4,0.0
73.5,1317476970165.027,20.0,30681415082169.062,0.0
73.60000000000001,1374050161534.0251,20.0,31998892052334.09,0.0
73.7,1433052637098.6113,20.0,33372942213868.117,0.0
73.8,1494588711668.6829,20.0,34805994850966.727,0.0
73.9,1558767179389.895,20.0,36300583562635.41,0.0
74.0,1625701506088.8215,20.0,37859350742025.305,0.0
74.10000000000001,1695510029877.5227,20.0,39485052248114.125,0.0
74.2,1768316170372.1846,20.0,41180562277991.65,0.0
74.3,1844248646895.7236,20.0,42948878448363.836,0.0
74.4,1923441706050.1301,20.0,44793127095259.56,0.0
74.5,2006035359060.8965,20.0,46716568801309.695,0.0
74.60000000000001,2092175629313.1448,20.0,48722604160370.59,0.0
74.7,2182014810517.0942,20.0,50814779789683.74,0.0
74.8,2275711735959.297,20.0,52996794600200.836,0.0
74.9,2373432059315.669,20.0,55272506336160.13,0.0
75.0,2475348547522.792,20.0,57645938395475.805,0.0
75.10000000000001,2581641386225.268,20.0,60121286942998.59,0.0
75.2,2692498498339.1543,20.0,62702928329223.86,0.0
75.3,2808115876294.6875,20.0,65395426827563.016,0.0
75.4,2928697928545.697,20.0,68203542703857.7,0.0
75.5,3054457840958.3213,20.0,71132240632403.4,0.0
75.60000000000001,3185617953717.9595,20.0,74186698473361.73,0.0
75.7,3322410154420.813,20.0,77372316427079.69,0.0
75.8,3465076288044.9985,20.0,80694726581500.5,0.0
75.9,3613868584526.046,20.0,84159802869545.5,0.0
76.0,3769050104692.7266,20.0,87773671454071.55,0.0
76.10000000000001,3930895205351.613,20.0,91542721558764.28,0.0
76.2,4099690024342.6255,20.0,95473616764115.89,0.0
76.3,4275732986423.1357,20.0,99573306788458.52,0.0
76.4,4459335330875.012,20.0,103849039774881.66,0.0
76.5,4650821661767.403,20.0,108308375105756.67,0.0
76.60000000000001,4850530521848.116,20.0,112959196767524.08,0.0
76.7,5058814991078.198,20.0,117809727289372.19,0.0
76.80000000000001,5276043310867.936,20.0,122868542280450.39,0.0
76.9,5502599535117.886,20.0,128144585591318.33,0.0
77.0,5738884209215.977,20.0,133647185126436.22,0.0
77.10000000000001,5985315078191.111,20.0,139386069335652.19,0.0
77.2,6242327825275.29,20.0,145371384413843.3,0.0
77.30000000000001,6510376842179.991,20.0,151613712239118.6,0.0
77.4,6789936032448.65,20.0,158124089081298.6,0.0
77.5,7081499649305.54,20.0,164914025113747.25,0.0
77.60000000000001,7385583169482.346,20.0,171995524763052.78,0.0
77.7,7702724204567.337,20.0,179381107932535.12,0.0
77.80000000000001,8033483451488.379,20.0,187083832137102.47,0.0
77.9,8378445683810.21,20.0,195117315588590.84,0.0
78.0,8738220785598.575,20.0,203495761272401.06,0.0
78.10000000000001,9113444829679.059,20.0,212233982057999.62,0.0
78.2,9504781202196.945,20.0,221347426887678.7,0.0
78.30000000000001,9912921775466.312,20.0,230852208089875.62,0.0
78.4,10338588131181.902,20.0,240765129865341.94,0.0
78.5,10782532836156.398,20.0,251103717996523.84,0.0
78.60000000000001,11245540772838.564,20.0,261886250832680.25,0.0
78.7,11728430526964.57,20.0,273131791605518.8,0.0
78.80000000000001,12232055834795.836,20.0,284860222132483.4,0.0
78.9,12757307092502.064,20.0,297092277967279.2,0.0
79.0,13305112930358.031,20.0,309849585059781.25,0.0
79.10000000000001,13876441854537.244,20.0,323154697990139.25,0.0
79.2,14472303959405.139,20.0,337031139844676.5,0.0
79.30000000000001,15093752713339.09,20.0,351503443804081.6,0.0
79.4,15741886821232.531,20.0,366597196517420.7,0.0
79.5,16417852166976.027,20.0,382339083338653.25,0.0
79.60000000000001,17122843839349.557,20.0,398756935505629.25,0.0
79.7,17858108244907.742,20.0,415879779344978.8,0.0
79.80000000000001,18624945311593.543,20.0,433737887589886.56,0.0
79.9,19424710786976.33,20.0,452362832901480.1,0.0
80.0,20258818635177.58,20.0,471787543688456.44,0.0
80.10000000000001,21128743536721.9,20.0,492046362323634.0,0.0
80.2,22036023495733.04,20.0,513175105860355.9,0.0
80.30000000000001,22982262559084.32,20.0,535211129356088.94,0.0
80.4,23969133652310.926,20.0,558193391915173.25,0.0
80.5,24998381537297.805,20.0,582162525567484.1,0.0
80.60000000000001,26071825896972.363,20.0,607160907104781.9,0.0
80.7,27191364552455.547,20.0,633232733001754.2,0.0
80.80000000000001,28358976818359.19,20.0,660424097554209.8,0.0
80.9,29576727002161.684,20.0,688783074372569.0,0.0
81.0,30846768053848.766,20.0,718359801374730.6,0.0
81.10000000000001,32171345372271.938,20.0,749206569428579.4,0.0
81.2,33552800774953.996,20.0,781377914800851.2,0.0
81.30000000000001,34993576638360.223,20.0,814930715575805.2,0.0
81.4,36496220215955.11,20.0,849924292214165.5,0.0
81.5,38063388141678.84,20.0,886420512430120.6,0.0
81.60000000000001,39697851126805.57,20.0,924483900571799.5,0.0
81.7,41402498858487.32,20.0,964181751698605.1,0.0
81.80000000000001,43180345108644.19,20.0,1005584250557092.5,0.0
81.9,45034533062233.016,20.0,1048764595665736.8,0.0
82.0,46968340874314.95,20.0,1093799128727969.8,0.0
82.10000000000001,48985187465746.54,20.0,1140767469602284.8,0.0
82.2,51088638567740.98,20.0,1189752657068031.2,0.0
82.30000000000001,53282413025986.23,20.0,1240841295635772.2,0.0
82.4,55570389375465.44,20.0,1294123708661758.5,0.0
82.5,57956612697603.77,20.0,1349694098037224.0,0.0
82.60000000000001,60445301771864.96,20.0,1407650710734827.8,0.0
82.7,63040856534441.35,20.0,1468096012506692.8,0.0
82.80000000000001,65747865857224.25,20.0,1531136869041134.0,0.0
82.9,68571115660807.56,20.0,1596884734898358.2,0.0
83.0,71515597375868.31,20.0,1665455850559165.8,0.0
83.10000000000001,74586516767883.5,20.0,1736971447935034.0,0.0
83.2,77789303140785.27,20.0,1811557964702917.5,0.0
83.30000000000001,81129618935825.98,20.0,1889347267843702.8,0.0
83.4,84613369742624.11,20.0,1970476886779528.8,0.0
83.5,88246714740089.72,20.0,2055090256522153.0,0.0
83.60000000000001,92036077585689.31,20.0,2143336971262242.8,0.0
83.7,95988157772301.56,20.0,2235373048847932.0,0.0
83.80000000000001,100109942472742.88,20.0,2331361206620233.5,0.0
83.9,104408718892903.33,20.0,2431471149092976.5,0.0
84.0,108892087155333.19,20.0,2535879867985880.0,0.0
84.10000000000001,113567973736057.72,20.0,2644771955141213.0,0.0
84.2,118444645478376.33,20.0,2758339928877270.5,0.0
84.30000000000001,123530724208421.95,20.0,2876784574355647.0,0.0
84.4,128835201978320.72,20.0,3000315298564069.0,0.0
84.5,134367456963901.28,20.0,3129150500542389.5,0.0
84.60000000000001,140137270045060.66,20.0,3263517957506291.0,0.0
84.7,146154842098100.12,20.0,3403655227551351.5,0.0
84.80000000000001,152430812030603.6,20.0,3549810069649451.5,0.0
84.9,158976275590743.78,20.0,3702240881680055.0,0.0
85.0,165802804984270.22,20.0,3861217157270799.0,0.0
85.10000000000001,172922469333861.72,20.0,4027019962255069.0,0.0
85.2,180347856017014.78,20.0,4199942431588931.0,0.0
85.30000000000001,188092092920192.72,20.0,4380290287605946.0,0.0
85.4,196168871648580.3,20.0,4568382380526139.0,0.0
85.5,204592471732478.1,20.0,4764551252174719.0,0.0
85.60000000000001,213377785873132.84,20.0,4969143723907197.0,0.0
85.7,222540346272637.78,20.0,5182521509780330.0,0.0
85.80000000000001,232096352094453.4,20.0,5405061856052968.0,0.0
85.9,242062698103098.34,20.0,5637158208147421.0,0.0
86.0,252457004533644.3,20.0,5879220906250519.0,0.0
86.10000000000001,263297648243823.8,20.0,6131677910784163.0,0.0
86.2,274603795203826.56,20.0,6394975559027987.0,0.0
86.30000000000001,286395434381225.8,20.0,6669579354231814.0,0.0
86.4,298693413080942.2,20.0,6955974788613040.0,0.0
86.5,311519473802725.2,20.0,7254668201693982.0,0.0
86.60000000000001,324896292681315.2,20.0,7566187675496707.0,0.0
86.7,338847519577247.7,20.0,7891083968178022.0,0.0
86.80000000000001,353397819889178.56,20.0,8229931487755270.0,0.0
86.9,368572918161653.75,20.0,8583329307644449.0,0.0
87.0,384399643565421.06,20.0,8951902225806103.0,0.0
87.10000000000001,400905977330691.5,20.0,9336301869371524.0,0.0
87.2,418121102217211.06,20.0,9737207846702216.0,0.0
87.30000000000001,436075454108605.2,20.0,1.0155328948919428e+16,0.0
87.4,454800775822212.56,20.0,1.0591404403028034e+16,0.0
87.5,474330173229543.25,20.0,1.1046205178850246e+16,0.0
87.60000000000001,494698173786580.44,20.0,1.152053535207979e+16,0.0
87.7,515940787577405.5,20.0,1.201523352586637e+16,0.0
87.80000000000001,538095570979070.56,20.0,1.2531174313443776e+16,0.0
87.9,561201693060275.56,20.0,1.3069269884422846e+16,0.0
88.0,585300004831241.6,20.0,1.3630471577483122e+16,0.0
88.10000000000001,610433111467212.4,20.0,1.4215771582314364e+16,0.0
88.2,636645447633272.0,20.0,1.4826204693781576e+16,0.0
88.30000000000001,663983356043653.5,20.0,1.5462850141414848e+16,0.0
88.4,692495169394426.5,20.0,1.6126833497458502e+16,0.0
88.5,722231295814420.2,20.0,1.6819328666852928e+16,0.0
88.60000000000001,753244307985457.0,20.0,1.7541559962667348e+16,0.0
88.7,785589036089457.1,20.0,1.8294804270652804e+16,0.0
88.80000000000001,819322664746744.8,20.0,1.908039330674226e+16,0.0
88.9,854504834116938.0,20.0,1.9899715971489004e+16,0.0
89.0,891197745341166.9,20.0,2.0754220805605944e+16,0.0
89.10000000000001,929466270512039.5,20.0,2.164541855094711e+16,0.0
89.2,969378067365778.8,20.0,2.257488482145915e+16,0.0
89.30000000000001,1011003698899303.2,20.0,2.3544262888824932e+16,0.0
89.4,1054416758123731.9,20.0,2.4555266587724236e+16,0.0
89.5,1099693998174873.2,20.0,2.560968334584797e+16,0.0
89.60000000000001,1146915468010731.5,20.0,2.670937734402284e+16,0.0
89.7,1196164653935937.8,20.0,2.7856292812033572e+16,0.0
89.80000000000001,1247528627203320.5,20.0,2.9052457465969508e+16,0.0
89.9,1301098197953567.8,20.0,3.0299986093172828e+16,0.0
90.0,1356968075765143.8,20.0,3.1601084291126396e+16,0.0
90.10000000000001,1415237037098309.5,20.0,3.295805236689154e+16,0.0
90.2,1476008099929280.5,20.0,3.437328940398985e+16,0.0
90.30000000000001,1539388705883273.5,20.0,3.584929750391913e+16,0.0
90.4,1605490910188446.2,20.0,3.73886862098024e+16,0.0
90.5,1674431579786565.0,20.0,3.899417711999085e+16,0.0
90.60000000000001,1746332599950654.2,20.0,4.0668608699777416e+16,0.0
90.7,1821321089774922.8,20.0,4.241494129972807e+16,0.0
90.80000000000001,1899529626917945.5,20.0,4.423626238950299e+16,0.0
90.9,1981096481996444.0,20.0,4.6135792016420936e+16,0.0
91.0,2066165863044064.8,20.0,4.811688849841738e+16,0.0
91.10000000000001,2154888170467352.0,20.0,5.018305436146144e+16,0.0
91.2,2247420262949673.8,20.0,5.233794253192879e+16,0.0
91.30000000000001,2343925734773207.5,20.0,5.458536279487846e+16,0.0
91.4,2444575205049286.5,20.0,5.692928852965167e+16,0.0
91.5,2549546619368458.5,20.0,5.937386373470096e+16,0.0
91.60000000000001,2659025564403563.5,20.0,6.1923410354069416e+16,0.0
91.7,2773205596022042.5,20.0,6.458243591847298e+16,0.0
91.80000000000001,2892288581487571.5,20.0,6.7355641514495016e+16,0.0
91.9,3016485056356022.5,20.0,7.024793009598259e+16,0.0
92.0,3146014596696736.0,20.0,7.326441515233861e+16,0.0
92.10000000000001,3281106207297179.0,20.0,7.641042974903534e+16,0.0
92.2,3421998726537329.0,20.0,7.969153595633253e+16,0.0
92.30000000000001,3568941248649586.0,20.0,8.311353468286986e+16,0.0
92.4,3722193564110761.0,20.0,8.668247593151944e+16,0.0
92.5,3882026618944739.5,20.0,9.04046694956302e+16,0.0
92.60000000000001,4048722993747857.0,20.0,9.428669611457494e+16,0.0
92.7,4222577403283888.0,20.0,9.83354191083228e+16,0.0
92.80000000000001,4403897217531922.5,20.0,1.0255799651160669e+17,0.0
92.9,4593003005108326.0,20.0,1.0696189372913861e+17,0.0
93.0,4790229100023540.0,20.0,1.1155489673424693e+17,0.0
93.10000000000001,4995924192775734.0,20.0,1.1634512583427046e+17,0.0
93.2,5210451946826346.0,20.0,1.2134105002704619e+17,0.0
93.30000000000001,5434191641547425.0,20.0,1.2655150197387254e+17,0.0
93.4,5667538842777488.0,20.0,1.3198569361541997e+17,0.0
93.5,5910906102171417.0,20.0,1.3765323245819746e+17,0.0
93.60000000000001,6164723686580831.0,20.0,1.4356413856036888e+17,0.0
93.7,6429440338754452.0,20.0,1.497288622469497e+17,0.0
93.80000000000001,6705524070703367.0,20.0,1.5615830258570416e+17,0.0
93.9,6993462991133836.0,20.0,1.6286382665640752e+17,0.0
94.0,7293766168410522.0,20.0,1.6985728964754134e+17,0.0
94.10000000000001,7606964530575840.0,20.0,1.7715105581595187e+17,0.0
94.2,7933611804016636.0,20.0,1.847580203465277e+17,0.0
94.30000000000001,8274285492437735.0,20.0,1.9269163215054435e+17,0.0
94.4,8629587897873155.0,20.0,2.0096591764298208e+17,0.0
94.5,9000147185540107.0,20.0,2.0959550554085523e+17,0.0
94.60000000000001,9386618494418418.0,20.0,2.1859565272639533e+17,0.0
94.7,9789685095518846.0,20.0,2.2798227122081376e+17,0.0
94.80000000000001,1.0210059599888088e+16,20.0,2.377719563163326e+17,0.0
94.9,1.0648485218486182e+16,20.0,2.479820159162207e+17,0.0
95.0,1.1105737076163744e+16,20.0,2.5863050113470688e+17,0.0
95.10000000000001,1.1582623582062126e+16,20.0,2.6973623821087062e+17,0.0
95.2,1.2079987858859306e+16,20.0,2.8131886179293274e+17,0.0
95.30000000000001,1.2598709233388392e+16,20.0,2.9339884965179206e+17,0.0
95.4,1.3139704791264112e+16,20.0,3.059975588851805e+17,0.0
95.5,1.3703930998265826e+16,20.0,3.191372636764446e+17,0.0
95.60000000000001,1.4292385391343622e+16,20.0,3.3284119467471046e+17,0.0
95.7,1.4906108342237156e+16,20.0,3.471335800660541e+17,0.0
95.80000000000001,1.5546184896825256e+16,20.0,3.6203968840829126e+17,0.0
95.9,1.6213746693458222e+16,20.0,3.7758587330511654e+17,0.0
96.0,1.6909973963664374e+16,20.0,3.937996199985748e+17,0.0
