time_h,biomass_gL,maltose_mM,ammonium_mM,PHB_mM
0.0,0.05,20.0,1.0,0.0
0.1,0.05214702771472019,19.995488483467202,1.05,0.0
0.2,0.05438624998959591,19.990783239913778,1.1021470277147203,0.0
0.30000000000000004,0.05672162571014317,19.985875950594078,1.1565332777043162,0.0
0.4,0.059157283758616425,19.98075793955091,1.2132549034144595,0.0
0.5,0.061697530313762745,19.97542015827666,1.272412187173076,0.0
0.6000000000000001,0.0643468564640315,19.969853169715794,1.3341097174868388,0.0
0.7000000000000001,0.06710994614769945,19.964047131580372,1.3984565739508703,0.0
0.8,0.06999168443394926,19.95799177894916,1.4655665200985697,0.0
0.9,0.07299716615954203,19.951676406119518,1.535558204532519,0.0
1.0,0.07613170493635346,19.945089847679995,1.608555370692061,0.0
1.1,0.07940084254569847,19.938220458770186,1.6846870756284145,0.0
1.2000000000000002,0.08281035873605344,19.931056094492927,1.764087918174113,0.0
1.3,0.086366281441498,19.923584088442436,1.8468982769101663,0.0
1.4000000000000001,0.0900748974389424,19.915791230310443,1.9332645583516643,0.0
1.5,0.09394276346298215,19.907663742530726,2.0233394557906066,0.0
1.6,0.09797671779803067,19.899187255920726,2.117282219253589,0.0
1.7000000000000002,0.10218389236822449,19.890346784277224,2.21525893705162,0.0
1.8,0.10657172534647574,19.881126697881125,2.317442829419844,0.0
1.9000000000000001,0.11114797430496437,19.871510695864536,2.4240145547663197,0.0
2.0,0.1159207299303197,19.86148177739126,2.5351625290712843,0.0
2.1,0.1208984303277395,19.851022211599766,2.651083259001604,0.0
2.2,0.126089875939336,19.84011350625551,2.7719816893293436,0.0
2.3000000000000003,0.13150424510308367,19.828736375057133,2.8980715652686797,0.0
2.4000000000000004,0.13715111027987723,19.81687070353882,3.0295758103717634,0.0
2.5,0.14304045497738804,19.804495513508435,3.1667269206516404,0.0
2.6,0.1491826914006408,19.791588925958646,3.3097673756290282,0.0
2.7,0.1555886788605153,19.77812812238542,3.458950067029669,0.0
2.8000000000000003,0.16226974297271982,19.764089304445513,3.6145387458901843,0.0
2.9000000000000004,0.16923769568117883,19.749447651881628,3.7768084888629043,0.0
3.0,0.1765048561412363,19.734177278640864,3.946046184544083,0.0
3.1,0.18408407249959496,19.71825118710886,4.12255104068532,0.0
3.2,0.19198874460949877,19.701641220378725,4.306635113184915,0.0
3.3000000000000003,0.2002328477213174,19.68431801247039,4.4986238577944135,0.0
3.4000000000000004,0.2088309571904177,19.66625093641231,4.698856705515731,0.0
3.5,0.21779827424600515,19.64740805009382,4.907687662706149,0.0
3.6,0.2271506528664932,19.627756039792306,5.1254859369521535,0.0
3.7,0.2369046278089161,19.607260161275445,5.352636589818647,0.0
3.8000000000000003,0.2470774438419404,19.58588417837432,5.589541217627563,0.0
3.9000000000000004,0.25768708623415776,19.563590298918836,5.836618661469503,0.0
4.0,0.26875231255156234,19.540339107922158,6.09430574770366,0.0
4.1000000000000005,0.28029268582042927,19.51608949789608,6.363058060255223,0.0
4.2,0.29232860911422565,19.490798596174056,6.643350746075652,0.0
4.3,0.3048813616257026,19.464421689113482,6.935679355189878,0.0
4.4,0.3179731362879429,19.436912143043156,7.2405607168155806,0.0
4.5,0.3316270790108771,19.408221321816182,7.5585338531035235,0.0
4.6000000000000005,0.3458673296026382,19.378298500822563,7.890160932114401,0.0
4.7,0.36071906444810076,19.347090777309425,8.236028261717038,0.0
4.800000000000001,0.37620854102006096,19.314542976850365,8.59674732616514,0.0
4.9,0.39236314430175134,19.28059755579853,8.9729558671852,0.0
5.0,0.4092114352027637,19.245194499550973,9.365319011486951,0.0
5.1000000000000005,0.4267832010539789,19.20827121644443,9.774530446689715,0.0
5.2,0.4451095082707767,19.169762427094923,10.201313647743694,0.0
5.300000000000001,0.4642227572776334,19.12960004898554,10.646423156014471,0.0
5.4,0.48415673979121143,19.08771307609836,11.110645913292105,0.0
5.5,0.5049466985632175,19.04402745337769,11.594802653083317,0.0
5.6000000000000005,0.5266293896886513,18.9984659458027,12.099749351646535,0.0
5.7,0.5492431475896055,18.950948001837947,12.626378741335186,0.0
5.800000000000001,0.5728279527895062,18.90138961102042,13.175621888924791,0.0
5.9,0.5974255025976161,18.84970315543125,13.748449841714297,0.0
6.0,0.6230792848287705,18.795797254789566,14.345875344311914,0.0
6.1000000000000005,0.6498346546886786,18.73957660489459,14.968954629140685,0.0
6.2,0.6777389149607229,18.68094180913033,15.618789283829363,0.0
6.300000000000001,0.7068413996360241,18.619789202735017,16.296528198790085,0.0
6.4,0.7371935611346272,18.55601066952454,17.003369598426108,0.0
6.5,0.7688490612720136,18.489493450745922,17.740563159560736,0.0
6.6000000000000005,0.8018638661317659,18.420119945722828,18.50941222083275,0.0
6.7,0.8362963450121175,18.347767503940695,19.311276086964515,0.0
6.800000000000001,0.8722073736213217,18.272308208203885,20.147572431976634,0.0
6.9,0.9096604417042874,18.19360864848147,21.019779805597956,0.0
7.0,0.9487217652907617,18.111529686041848,21.929440247302242,0.0
7.1000000000000005,0.9894604037635123,18.02592620745916,22.878162012593005,0.0
7.2,1.031948381953482,17.936646868056602,23.867622416356518,0.0
7.300000000000001,1.0762608174777777,17.84353382433306,24.899570798310002,0.0
7.4,1.1224760535456215,17.746422454899992,25.97583161578778,0.0
7.5,1.1706757974670654,17.64514106943518,27.0983076693334,0.0
7.6000000000000005,1.2209452651093444,17.5395106051388,28.268983466800467,0.0
7.7,1.2733733315562674,17.429344310155162,29.489928731909814,0.0
7.800000000000001,1.3280526882370052,17.314447413400366,30.76330206346608,0.0
7.9,1.3850800068020752,17.19461678021221,32.091354751703086,0.0
8.0,1.444556110036253,17.069640553213507,33.476434758505164,0.0
8.1,1.5065861501105775,16.939297777753854,34.920990868541416,0.0
8.200000000000001,1.5712797944885974,16.803358011267694,36.427577018651995,0.0
8.3,1.6387514198155346,16.661580915857964,37.99885681314059,0.0
8.4,1.7091203141331548,16.513715833385092,39.637608232956126,0.0
8.5,1.782510887777858,16.359501342310047,41.34672854708928,0.0
8.6,1.859052893334849,16.19866479550801,43.12923943486714,0.0
8.700000000000001,1.9388816550372625,16.030921838235493,44.988292328201986,0.0
8.8,2.0221383080158137,15.855975905398713,46.92717398323925,0.0
8.9,2.1089700478219604,15.67351769723437,48.94931229125506,0.0
9.0,2.1995303906657306,15.483224632475887,51.058282339077024,0.0
9.1,2.2939794448283037,15.284760278038293,53.25781272974275,0.0
9.200000000000001,2.3924841937292,15.077773754213469,55.551792174571055,0.0
9.3,2.4952187911485315,14.861899114324135,57.94427636830026,0.0
9.4,2.6023648691262617,14.636754697739848,60.43949515944879,0.0
9.5,2.714111859082827,14.401942455111142,63.04186002857505,0.0
9.600000000000001,2.8306573267288586,14.157047244628847,65.75597188765788,0.0
9.700000000000001,2.952207321356111,13.901636098064397,68.58662921438673,0.0
9.8,3.0789767401271395,13.635257455293502,71.53883653574285,0.0
9.9,3.211189708007775,13.357440365949833,74.61781327586999,0.0
10.0,3.3490799740141135,13.067693656797289,77.82900298387777,0.0
10.100000000000001,3.492891324474567,12.765505063348755,81.17808295789189,0.0
10.200000000000001,3.642878014037619,12.450340324196095,84.67097428236646,0.0
10.3,3.7993052151872915,12.121642236450167,88.31385229640408,0.0
10.4,3.9624494870610527,11.77882967062092,92.11315751159137,0.0
10.5,4.132599264399031,11.42129654319588,96.07560699865242,0.0
10.600000000000001,4.31005536748897,11.048410745100595,100.20820626305145,0.0
10.700000000000001,4.495131534008516,10.659513024146587,104.51826163054042,0.0
10.8,4.688154973705096,10.253915819490985,109.01339316454894,0.0
10.9,4.889466946894059,9.830902046047209,113.70154813825404,0.0
11.0,5.099423367797856,9.38972382669759,118.5910150851481,0.0
11.100000000000001,5.318395433792931,8.929601170066482,123.69043845294595,0.0
11.200000000000001,5.546770281676825,8.449720591516218,129.0088338867389,0.0
11.3,5.784951672115755,7.949233674927888,134.55560416841573,0.0
11.4,6.033360703482743,7.4272555727241585,140.3405558405315,0.0
11.5,6.292436556348366,6.882863441482259,146.37391654401424,0.0
11.600000000000001,6.562637269940335,6.315094810371321,152.6663531003626,0.0
11.700000000000001,6.844440551944685,5.7229458795295045,159.22899037030294,0.0
11.8,7.138344623080285,5.105369745372502,166.0734309222476,0.0
11.9,7.444869097939829,4.461274549695802,173.2117755453279,0.0
12.0,7.764555903654643,3.7895215492983825,180.65664464326773,0.0
12.100000000000001,8.097970238007463,3.088923102714967,188.42120054692236,0.0
12.200000000000001,8.44570156868709,2.358240570497461,196.51917078492983,0.0
12.3,8.808364675451628,1.5961821253332986,204.96487235361693,0.0
12.4,9.186600737042768,0.8014004681290556,213.77323702906855,0.0
12.5,9.580603058254773,0.0,222.95983776611132,0.0
12.600000000000001,9.97696897138491,0.0,232.5404408243661,0.0
12.700000000000001,10.389733219373113,0.0,242.517409795751,0.0
12.8,10.819574229342427,0.0,252.90714301512412,0.0
12.9,11.267198496104797,0.0,263.72671724446656,0.0
13.0,11.733341743369296,0.0,274.99391574057137,0.0
13.100000000000001,12.218770132991535,0.0,286.72725748394066,0.0
13.200000000000001,12.72428152425177,0.0,298.9460276169322,0.0
13.3,13.250706785231502,0.0,311.67030914118396,0.0
13.4,13.798911158443968,0.0,324.92101592641546,0.0
13.5,14.369795682963096,0.0,338.7199270848594,0.0
13.600000000000001,14.964298675388367,0.0,353.08972276782254,0.0
13.700000000000001,15.583397272079718,0.0,368.0540214432109,0.0
13.8,16.228109035197345,0.0,383.6374187152906,0.0
13.9,16.899493625186103,0.0,399.86552775048796,0.0
14.0,17.598654542453456,0.0,416.76502137567405,0.0
14.100000000000001,18.326740941103612,0.0,434.3636759181275,0.0
14.200000000000001,19.08494951770894,0.0,452.6904168592311,0.0
14.3,19.87452647822308,0.0,471.77536637694004,0.0
14.4,20.696769586268616,0.0,491.6498928551631,0.0
14.5,21.553030296165907,0.0,512.3466624414317,0.0
14.600000000000001,22.444715974208965,0.0,533.8996927375977,0.0
14.700000000000001,23.3732922118393,0.0,556.3444087118066,0.0
14.8,24.340285234519733,0.0,579.7177009236459,0.0
14.9,25.347284410267427,0.0,604.0579861581656,0.0
15.0,26.39594486196921,0.0,629.405270568433,0.0
15.100000000000001,27.487990187772848,0.0,655.8012154304022,0.0
15.200000000000001,28.62521529402556,0.0,683.2892056181751,0.0
15.3,29.809489345416015,0.0,711.9144209122006,0.0
15.4,31.042758837168783,0.0,741.7239102576167,0.0
15.5,32.32705079434067,0.0,772.7666690947855,0.0
15.600000000000001,33.66447610347745,0.0,805.0937198891262,0.0
15.700000000000001,35.05723298210688,0.0,838.7581959926036,0.0
15.8,36.50761059177063,0.0,873.8154289747106,0.0
15.9,38.01799280053344,0.0,910.3230395664812,0.0
16.0,39.590862101153796,0.0,948.3410323670146,0.0
16.1,41.22880369135592,0.0,987.9318944681684,0.0
16.2,42.93450972290967,0.0,1029.1606981595244,0.0
16.3,44.71078372650207,0.0,1072.0952078824341,0.0
16.400000000000002,46.560545219673386,0.0,1116.8059916089362,0.0
16.5,48.48683450539134,0.0,1163.3665368286097,0.0
16.6,50.49281766915057,0.0,1211.853371334001,0.0
16.7,52.5817917828106,0.0,1262.3461890031515,0.0
16.8,54.75719032372552,0.0,1314.927980785962,0.0
16.900000000000002,57.02258881807226,0.0,1369.6851711096876,0.0
17.0,59.38171071765305,0.0,1426.70775992776,0.0
17.1,61.83843351983119,0.0,1486.089470645413,0.0
17.2,64.39679514065907,0.0,1547.9279041652442,0.0
17.3,67.06100055167327,0.0,1612.3246993059033,0.0
17.400000000000002,69.83542869126542,0.0,1679.3856998575766,0.0
17.5,72.724639661988,0.0,1749.221128548842,0.0
17.6,75.7333822256252,0.0,1821.94576821083,0.0
17.7,78.86660160834764,0.0,1897.6791504364553,0.0
17.8,82.12944762877945,0.0,1976.545752044803,0.0
17.900000000000002,85.5272831623377,0.0,2058.6751996735825,0.0
18.0,89.06569295575576,0.0,2144.2024828359204,0.0
18.1,92.75049280627867,0.0,2233.268175791676,0.0
18.2,96.58773912061743,0.0,2326.0186685979547,0.0
18.3,100.58373886937363,0.0,2422.606407718572,0.0
18.400000000000002,104.74505995329557,0.0,2523.1901465879455,0.0
18.5,109.07854199840409,0.0,2627.935206541241,0.0
18.6,113.59130759773132,0.0,2737.013748539645,0.0
18.7,118.29077401814918,0.0,2850.6050561373763,0.0
18.8,123.18466539152952,0.0,2968.8958301555253,0.0
18.900000000000002,128.2810254102733,0.0,3092.080495547055,0.0
19.0,133.5882305480755,0.0,3220.361520957328,0.0
19.1,139.11500382765573,0.0,3353.9497515054036,0.0
19.200000000000003,144.87042915808328,0.0,3493.064755333059,0.0
19.3,150.86396626526184,0.0,3637.9351844911425,0.0
19.400000000000002,157.10546624011388,0.0,3788.7991507564043,0.0
19.5,163.60518773001996,0.0,3945.904616996518,0.0
19.6,170.37381380012556,0.0,4109.509804726538,0.0
19.700000000000003,177.42246949222894,0.0,4279.883618526664,0.0
19.8,184.76274011011023,0.0,4457.306088018892,0.0
19.900000000000002,192.40669026135575,0.0,4642.068828129002,0.0
20.0,200.36688368697523,0.0,4834.475518390358,0.0
20.1,208.65640391140408,0.0,5034.842402077334,0.0
20.200000000000003,217.2888757468315,0.0,5243.498805988737,0.0
20.3,226.27848768719954,0.0,5460.787681735569,0.0
20.400000000000002,235.6400152286799,0.0,5687.066169422768,0.0
20.5,245.388845154959,0.0,5922.706184651448,0.0
20.6,255.54100082724636,0.0,6168.095029806407,0.0
20.700000000000003,266.11316852057433,0.0,6423.636030633654,0.0
20.8,277.12272484967514,0.0,6689.749199154228,0.0
20.900000000000002,288.5877653295134,0.0,6966.871924003904,0.0
21.0,300.5271341174167,0.0,7255.459689333417,0.0
21.1,312.96045498568907,0.0,7555.986823450834,0.0
21.200000000000003,325.9081635756139,0.0,7868.947278436523,0.0
21.3,339.39154098586073,0.0,8194.855442012138,0.0
21.400000000000002,353.43274875050116,0.0,8534.246982997998,0.0
21.5,368.05486526412545,0.0,8887.6797317485,0.0
21.6,383.2819237139282,0.0,9255.734597012626,0.0
21.700000000000003,399.1389515811093,0.0,9639.016520726555,0.0
21.8,415.65201177651534,0.0,10038.155472307664,0.0
21.900000000000002,432.84824547813247,0.0,10453.80748408418,0.0
22.0,450.75591674084006,0.0,10886.655729562313,0.0
22.1,469.4044589517456,0.0,11337.411646303153,0.0
22.200000000000003,488.8245232074563,0.0,11806.816105254899,0.0
22.3,509.04802869280115,0.0,12295.640628462355,0.0
22.400000000000002,530.1082151438065,0.0,12804.688657155157,0.0
22.5,552.039697481155,0.0,13334.796872298963,0.0
22.6,574.8785227039235,0.0,13886.836569780118,0.0
22.700000000000003,598.6622291371126,0.0,14461.715092484043,0.0
22.8,623.429908130347,0.0,15060.377321621156,0.0
22.900000000000002,649.2222683091577,0.0,15683.807229751503,0.0
23.0,676.0817024844479,0.0,16333.02949806066,0.0
23.1,704.052357330119,0.0,17009.111200545107,0.0
23.200000000000003,733.1802059433786,0.0,17713.163557875225,0.0
23.3,763.5131234069925,0.0,18446.343763818604,0.0
23.400000000000002,795.1009654776756,0.0,19209.856887225596,0.0
23.5,827.9956505299567,0.0,20004.95785270327,0.0
23.6,862.2512448902006,0.0,20832.953503233228,0.0
23.700000000000003,897.9240517010444,0.0,21695.20474812343,0.0
23.8,935.0727034623072,0.0,22593.128799824473,0.0
23.900000000000002,973.758258400476,0.0,23528.201503286782,0.0
24.0,1014.0443008251608,0.0,24501.95976168726,0.0
24.1,1016.1419380657762,0.0,25516.00406251242,2865.9930072112093
24.200000000000003,1018.2439144481723,0.0,26532.146000578196,5737.9145657276995
24.3,1020.3502389482345,0.0,27550.389915026368,8615.776939264173
24.400000000000002,1022.4609205604155,0.0,28570.740153974602,11499.592416903874
24.5,1024.575968297774,0.0,29593.201074535016,14389.373313151062
24.6,1026.6953911920125,0.0,30617.77704283279,17285.131967983605
24.700000000000003,1028.8191982935168,0.0,31644.472434024803,20186.880746905666
24.8,1030.9473986713942,0.0,32673.29163231832,23094.63204100051
24.900000000000002,1033.080001413512,0.0,33704.23903098972,26008.398266983415
25.0,1035.2170156265367,0.0,34737.319032403226,28928.191867254696
25.1,1037.3584504359726,0.0,35772.53604802976,31854.025309952838
25.200000000000003,1039.5043149862006,0.0,36809.894498465736,34785.911089007735
25.3,1041.654618440518,0.0,37849.39881345194,37723.86172419404
25.400000000000002,1043.8093699811775,0.0,38891.053431892455,40667.88976118462
25.5,1045.968578809425,0.0,39934.862801873634,43618.007771604156
25.6,1048.1322541455409,0.0,40980.83138068306,46574.2283530828
25.700000000000003,1050.300405228878,0.0,42028.9636348286,49536.56412930997
25.8,1052.4730413179016,0.0,43079.264040057475,52505.02775008827
25.900000000000002,1054.6501716902292,0.0,44131.73708137537,55479.631891387515
26.0,1056.8318056426695,0.0,45186.3872530656,58460.389255398826
26.1,1059.0179524912626,0.0,46243.21905870827,61447.312570588896
26.200000000000003,1061.2086215713198,0.0,47302.23701119953,64440.41459175434
26.3,1063.403822237463,0.0,48363.445632770854,67439.70810007617
26.400000000000002,1065.603563863665,0.0,49426.84945500832,70445.20590317434
26.5,1067.8078558432894,0.0,50492.45301887199,73456.92083516248
26.6,1070.016707589131,0.0,51560.26087471528,76474.86575670267
26.700000000000003,1072.2301285334559,0.0,52630.27758230441,79499.05355506037
26.8,1074.448128128041,0.0,53702.50771083786,82529.49714415944
26.900000000000002,1076.6707158442155,0.0,54776.9558389659,85566.20946463732
27.0,1078.897901172901,0.0,55853.626554810115,88609.20348390023
27.1,1081.1296936246513,0.0,56932.52445598302,91658.49219617862
27.200000000000003,1083.3661027296941,0.0,58013.65414960767,94714.08862258257
27.3,1085.607138037971,0.0,59097.02025233736,97776.00581115746
27.400000000000002,1087.8528091191786,0.0,60182.62739037533,100844.25683693966
27.5,1090.1031255628088,0.0,61270.48019949451,103918.85480201239
27.6,1092.3580969781908,0.0,62360.58332505732,106999.81283556162
27.700000000000003,1094.6177329945313,0.0,63452.94142203551,110087.14409393218
27.8,1096.8820432609555,0.0,64547.559155030045,113180.86176068391
27.900000000000002,1099.151037446549,0.0,65644.441198291,116280.97904664799
28.0,1101.4247252403986,0.0,66743.59223573754,119387.50918998332
28.1,1103.703116351634,0.0,67845.01696097794,122500.46545623305
28.200000000000003,1105.9862205094687,0.0,68948.72007732958,125619.86113838125
28.3,1108.2740474632421,0.0,70054.70629783905,128745.70955690969
28.400000000000002,1110.566606982461,0.0,71162.98034530229,131878.02405985462
28.5,1112.8639088568414,0.0,72273.54695228476,135016.81802286394
28.6,1115.1659628963496,0.0,73386.4108611416,138162.10484925413
28.700000000000003,1117.4727789312453,0.0,74501.57682403795,141313.89797006766
28.8,1119.7843668121227,0.0,75619.0496029692,144472.21084413017
28.900000000000002,1122.1007364099526,0.0,76738.83396978132,147637.0569581081
29.0,1124.4218976161249,0.0,77860.93470619127,150808.44982656618
29.1,1126.7478603424906,0.0,78985.35660380739,153986.40299202516
29.200000000000003,1129.0786345214046,0.0,80112.10446414989,157170.9300250197
29.3,1131.4142301057673,0.0,81241.18309867129,160362.04452415623
29.400000000000002,1133.7546570690674,0.0,82372.59732877706,163559.76011617103
29.5,1136.099925405425,0.0,83506.35198584612,166764.09045598854
29.6,1138.4500451296337,0.0,84642.45191125154,169975.0492267795
29.700000000000003,1140.8050262772038,0.0,85780.90195638117,173192.65014001945
29.8,1143.1648789044045,0.0,86921.70698265838,176416.90693554736
29.900000000000002,1145.5296130883078,0.0,88064.87186156277,179647.83338162416
30.0,1147.8992389268303,0.0,89210.40147465108,182885.44327499165
30.1,1150.2737665387774,0.0,90358.3007135779,186129.75044093133
30.200000000000003,1152.6532060638863,0.0,91508.57448011669,189380.7687333235
30.3,1155.0375676628685,0.0,92661.22768618057,192638.5120347064
30.400000000000002,1157.4268615174544,0.0,93816.26525384345,195902.99425633546
30.5,1159.821097830436,0.0,94973.6921153609,199174.22933824276
30.6,1162.2202868257104,0.0,96133.51321319134,202452.2312492965
30.700000000000003,1164.624438748324,0.0,97295.73350001706,205737.01398726075
30.8,1167.033563864516,0.0,98460.35793876539,209028.59157885503
30.900000000000002,1169.447672461762,0.0,99627.39150262991,212326.97807981438
31.0,1171.866774848818,0.0,100796.83917509166,215632.18757494935
31.1,1174.290881355765,0.0,101968.70594994049,218944.23417820613
31.200000000000003,1176.720002334052,0.0,103142.99683129624,222263.13203272677
31.3,1179.1541481565416,0.0,104319.7168336303,225588.89531090966
31.400000000000002,1181.593329217553,0.0,105498.87098178684,228921.53821446997
31.5,1184.037555932907,0.0,106680.46431100438,232261.07497450034
31.6,1186.4868387399708,0.0,107864.5018669373,235607.51985153166
31.700000000000003,1188.9411880977018,0.0,109050.98870567727,238960.88713559392
31.8,1191.4006144866928,0.0,110239.92989377497,242321.1911462773
31.900000000000002,1193.8651284092164,0.0,111431.33050826166,245688.4462327932
32.0,1196.3347403892703,0.0,112625.19563667088,249062.6667740357
32.1,1198.809460972622,0.0,113821.53037706015,252443.86717864271
32.2,1201.2893007268535,0.0,115020.33983803277,255832.06188505777
32.300000000000004,1203.7742702414073,0.0,116221.62913875963,259227.2653615915
32.4,1206.2643801276304,0.0,117425.40340900104,262629.4921064835
32.5,1208.7596410188207,0.0,118631.66778912867,266038.7566479641
32.6,1211.260063570272,0.0,119840.4274301475,269455.07354431675
32.7,1213.7656584593194,0.0,121051.68749371776,272878.4573839397
32.800000000000004,1216.2764363853848,0.0,122265.45315217708,276308.9227854087
32.9,1218.7924080700232,0.0,123481.72958856246,279746.48439753917
33.0,1221.3135842569675,0.0,124700.52199663248,283191.156899449
33.1,1223.8399757121754,0.0,125921.83558088944,286642.955000621
33.2,1226.3715932238745,0.0,127145.67555660162,290101.8934409657
33.300000000000004,1228.9084476026092,0.0,128372.04714982549,293567.9869908846
33.4,1231.450549681286,0.0,129600.9555974281,297041.2504513329
33.5,1233.9979103152207,0.0,130832.40614710939,300521.69865388284
33.6,1236.5505403821837,0.0,132066.4040574246,304009.3464607871
33.7,1239.1084507824473,0.0,133302.9545978068,307504.20876504225
33.800000000000004,1241.671652438832,0.0,134542.06304858925,311006.3004904521
33.9,1244.240156296753,0.0,135783.7347010281,314515.63659169176
34.0,1246.8139733242667,0.0,137027.97485732485,318032.2320543714
34.1,1249.3931145121185,0.0,138274.7888306491,321556.10189510003
34.2,1251.9775908737888,0.0,139524.18194516122,325087.26116155
34.300000000000004,1254.56741344554,0.0,140776.159536035,328625.724932521
34.4,1257.1625932864647,0.0,142030.72694948054,332171.5083180044
34.5,1259.7631414785312,0.0,143287.889542767,335724.62645924796
34.6,1262.3690691266327,0.0,144547.65268424552,339285.0945288204
34.7,1264.9803873586332,0.0,145810.02175337216,342852.9277306762
34.800000000000004,1267.597107325416,0.0,147075.0021407308,346428.1413002205
34.9,1270.2192402009307,0.0,148342.5992480562,350010.75050437415
35.0,1272.8467971822415,0.0,149612.81848825715,353600.770641639
35.1,1275.4797894895744,0.0,150885.6652854394,357198.21704216313
35.2,1278.1182283663654,0.0,152161.145074929,360803.1050678063
35.300000000000004,1280.7621250793088,0.0,153439.26330329536,364415.4501122057
35.4,1283.4114909184048,0.0,154720.02542837468,368035.2676008414
35.5,1286.0663371970077,0.0,156003.43691929308,371662.5729911025
35.6,1288.7266752518747,0.0,157289.50325649008,375297.3817723531
35.7,1291.3925164432142,0.0,158578.22993174195,378939.70946599817
35.800000000000004,1294.0638721547339,0.0,159869.62244818517,382589.57162555016
35.9,1296.7407537936897,0.0,161163.6863203399,386246.9838366954
36.0,1299.4231727909346,0.0,162460.4270741336,389911.96171736025
36.1,1302.111140600967,0.0,163759.85024692453,393584.52091777837
36.2,1304.80466870198,0.0,165061.9613875255,397264.6771205572
36.300000000000004,1307.5037685959105,0.0,166366.76605622747,400952.4460407448
36.4,1310.208451808488,0.0,167674.26982482336,404647.84342589736
36.5,1312.918729889284,0.0,168984.47827663185,408350.8850561462
36.6,1315.634614411761,0.0,170297.39700652115,412061.5867442651
36.7,1318.3561169733227,0.0,171613.03162093292,415779.96433573804
36.800000000000004,1321.0832491953627,0.0,172931.38773790625,419506.03370882664
36.9,1323.8160227233145,0.0,174252.4709871016,423239.8107746381
37.0,1326.554449226701,0.0,175576.2870098249,426981.311477193
37.1,1329.298540399185,0.0,176902.84145905162,430730.55179349374
37.2,1332.048307958618,0.0,178232.1399994508,434487.5477335922
37.300000000000004,1334.8037636470913,0.0,179564.1883074094,438252.31534065865
37.4,1337.5649192309857,0.0,180898.9920710565,442024.87069104996
37.5,1340.3317865010215,0.0,182236.5569902875,445805.2298943783
37.6,1343.1043772723096,0.0,183576.88877678852,449593.4090935799
37.7,1345.8827033844009,0.0,184919.99315406082,453389.4244649842
37.800000000000004,1348.6667767013378,0.0,186265.87585744524,457193.2922183826
37.9,1351.4566091117042,0.0,187614.54263414658,461005.02859709784
38.0,1354.2522125286769,0.0,188965.9992432583,464824.64987805346
38.1,1357.0535988900758,0.0,190320.25145578696,468652.17237184313
38.2,1359.8607801584155,0.0,191677.30505467704,472487.6124228004
38.300000000000004,1362.6737683209558,0.0,193037.16583483547,476330.98640906846
38.400000000000006,1365.4925753897533,0.0,194399.83960315643,480182.3107426701
38.5,1368.3172134017125,0.0,195765.33217854617,484041.6018695778
38.6,1371.1476944186375,0.0,197133.6493919479,487908.8762697839
38.7,1373.9840305272828,0.0,198504.79708636654,491784.150457371
38.800000000000004,1376.8262338394059,0.0,199878.78111689384,495667.4409805826
38.900000000000006,1379.6743164918182,0.0,201255.60735073325,499558.7644218935
39.0,1382.5282906464374,0.0,202635.28166722506,503458.1373980809
39.1,1385.3881684903388,0.0,204017.8099578715,507365.5765602951
39.2,1388.2539622358079,0.0,205403.19812636185,511281.09859413083
39.300000000000004,1391.1256841203922,0.0,206791.45208859767,515204.7202196983
39.400000000000006,1394.003346406954,0.0,208182.57777271807,519136.45819169487
39.5,1396.886961383722,0.0,209576.581119125,523076.3292994762
39.6,1399.7765413643444,0.0,210973.46808050873,527024.3503671283
39.7,1402.672098687941,0.0,212373.24462187308,530980.5382535391
39.800000000000004,1405.573645719156,0.0,213775.916720561,534944.909852471
39.900000000000006,1408.4811948482118,0.0,215181.49036628017,538917.482092632
40.0,1411.39475849096,0.0,216589.9715611284,542898.2719377489
40.1,1414.3143490889356,0.0,218001.36631961935,546887.2963866394
40.2,1417.2399791094106,0.0,219415.6806687083,550884.5724732847
40.300000000000004,1420.171661045446,0.0,220832.9206478177,554890.1172669022
40.400000000000006,1423.1094074159462,0.0,222253.09230886312,558903.9478720186
40.5,1426.0532307657118,0.0,223676.20171627906,562926.0814285424
40.6,1429.0031436654933,0.0,225102.25494704477,566956.5351118378
40.7,1431.959158712045,0.0,226531.25809071027,570995.3261327976
40.800000000000004,1434.9212885281788,0.0,227963.2172494223,575042.4717379169
40.900000000000006,1437.8895457628175,0.0,229398.1385379505,579097.9892093665
41.0,1440.8639430910498,0.0,230836.02808371332,583161.8958650668
41.1,1443.8444932141838,0.0,232276.89202680436,587234.209058762
41.2,1446.831208859801,0.0,233720.73652001854,591314.9461800938
41.300000000000004,1449.8241027818115,0.0,235167.56772887835,595404.1246546761
41.400000000000006,1452.8231877605074,0.0,236617.39183166015,599501.761944169
41.5,1455.8284766026184,0.0,238070.21501942066,603607.8755463535
41.6,1458.8399821413655,0.0,239526.04349602328,607722.4829952065
41.7,1461.857717236517,0.0,240984.88347816464,611845.601860975
41.800000000000004,1464.8816947744422,0.0,242446.74119540115,615977.249750252
41.900000000000006,1467.911927668167,0.0,243911.62289017558,620117.4443060509
42.0,1470.9484288574292,0.0,245379.53481784376,624266.2032078814
42.1,1473.9912113087337,0.0,246850.4832467012,628423.5441718247
42.2,1477.0402880154072,0.0,248324.47445800994,632589.4849506093
42.300000000000004,1480.0956719976546,0.0,249801.51474602535,636764.0433336865
42.400000000000006,1483.157376302614,0.0,251281.61041802302,640947.2371473069
42.5,1486.2254140044129,0.0,252764.76779432563,645139.084254596
42.6,1489.2997982042232,0.0,254250.99320833004,649339.602555631
42.7,1492.3805420303183,0.0,255740.29300653425,653548.8099875164
42.800000000000004,1495.4676586381286,0.0,257232.67354856458,657766.7245244617
42.900000000000006,1498.5611612102969,0.0,258728.14120720272,661993.3641778572
43.0,1501.661062956736,0.0,260226.702368413,666228.7469963515
43.1,1504.7673771146845,0.0,261728.36343136974,670472.8910659284
43.2,1507.880116948763,0.0,263233.13080848445,674725.8145099839
43.300000000000004,1510.9992957510317,0.0,264741.0109254332,678987.535489404
43.400000000000006,1514.124926841046,0.0,266252.01022118423,683258.0722026419
43.5,1517.2570235659143,0.0,267766.1351480253,687537.4428857958
43.6,1520.3955993003544,0.0,269283.39217159123,691825.6658126872
43.7,1523.540667446751,0.0,270803.78777089156,696122.7592949382
43.800000000000004,1526.6922414352127,0.0,272327.3284383383,700428.74168205
43.900000000000006,1529.8503347236294,0.0,273854.02067977353,704743.6313614816
44.0,1533.0149607977298,0.0,275383.8710144972,709067.4467587279
44.1,1536.186133171139,0.0,276916.8859752949,713400.2063373984
44.2,1539.3638653854364,0.0,278453.07210846606,717741.9285992963
44.300000000000004,1542.5481710102129,0.0,279992.4359738515,722092.6320844973
44.400000000000006,1545.7390636431296,0.0,281534.9841448617,726452.3353714289
44.5,1548.9365569099755,0.0,283080.72320850485,730821.0570769495
44.6,1552.1406644647254,0.0,284629.65976541484,735198.8158564284
44.7,1555.3513999895988,0.0,286181.8004298796,739585.6304038246
44.800000000000004,1558.568777195118,0.0,287737.1518298692,743981.5194517677
44.900000000000006,1561.7928098201664,0.0,289295.7206070643,748386.5017716369
45.0,1565.023511632048,0.0,290857.51341688447,752800.5961736419
45.1,1568.2608964265453,0.0,292422.5369285165,757223.8215069027
45.2,1571.5049780279785,0.0,293990.7978249431,761656.1966595305
45.300000000000004,1574.7557702892648,0.0,295562.30280297104,766097.7405587081
45.400000000000006,1578.0132870919772,0.0,297137.0585732603,770548.4721707708
45.5,1581.2775423464038,0.0,298715.0718603523,775008.4105012873
45.6,1584.5485499916078,0.0,300296.3494026987,779477.5745951411
45.7,1587.826323995486,0.0,301880.8979526903,783955.9835366117
45.800000000000004,1591.1108783548293,0.0,303468.7242766858,788443.6564494557
45.900000000000006,1594.4022270953817,0.0,305059.8351550406,792940.6124969892
46.0,1597.7003842719014,0.0,306654.237382136,797446.8708821691
46.1,1601.0053639682194,0.0,308251.9377664079,801962.4508476754
46.2,1604.3171802973009,0.0,309852.9431303761,806487.3716759931
46.300000000000004,1607.6358474013043,0.0,311457.2603106734,811021.6526894945
46.400000000000006,1610.9613794516429,0.0,313064.89615807467,815565.3132505222
46.5,1614.2937906490442,0.0,314675.8575375263,820118.3727614713
46.6,1617.6330952236117,0.0,316290.1513281753,824680.8506648724
46.7,1620.9793074348847,0.0,317907.78442339896,829252.7664434748
46.800000000000004,1624.3324415718996,0.0,319528.76373083383,833834.1396203291
46.900000000000006,1627.6925119532511,0.0,321153.09617240576,838424.9897588716
47.0,1631.059532927153,0.0,322780.788684359,843025.3364630068
47.1,1634.4335188714995,0.0,324411.84821728617,847635.1993771916
47.2,1637.8144841939268,0.0,326046.28173615766,852254.5981865193
47.300000000000004,1641.2024433318745,0.0,327684.0962203516,856883.5526168036
47.400000000000006,1644.5974107526474,0.0,329325.29866368347,861522.0824346622
47.5,1647.999400953477,0.0,330969.89607443614,866170.2074476022
47.6,1651.4084284615838,0.0,332617.8954753896,870827.9475041042
47.7,1654.8245078342386,0.0,334269.3039038512,875495.322493707
47.800000000000004,1658.2476536588258,0.0,335924.1284116854,880172.3523470924
47.900000000000006,1661.6778805529045,0.0,337582.37606534426,884859.0570361709
48.0,1665.1152031642719,0.0,339244.05394589715,889555.4565741663
48.1,1668.5596361710252,0.0,340909.16914906143,894261.5710157016
48.2,1672.0111942816245,0.0,342577.72878523247,898977.4204568845
48.300000000000004,1675.4698922349555,0.0,344249.7399795141,903703.0250353932
48.400000000000006,1678.9357448003927,0.0,345925.20987174904,908438.4049305624
48.5,1682.4087667778624,0.0,347604.1456165494,913183.5803634693
48.6,1685.8889729979055,0.0,349286.55438332725,917938.5715970205
48.7,1689.3763783217414,0.0,350972.44335632515,922703.3989360379
48.800000000000004,1692.8709976413313,0.0,352661.8197346469,927478.0827273456
48.900000000000006,1696.3728458794415,0.0,354354.69073228823,932262.6433598571
49.0,1699.881937989707,0.0,356051.0635781677,937057.101264662
49.1,1703.3982889566964,0.0,357750.94551615743,941861.4769151132
49.2,1706.9219137959747,0.0,359454.3438051141,946675.7908269145
49.300000000000004,1710.4528275541677,0.0,361161.2657189101,951500.0635582084
49.400000000000006,1713.991045309027,0.0,362871.7185464643,956334.3157096636
49.5,1717.5365821694934,0.0,364585.70959177334,961178.5679245628
49.6,1721.0894532757618,0.0,366303.2461739428,966032.8408888916
49.7,1724.6496737993464,0.0,368024.3356272186,970897.1553314257
49.800000000000004,1728.217258943144,0.0,369748.98530101794,975771.5320238206
49.900000000000006,1731.792223941501,0.0,371477.20255996106,980655.9917806993
50.0,1735.3745840602767,0.0,373208.99478390254,985550.5554597421
50.1,1738.964354596909,0.0,374944.3693679628,990455.2439617746
50.2,1742.5615508804806,0.0,376683.33372255974,995370.0782308581
50.300000000000004,1746.1661882717829,0.0,378425.8952734402,1000295.0792543781
50.400000000000006,1749.7782821633828,0.0,380172.061461712,1005230.2680631345
50.5,1753.397847979688,0.0,381921.8397438754,1010175.6657314312
50.6,1757.0249011770131,0.0,383675.23759185505,1015131.293377166
50.7,1760.659457243645,0.0,385432.2624930321,1020097.1721619209
50.800000000000004,1764.3015316999094,0.0,387192.9219502757,1025073.3232910525
50.900000000000006,1767.9511400982378,0.0,388957.2234819756,1030059.7680137824
51.0,1771.6082980232325,0.0,390725.1746220738,1035056.5276232882
51.1,1775.2730210917343,0.0,392496.78292009706,1040063.623456794
51.2,1778.9453249528888,0.0,394272.05594118877,1045081.0768956619
51.300000000000004,1782.6252252882127,0.0,396051.00126614165,1050108.9093654833
51.400000000000006,1786.3127378116617,0.0,397833.62649142987,1055147.1423361702
51.5,1790.0078782696971,0.0,399619.9392292415,1060195.7973220467
51.6,1793.7106624413532,0.0,401409.9471075112,1065254.8958819413
51.7,1797.4211061383041,0.0,403203.65776995255,1070324.459619279
51.800000000000004,1801.1392252049325,0.0,405001.0788760909,1075404.510182173
51.900000000000006,1804.8650355183956,0.0,406802.2181012958,1080495.0692635174
52.0,1808.5985529886948,0.0,408607.08313681424,1085596.1586010803
52.1,1812.339793558742,0.0,410415.6816898029,1090707.7999775962
52.2,1816.0887732044287,0.0,412228.02148336166,1095830.0152208586
52.300000000000004,1819.8455079346936,0.0,414044.1102565661,1100962.826203814
52.400000000000006,1823.6100137915917,0.0,415863.9557645008,1106106.2548446548
52.5,1827.382306850362,0.0,417687.56577829237,1111260.3231069134
52.6,1831.1624032194968,0.0,419514.9480851427,1116425.0529995551
52.7,1834.95031904081,0.0,421346.1104883622,1121600.466577073
52.800000000000004,1838.746070489506,0.0,423181.060807403,1126786.5859395817
52.900000000000006,1842.5496737742496,0.0,425019.8068778925,1131983.4332329119
53.0,1846.361145137234,0.0,426862.35655166674,1137191.0306487044
53.1,1850.180500854251,0.0,428708.717696804,1142409.4004245058
53.2,1854.0077572347604,0.0,430558.89819765824,1147638.564843863
53.300000000000004,1857.8429306219593,0.0,432412.905954893,1152878.546236418
53.400000000000006,1861.6860373928523,0.0,434270.7488855149,1158129.3669780034
53.5,1865.537093958321,0.0,436132.4349229078,1163391.0494907387
53.6,1869.3961167631946,0.0,437997.9720168661,1168663.6162431252
53.7,1873.2631222863195,0.0,439867.36813362926,1173947.089750142
53.800000000000004,1877.1381270406303,0.0,441740.63125591556,1179241.4925733428
53.900000000000006,1881.0211475732197,0.0,443617.7693829562,1184546.847320951
54.0,1884.9122004654098,0.0,445498.7905305294,1189863.176647958
54.1,1888.8113023328224,0.0,447383.7027309948,1195190.5032562187
54.2,1892.7184698254503,0.0,449272.51403332764,1200528.8498945485
54.300000000000004,1896.633719627728,0.0,451165.2325031531,1205878.2393588205
54.400000000000006,1900.557068458603,0.0,453061.86622278084,1211238.6944920635
54.5,1904.4885330716081,0.0,454962.4232912394,1216610.2381845587
54.6,1908.4281302549316,0.0,456866.911824311,1221992.893373938
54.7,1912.3758768314897,0.0,458775.3399545659,1227386.6830452818
54.800000000000004,1916.3317896589983,0.0,460687.7158313974,1232791.6302312168
54.900000000000006,1920.295885630045,0.0,462604.0476210564,1238207.758012015
55.0,1924.2681816721608,0.0,464524.34350668645,1243635.0895156916
55.1,1928.2486947478935,0.0,466448.6116883586,1249073.6479181044
55.2,1932.2374418548786,0.0,468376.8603831065,1254523.456443052
55.300000000000004,1936.2344400259133,0.0,470309.0978249614,1259984.538362374
55.400000000000006,1940.239706329028,0.0,472245.33226498734,1265456.9169960492
55.5,1944.25325786756,0.0,474185.57197131636,1270940.6157122962
55.6,1948.2751117802266,0.0,476129.8252291839,1276435.6579276726
55.7,1952.3052852411975,0.0,478078.1003409641,1281942.067107175
55.800000000000004,1956.3437954601688,0.0,480030.4056262053,1287459.8667643396
55.900000000000006,1960.3906596824368,0.0,481986.7494216655,1292989.0804613421
56.0,1964.4458951889706,0.0,483947.14008134796,1298529.731809099
56.1,1968.5095192964866,0.0,485911.5859765369,1304081.8444673675
56.2,1972.5815493575226,0.0,487880.0954958334,1309645.4421448472
56.300000000000004,1976.662002760511,0.0,489852.6770451909,1315220.5485992813
56.400000000000006,1980.7508969298544,0.0,491829.3390479514,1320807.187637558
56.5,1984.8482493259987,0.0,493810.08994488127,1326405.3831158115
56.6,1988.9540774455083,0.0,495794.93819420727,1332015.1589395253
56.7,1993.068398821141,0.0,497783.89227165276,1337636.5390636327
56.800000000000004,1997.1912310219225,0.0,499776.9606704739,1343269.5474926203
56.900000000000006,2001.3225916532213,0.0,501774.1519014959,1348914.20828063
57.0,2005.4624983568244,0.0,503775.4744931491,1354570.5455315611
57.1,2009.6109688110123,0.0,505780.9369915059,1360238.583399175
57.2,2013.7680207306344,0.0,507790.54796031694,1365918.3460871961
57.300000000000004,2017.9336718671848,0.0,509804.3159810476,1371609.857849417
57.400000000000006,2022.1079400088784,0.0,511822.24965291476,1377313.1429898012
57.5,2026.290842980726,0.0,513844.3575929236,1383028.2258625869
57.6,2030.4823986446113,0.0,515870.64843590435,1388755.130872391
57.7,2034.6826248993668,0.0,517901.13083454897,1394493.8824743135
57.800000000000004,2038.8915396808502,0.0,519935.81345944834,1400244.5051740422
57.900000000000006,2043.109160962021,0.0,521974.7049991292,1406007.0235279568
58.0,2047.3355067530174,0.0,524017.8141600912,1411781.4621432337
58.1,2051.5705951012333,0.0,526065.1496668443,1417567.8456779518
58.2,2055.8144440913948,0.0,528116.7202619455,1423366.198841197
58.300000000000004,2060.0670718456377,0.0,530172.5347060369,1429176.5463931682
58.400000000000006,2064.3284965235857,0.0,532232.6017778825,1434998.9131452828
58.5,2068.5987363224267,0.0,534296.9302744061,1440833.3239602828
58.6,2072.877809476991,0.0,536365.5290107285,1446679.803752341
58.7,2077.165734259829,0.0,538438.4068202055,1452538.3774871673
58.800000000000004,2081.4625289812907,0.0,540515.5725544654,1458409.0701821148
58.900000000000006,2085.768211989601,0.0,542597.0350834467,1464291.906906288
59.0,2090.08280167094,0.0,544682.8032954362,1470186.9127806479
59.1,2094.4063164495224,0.0,546772.8860971071,1476094.1129781215
59.2,2098.7387747876733,0.0,548867.2924135566,1482013.5327237074
59.300000000000004,2103.0801951859103,0.0,550966.0311883442,1487945.1972945845
59.400000000000006,2107.4305961830196,0.0,553069.1113835302,1493889.1320202197
59.5,2111.7899963561367,0.0,555176.5419797132,1499845.3622824762
59.6,2116.158414320826,0.0,557288.3319760694,1505813.9135157214
59.7,2120.53586873116,0.0,559404.4903903902,1511794.8112069361
59.800000000000004,2124.9223782797976,0.0,561525.0262591214,1517788.0808958232
59.900000000000006,2129.317961698066,0.0,563649.9486374012,1523793.7481749163
60.0,2133.7226377560396,0.0,565779.2665990993,1529811.8386896895
60.1,2138.13642526262,0.0,567912.9892368553,1535842.3781386672
60.2,2142.5593430656168,0.0,570051.125662118,1541885.3922735327
60.300000000000004,2146.991410051828,0.0,572193.6850051836,1547940.9068992392
60.400000000000006,2151.4326451471206,0.0,574340.6764152354,1554008.9478741195
60.5,2155.883067316511,0.0,576492.1090603825,1560089.541109997
60.6,2160.3426955642467,0.0,578647.992127699,1566182.7125722955
60.7,2164.811548933887,0.0,580808.3348232632,1572288.4882801503
60.800000000000004,2169.2896465083845,0.0,582973.1463721971,1578406.89430652
60.900000000000006,2173.7770074101663,0.0,585142.4360187055,1584537.9567782972
61.0,2178.273650801216,0.0,587316.2130261157,1590681.70187642
61.1,2182.7795958831553,0.0,589494.4866769168,1596838.1558359845
61.2,2187.2948618973264,0.0,591677.2662727999,1603007.3449463556
61.300000000000004,2191.8194681248738,0.0,593864.5611346973,1609189.2955512805
61.400000000000006,2196.353433886826,0.0,596056.3806028222,1615384.0340490006
61.5,2200.8967785441805,0.0,598252.734036709,1621591.5868923643
61.6,2205.4495214979825,0.0,600453.6308152531,1627811.98058894
61.7,2210.0116821894107,0.0,602659.0803367511,1634045.2417011291
61.800000000000004,2214.58328009986,0.0,604869.0920189405,1640291.39684628
61.900000000000006,2219.1643347510244,0.0,607083.6752990404,1646550.4726968007
62.0,2223.7548657049792,0.0,609302.8396337914,1652822.4959802742
62.1,2228.354892564266,0.0,611526.5944994964,1659107.493479571
62.2,2232.964434971976,0.0,613754.9493920606,1665405.492032965
62.300000000000004,2237.583512611834,0.0,615987.9138270327,1671716.5185342464
62.400000000000006,2242.212145208282,0.0,618225.4973396445,1678040.5999328382
62.5,2246.8503525265637,0.0,620467.7094848527,1684377.7632339108
62.6,2251.498154372809,0.0,622714.5598373793,1690728.0354984964
62.7,2256.155570594118,0.0,624966.057991752,1697091.4438436057
62.800000000000004,2260.8226210786474,0.0,627222.2135623462,1703468.0154423432
62.900000000000006,2265.499325755693,0.0,629483.0361834249,1709857.777524023
63.0,2270.1857045957763,0.0,631748.5355091806,1716260.7573742862
63.1,2274.8817776107303,0.0,634018.7212137764,1722676.9823352154
63.2,2279.587564853783,0.0,636293.6029913871,1729106.4798054534
63.300000000000004,2284.3030864196458,0.0,638573.190556241,1735549.2772403192
63.400000000000006,2289.028362444596,0.0,640857.4936426606,1742005.4021519255
63.5,2293.7634131065656,0.0,643146.5220051052,1748474.8821092963
63.6,2298.508258625226,0.0,645440.2854182117,1754957.744738484
63.7,2303.262919262075,0.0,647738.793676837,1761454.0177226886
63.800000000000004,2308.0274153205223,0.0,650042.056596099,1767963.7288023746
63.900000000000006,2312.801767145978,0.0,652350.0840114196,1774486.90577539
64.0,2317.5859951259376,0.0,654662.8857785655,1781023.5764970856
64.10000000000001,2322.3801196900704,0.0,656980.4717736915,1787573.7688804327
64.2,2327.184161310306,0.0,659302.8518933816,1794137.5108961435
64.3,2331.9981405009216,0.0,661630.0360546919,1800714.8305727895
64.4,2336.8220778186305,0.0,663962.0341951929,1807305.755996922
64.5,2341.655993862669,0.0,666298.8562730115,1813910.3153131916
64.60000000000001,2346.499909274885,0.0,668640.5122668742,1820528.5367244687
64.7,2351.353844739825,0.0,670987.0121761491,1827160.4484919636
64.8,2356.2178209848244,0.0,673338.3660208889,1833806.0789353473
64.9,2361.091858780094,0.0,675694.5838418737,1840465.4564328727
65.0,2365.9759789388095,0.0,678055.6757006538,1847138.609421495
65.10000000000001,2370.8702023172013,0.0,680421.6516795927,1853825.5663969945
65.2,2375.774549814642,0.0,682792.5218819099,1860526.3559140968
65.3,2380.6890423737364,0.0,685168.2964317246,1867241.0065865954
65.4,2385.613700980411,0.0,687548.9854740984,1873969.5470874743
65.5,2390.548546664004,0.0,689934.5991750788,1880712.0061490296
65.60000000000001,2395.493600497353,0.0,692325.1477217427,1887468.412562993
65.7,2400.448883596888,0.0,694720.6413222401,1894238.7951806537
65.8,2405.4144171227204,0.0,697121.090205837,1901023.182912983
65.9,2410.3902222787315,0.0,699526.5046229598,1907821.6047307565
66.0,2415.3763203126664,0.0,701936.8948452385,1914634.0896646788
66.10000000000001,2420.3727325162217,0.0,704352.2711655512,1921460.6668055065
66.2,2425.379480225138,0.0,706772.6438980674,1928301.3653041732
66.3,2430.396584819291,0.0,709198.0233782926,1935156.2143719136
66.4,2435.4240677227826,0.0,711628.4199631119,1942025.2432803884
66.5,2440.4619504040315,0.0,714063.8440308346,1948908.4813618092
66.60000000000001,2445.5102543758667,0.0,716504.3059812386,1955805.9580090635
66.7,2450.5690011956176,0.0,718949.8162356145,1962717.702675841
66.8,2455.638212465207,0.0,721400.3852368101,1969643.744876759
66.9,2460.7179098312427,0.0,723856.0234492753,1976584.1141874872
67.0,2465.8081149851114,0.0,726316.7413591065,1983538.8402448762
67.10000000000001,2470.9088496630693,0.0,728782.5494740916,1990507.9527470828
67.2,2476.0201356463363,0.0,731253.4583237547,1997491.4814536967
67.3,2481.1419947611885,0.0,733729.478459401,2004489.4561858678
67.4,2486.2744488790518,0.0,736210.6204541622,2011501.9068264337
67.5,2491.4175199165943,0.0,738696.8949030413,2018528.8633200473
67.60000000000001,2496.5712298358217,0.0,741188.3124229579,2025570.3556733045
67.7,2501.735600644169,0.0,743684.8836527937,2032626.4139548724
67.8,2506.9106543945963,0.0,746186.6192534378,2039697.0682956178
67.9,2512.0964131856813,0.0,748693.5299078324,2046782.3488887355
68.0,2517.2928991617146,0.0,751205.6263210181,2053882.2859898778
68.10000000000001,2522.500134512795,0.0,753722.9192201798,2060996.9099172833
68.2,2527.718141474922,0.0,756245.4193546926,2068126.2510519065
68.3,2532.946942330094,0.0,758773.1374961674,2075270.3398375474
68.4,2538.1865594064,0.0,761306.0844384975,2082429.2067809815
68.5,2543.437015078118,0.0,763844.270997904,2089602.8824520905
68.60000000000001,2548.698331765807,0.0,766387.7080129822,2096791.3974839924
68.7,2553.9705319364066,0.0,768936.406344748,2103994.7825731724
68.8,2559.253638103331,0.0,771490.3768766844,2111213.0684796134
68.9,2564.547672826565,0.0,774049.6305147877,2118446.286026929
69.0,2569.8526587127603,0.0,776614.1781876143,2125694.4661024935
69.10000000000001,2575.168618415333,0.0,779184.0308463271,2132957.6396575742
69.2,2580.49557463456,0.0,781759.1994647424,2140235.8377074646
69.3,2585.8335501176743,0.0,784339.695039377,2147529.091331615
69.4,2591.182567658965,0.0,786925.5285894946,2154837.4316737666
69.5,2596.5426500998724,0.0,789516.7111571536,2162160.889942084
69.60000000000001,2601.913820329086,0.0,792113.2538072534,2169499.497409289
69.7,2607.2961012826427,0.0,794715.1676275826,2176853.2854127926
69.8,2612.689515944025,0.0,797322.4637288653,2184222.2853548313
69.9,2618.0940873442587,0.0,799935.1532448092,2191606.5287025985
70.0,2623.509838562011,0.0,802553.2473321535,2199006.0469883815
70.10000000000001,2628.9367927236885,0.0,805176.7571707155,2206420.8718096935
70.2,2634.374973003538,0.0,807805.6939634392,2213851.034829411
70.3,2639.8244026237435,0.0,810440.0689364427,2221296.5677759075
70.4,2645.2851048545267,0.0,813079.8933390664,2228757.5024431883
70.5,2650.757103014245,0.0,815725.1784439209,2236233.870691029
70.60000000000001,2656.240420469492,0.0,818375.9355469352,2243725.704445109
70.7,2661.735080635198,0.0,821032.1759674047,2251233.035697148
70.8,2667.241106974727,0.0,823693.9110480399,2258755.8965050457
70.9,2672.758522999981,0.0,826361.1521550147,2266294.3189930134
71.0,2678.2873522714976,0.0,829033.9106780146,2273848.335351716
71.10000000000001,2683.8276183985517,0.0,831712.1980302861,2281417.9778384063
71.2,2689.3793450392554,0.0,834396.0256486847,2289003.278777065
71.3,2694.9425559006604,0.0,837085.404993724,2296604.2705585374
71.4,2700.5172747388574,0.0,839780.3475496246,2304220.9856406716
71.5,2706.1035253590794,0.0,842480.8648243635,2311853.456548458
71.60000000000001,2711.7013316158027,0.0,845186.9683497226,2319501.7158741676
71.7,2717.310717412848,0.0,847898.6696813384,2327165.7962774914
71.8,2722.931706703484,0.0,850615.9803987512,2334845.7304856796
71.9,2728.5643234905274,0.0,853338.9121054547,2342541.5512936814
72.0,2734.208591826448,0.0,856067.4764289452,2350253.2915642853
72.10000000000001,2739.8645358134695,0.0,858801.6850207717,2357980.9842282594
72.2,2745.5321796036737,0.0,861541.5495565851,2365724.662284492
72.3,2751.2115473991025,0.0,864287.0817361888,2373484.358800132
72.4,2756.9026634518623,0.0,867038.2932835879,2381260.1069107302
72.5,2762.6055520642262,0.0,869795.1959470398,2389051.9398203827
72.60000000000001,2768.3202375887395,0.0,872557.801499104,2396859.89080187
72.7,2774.046744428322,0.0,875326.1217366927,2404683.993196799
72.8,2779.7850970363747,0.0,878100.1684811211,2412524.280415749
72.9,2785.5353199168803,0.0,880879.9535781575,2420380.7859384106
73.0,2791.2974376245115,0.0,883665.4888980744,2428253.5433137296
73.10000000000001,2797.071474764734,0.0,886456.7863356989,2436142.5861600516
73.2,2802.857455993912,0.0,889253.8578104636,2444047.9481652644
73.3,2808.655406019414,0.0,892056.7152664575,2451969.6630869415
73.4,2814.465349599717,0.0,894865.370672477,2459907.7647524877
73.5,2820.287311544513,0.0,897679.8360220767,2467862.2870592815
73.60000000000001,2826.1213167148167,0.0,900500.1233336212,2475833.263974822
73.7,2831.9673900230678,0.0,903326.244650336,2483820.7295368733
73.8,2837.8255564332403,0.0,906158.212040359,2491824.717853608
73.9,2843.6958409609483,0.0,908996.0375967923,2499845.263103756
74.0,2849.578268673553,0.0,911839.7334377533,2507882.399536748
74.10000000000001,2855.472864690269,0.0,914689.3117064268,2515936.1614728626
74.2,2861.3796541822735,0.0,917544.784571117,2524006.583303373
74.3,2867.2986623728107,0.0,920406.1642252993,2532093.699490693
74.4,2873.2299145373026,0.0,923273.4628876721,2540197.544568526
74.5,2879.1734360034548,0.0,926146.6928022094,2548318.153142011
74.60000000000001,2885.1292521513656,0.0,929025.8662382129,2556455.5598878693
74.7,2891.0973884136342,0.0,931910.9954903643,2564609.799554556
74.8,2897.0778702754696,0.0,934802.0928787779,2572780.906962406
74.9,2903.0707232747986,0.0,937699.1707490534,2580968.917003781
75.0,2909.0759730023756,0.0,940602.2414723282,2589173.864643223
75.10000000000001,2915.093645101892,0.0,943511.3174453306,2597395.7849176005
75.2,2921.123765270085,0.0,946426.4110904324,2605634.7129362575
75.3,2927.166359256848,0.0,949347.5348557025,2613890.683881166
75.4,2933.2214528653394,0.0,952274.7012149594,2622163.7330070743
75.5,2939.2890719520947,0.0,955207.9226678247,2630453.895641659
75.60000000000001,2945.3692424271353,0.0,958147.2117397768,2638761.2071856735
75.7,2951.4619902540803,0.0,961092.580982204,2647085.703113102
75.8,2957.5673414502558,0.0,964044.0429724581,2655427.418971309
75.9,2963.6853220868074,0.0,967001.6103139083,2663786.3903811923
76.0,2969.8159582888115,0.0,969965.2956359951,2672162.6530373343
76.10000000000001,2975.959276235386,0.0,972935.111594284,2680556.2427081545
76.2,2982.115302159802,0.0,975911.0708705194,2688967.195236062
76.3,2988.2840623495977,0.0,978893.1861726792,2697395.5465376107
76.4,2994.4655831466885,0.0,981881.4702350288,2705841.332603649
76.5,3000.65989094748,0.0,984875.9358181754,2714304.5894994764
76.60000000000001,3006.867012202982,0.0,987876.595709123,2722785.3533649966
76.7,3013.0869734189196,0.0,990883.4627213259,2731283.6604148713
76.80000000000001,3019.3198011558475,0.0,993896.5496947449,2739799.546938676
76.9,3025.5655220292633,0.0,996915.8694959007,2748333.0493010534
77.0,3031.824162709721,0.0,999941.43501793,2756884.2039418705
77.10000000000001,3038.0957499229444,0.0,1002973.2591806398,2765453.047376373
77.2,3044.380310449943,0.0,1006011.3549305627,2774039.6161953406
77.30000000000001,3050.677871127124,0.0,1009055.7352410126,2782643.9470652454
77.4,3056.9884588464083,0.0,1012106.4131121398,2791266.076728407
77.5,3063.3121005553453,0.0,1015163.4015709863,2799906.0420031487
77.60000000000001,3069.648823257227,0.0,1018226.7136715417,2808563.879783957
77.7,3075.9986540112045,0.0,1021296.3624947988,2817239.627041636
77.80000000000001,3082.3616199324038,0.0,1024372.36114881,2825933.320823469
77.9,3088.7377481920394,0.0,1027454.7227687425,2834644.9982533744
78.0,3095.127066017533,0.0,1030543.4605169345,2843374.696532063
78.10000000000001,3101.5296006926274,0.0,1033638.587582952,2852122.4529372007
78.2,3107.945379557505,0.0,1036740.1171836447,2860888.3048235634
78.30000000000001,3114.374430008904,0.0,1039848.0625632022,2869672.2896232
78.4,3120.8167795002337,0.0,1042962.4369932112,2878474.44484559
78.5,3127.272455541695,0.0,1046083.2537727114,2887294.8080778043
78.60000000000001,3133.741485700394,0.0,1049210.526228253,2896133.416984667
78.7,3140.2238976004633,0.0,1052344.2677139535,2904990.3093089145
78.80000000000001,3146.719718923178,0.0,1055484.491611554,2913865.5228713565
78.9,3153.228977407073,0.0,1058631.2113304771,2922759.0955710392
79.0,3159.7517008480654,0.0,1061784.4403078842,2931671.065385406
79.10000000000001,3166.2879170995675,0.0,1064944.1920087324,2940601.4703704594
79.2,3172.837654072611,0.0,1068110.479925832,2949550.348660925
79.30000000000001,3179.4009397359628,0.0,1071283.3175799046,2958517.7384704123
79.4,3185.977802116246,0.0,1074462.7185196406,2967503.67809158
79.5,3192.5682692980595,0.0,1077648.6963217568,2976508.2058962975
79.60000000000001,3199.1723694240964,0.0,1080841.2645910548,2985531.3603358096
79.7,3205.7901306952667,0.0,1084040.4369604788,2994573.1799409017
79.80000000000001,3212.4215813708156,0.0,1087246.227091174,3003633.7033220627
79.9,3219.0667497684453,0.0,1090458.6486725449,3012712.9691696507
80.0,3225.7256642644356,0.0,1093677.7154223132,3021811.016254058
80.10000000000001,3232.398353293765,0.0,1096903.4410865777,3030927.8834258774
80.2,3239.0848453502317,0.0,1100135.8394398715,3040063.6096160673
80.30000000000001,3245.7851689865765,0.0,1103374.9242852216,3049218.233836117
80.4,3252.4993528146038,0.0,1106620.7094542081,3058391.795178216
80.5,3259.2274255053035,0.0,1109873.2088070228,3067584.332815418
80.60000000000001,3265.9694157889744,0.0,1113132.4362325282,3076795.8860018104
80.7,3272.7253524553457,0.0,1116398.4056483172,3086026.494072681
80.80000000000001,3279.4952643537017,0.0,1119671.1310007726,3095276.196444685
80.9,3286.279180393003,0.0,1122950.6262651263,3104545.032616016
81.0,3293.077129542012,0.0,1126236.9054455194,3113833.042166571
81.10000000000001,3299.8891408294135,0.0,1129529.9825750613,3123140.264758123
81.2,3306.715243343942,0.0,1132829.8717158907,3132466.7401344883
81.30000000000001,3313.5554662345044,0.0,1136136.5869592347,3141812.5081216963
81.4,3320.4098387103045,0.0,1139450.1424254691,3151177.6086281603
81.5,3327.278390040968,0.0,1142770.5522641793,3160562.0816448475
81.60000000000001,3334.161149556667,0.0,1146097.8306542202,3169965.96724545
81.7,3341.058146648246,0.0,1149431.991803777,3179389.3055865546
81.80000000000001,3347.969410767346,0.0,1152773.0499504253,3188832.1369078173
81.9,3354.894971426532,0.0,1156121.0193611926,3198294.5015321323
82.0,3361.8348581994182,0.0,1159475.9143326192,3207776.439865805
82.10000000000001,3368.789100720795,0.0,1162837.7491908185,3217277.9923987254
82.2,3375.7577286867536,0.0,1166206.5382915393,3226799.199704539
82.30000000000001,3382.7407718548147,0.0,1169582.296020226,3236340.1024408224
82.4,3389.738260044055,0.0,1172965.0367920808,3245900.7413492557
82.5,3396.750223135235,0.0,1176354.7750521249,3255481.1572557967
82.60000000000001,3403.776691070925,0.0,1179751.5252752602,3265081.391070855
82.7,3410.817693855635,0.0,1183155.3019663312,3274701.4837894663
82.80000000000001,3417.873261555941,0.0,1186566.1196601868,3284341.4764914694
82.9,3424.9434243006153,0.0,1189983.9929217428,3294001.4103416796
83.0,3432.0282122807535,0.0,1193408.9363460434,3303681.3265900644
83.10000000000001,3439.127655749904,0.0,1196840.964558324,3313381.2665719213
83.2,3446.241785024198,0.0,1200280.092214074,3323101.271708053
83.30000000000001,3453.3706304824777,0.0,1203726.3339990983,3332841.3835049453
83.4,3460.514222566426,0.0,1207179.7046295807,3342601.6435549427
83.5,3467.6725917806975,0.0,1210640.2188521472,3352382.0935364277
83.60000000000001,3474.8457686930487,0.0,1214107.891443928,3362182.775213998
83.7,3482.033783934468,0.0,1217582.7372126211,3372003.730438644
83.80000000000001,3489.2366681993053,0.0,1221064.7709965557,3381845.0011479305
83.9,3496.4544522454066,0.0,1224554.007664755,3391706.629366172
84.0,3503.6871668942413,0.0,1228050.4621170005,3401588.657204614
84.10000000000001,3510.9348430310365,0.0,1231554.1492838948,3411491.1268616137
84.2,3518.1975116049075,0.0,1235065.0841269258,3421414.0806228183
84.30000000000001,3525.475203628991,0.0,1238583.2816385308,3431357.560861347
84.4,3532.7679501805774,0.0,1242108.7568421597,3441321.610037971
84.5,3540.0757824012417,0.0,1245641.5247923404,3451306.270701295
84.60000000000001,3547.398731496979,0.0,1249181.6005747416,3461311.585487941
84.7,3554.736828738337,0.0,1252728.9993062385,3471337.5971227256
84.80000000000001,3562.0901054605483,0.0,1256283.7361349768,3481384.3484188477
84.9,3569.4585930636654,0.0,1259845.8262404373,3491451.8822780675
85.0,3576.8423230126946,0.0,1263415.284833501,3501540.241690892
85.10000000000001,3584.24132683773,0.0,1266992.1271565137,3511649.469736757
85.2,3591.6556361340886,0.0,1270576.3684833515,3521779.609584213
85.30000000000001,3599.085282562445,0.0,1274168.0241194856,3531930.704491107
85.4,3606.530297848967,0.0,1277767.1094020482,3542102.7978047687
85.5,3613.99071378545,0.0,1281373.639699897,3552295.932962197
85.60000000000001,3621.4665622294538,0.0,1284987.6304136824,3562510.1534902416
85.7,3628.957875104438,0.0,1288609.0969759119,3572745.5030057933
85.80000000000001,3636.464684399899,0.0,1292238.0548510163,3583002.025215967
85.9,3643.987022171506,0.0,1295874.5195354163,3593279.76391829
86.0,3651.524920541238,0.0,1299518.5065575878,3603578.763000888
86.10000000000001,3659.078411697521,0.0,1303170.031478129,3613899.066442673
86.2,3666.6475278953662,0.0,1306829.1098898265,3624240.7183135324
86.30000000000001,3674.2323014565063,0.0,1310495.757417722,3634603.762774514
86.4,3681.8327647695346,0.0,1314169.9897191785,3644988.2440780182
86.5,3689.448950290043,0.0,1317851.822483948,3655394.2065679845
86.60000000000001,3697.08089054076,0.0,1321541.271434238,3665821.6946800817
86.7,3704.7286181116906,0.0,1325238.3523247787,3676270.752941897
86.80000000000001,3712.392165660255,0.0,1328943.0809428904,3686741.425973128
86.9,3720.0715659114285,0.0,1332655.4731085505,3697233.758485771
87.0,3727.76685165788,0.0,1336375.544674462,3707747.7952843127
87.10000000000001,3735.4780557601134,0.0,1340103.3115261197,3718283.5812659226
87.2,3743.205211146607,0.0,1343838.7895818797,3728841.1614206433
87.30000000000001,3750.948350813954,0.0,1347581.9947930262,3739420.580831583
87.4,3758.7075078270054,0.0,1351332.9431438402,3750021.884675109
87.5,3766.482715319008,0.0,1355091.6506516673,3760645.1182210385
87.60000000000001,3774.274006491749,0.0,1358858.1333669862,3771290.326832834
87.7,3782.081414615695,0.0,1362632.407373478,3781957.555967796
87.80000000000001,3789.9049730301363,0.0,1366414.4887880937,3792646.8511772575
87.9,3797.7447151433284,0.0,1370204.3937611238,3803358.258106778
88.0,3805.600674432634,0.0,1374002.138476267,3814091.8224963387
88.10000000000001,3813.472884444667,0.0,1377807.7391506997,3824847.5901805386
88.2,3821.3613787954355,0.0,1381621.2120351444,3835625.6070887884
88.30000000000001,3829.2661911704845,0.0,1385442.57341394,3846425.9192455085
88.4,3837.187355325041,0.0,1389271.8396051105,3857248.5727703245
88.5,3845.1249050841575,0.0,1393109.0269604356,3868093.613878264
88.60000000000001,3853.0788743428566,0.0,1396954.1518655198,3878961.0888799555
88.7,3861.0492970662754,0.0,1400807.2307398627,3889851.0441818233
88.80000000000001,3869.0362072898106,0.0,1404668.2800369288,3900763.5262862886
88.9,3877.0396391192644,0.0,1408537.3162442187,3911698.5817919667
89.0,3885.0596267309897,0.0,1412414.355883338,3922656.2573938654
89.10000000000001,3893.0962043720365,0.0,1416299.415510069,3933636.599883586
89.2,3901.149406360297,0.0,1420192.5117144412,3944639.656149522
89.30000000000001,3909.2192670846525,0.0,1424093.6611208015,3955665.4731770586
89.4,3917.3058210051227,0.0,1428002.8803878862,3966714.098048776
89.5,3925.4091026530086,0.0,1431920.1862088912,3977785.577944647
89.60000000000001,3933.529146631043,0.0,1435845.5953115441,3988879.9601422413
89.7,3941.6659876135377,0.0,1439779.1244581752,3999997.292016926
89.80000000000001,3949.819660346531,0.0,1443720.7904457888,4011137.6210420686
89.9,3957.9901996479357,0.0,1447670.6101061353,4022300.994789238
90.0,3966.1776404076895,0.0,1451628.600305783,4033487.4609284108
90.10000000000001,3974.3820175879027,0.0,1455594.7779461907,4044697.067228171
90.2,3982.6033662230075,0.0,1459569.1599637787,4055929.861555918
90.30000000000001,3990.841721419907,0.0,1463551.7633300016,4067185.8918780675
90.4,3999.097118358128,0.0,1467542.6050514216,4078465.206260259
90.5,4007.3695922899665,0.0,1471541.7021697797,4089767.852867558
90.60000000000001,4015.659178540643,0.0,1475549.0717620696,4101093.8799646664
90.7,4023.9659125084504,0.0,1479564.7309406102,4112443.3359161234
90.80000000000001,4032.289829664906,0.0,1483588.6968531187,4123816.269186515
90.9,4040.630965554903,0.0,1487620.9866827836,4135212.7283406807
91.0,4048.9893557968626,0.0,1491661.6176483384,4146632.7620439203
91.10000000000001,4057.365036082885,0.0,1495710.6070041354,4158076.419062202
91.2,4065.7580421789035,0.0,1499767.9720402183,4169543.7482623705
91.30000000000001,4074.1684099248355,0.0,1503833.730082397,4181034.7986123557
91.4,4082.5961752347366,0.0,1507907.8984923218,4192549.619181382
91.5,4091.0413740969534,0.0,1511990.4946675566,4204088.259140178
91.60000000000001,4099.504042574278,0.0,1516081.5360416535,4215650.767761184
91.7,4107.984216804102,0.0,1520181.0400842277,4227237.194418768
91.80000000000001,4116.4819329985685,0.0,1524289.0243010318,4238847.588589432
91.9,4124.99722744473,0.0,1528405.5062340305,4250481.999852021
92.0,4133.530136504702,0.0,1532530.5034614753,4262140.477887943
92.10000000000001,4142.080696615816,0.0,1536664.03359798,4273823.072481374
92.2,4150.64894429078,0.0,1540806.1142945958,4285529.833519473
92.30000000000001,4159.234916117829,0.0,1544956.7632388866,4297260.810992593
92.4,4167.838648760887,0.0,1549115.9981550043,4309016.054994499
92.5,4176.460178959718,0.0,1553283.8368037653,4320795.615722579
92.60000000000001,4185.0995435300865,0.0,1557460.296982725,4332599.543478057
92.7,4193.756779363913,0.0,1561645.396526255,4344427.888666211
92.80000000000001,4202.431923429432,0.0,1565839.1533056188,4356280.701796585
92.9,4211.12501277135,0.0,1570041.5852290483,4368158.033483207
93.0,4219.836084511005,0.0,1574252.7102418197,4380059.934444807
93.10000000000001,4228.565175846521,0.0,1578472.5463263306,4391986.455505026
93.2,4237.312324052972,0.0,1582701.111502177,4403937.6475926405
93.30000000000001,4246.077566482538,0.0,1586938.42382623,4415913.56174178
93.4,4254.860940564664,0.0,1591184.5013927126,4427914.249092137
93.5,4263.662483806222,0.0,1595439.3623332772,4439939.760889198
93.60000000000001,4272.48223379167,0.0,1599703.0248170835,4451990.148484448
93.7,4281.320228183214,0.0,1603975.507050875,4464065.463335601
93.80000000000001,4290.176504720964,0.0,1608256.8272790583,4476165.757006815
93.9,4299.051101223102,0.0,1612547.0037837792,4488291.081168911
94.0,4307.944055586038,0.0,1616846.0548850023,4500441.4875996
94.10000000000001,4316.855405784577,0.0,1621153.9989405884,4512617.028183695
94.2,4325.785189872074,0.0,1625470.8543463731,4524817.754913338
94.30000000000001,4334.733445980603,0.0,1629796.6395362453,4537043.719888224
94.4,4343.700212321118,0.0,1634131.3729822258,4549294.975315819
94.5,4352.685527183614,0.0,1638475.0731945469,4561571.573511582
94.60000000000001,4361.689428937293,0.0,1642827.7587217304,4573873.566899194
94.7,4370.711956030727,0.0,1647189.4481506678,4586201.00801078
94.80000000000001,4379.753146992022,0.0,1651560.1601066985,4598553.949487129
94.9,4388.813040428982,0.0,1655939.9132536906,4610932.444077924
95.0,4397.8916750292765,0.0,1660328.7262941196,4623336.544641964
95.10000000000001,4406.989089560601,0.0,1664726.6179691488,4635766.304147392
95.2,4416.105322870848,0.0,1669133.6070587095,4648221.775671919
95.30000000000001,4425.2404138882675,0.0,1673549.7123815804,4660703.012403053
95.4,4434.394401621638,0.0,1677974.9527954687,4673210.067638325
95.5,4443.567325160431,0.0,1682409.3471970903,4685742.994785514
95.60000000000001,4452.759223674977,0.0,1686852.9145222506,4698301.847362881
95.7,4461.970136416633,0.0,1691305.6737459255,4710886.678999391
95.80000000000001,4471.200102717952,0.0,1695767.6438823421,4723497.543434949
95.9,4480.44916199285,0.0,1700238.84398506,4736134.49452062
96.0,4489.7173537367735,0.0,1704719.2931470529,4748797.58621887
