reaction_id,reaction_name,flux
AACOAR_syn,Acetoacetyl-CoA reductase (R-specific),30.334581673306758
SK_phb_c,Demand reaction for PHB accumulation,30.334581673306758
PHBS_syn_1,PHB synthetase,30.334581673306758
O2tpp,O2 transport via diffusion (periplasm),20.000000000000007
PYK,Pyruvate kinase,20.000000000000004
EX_co2_e,R_EX_co2_e,20.0
O2tex,Oxygen transport via diffusion (extracellular to periplasm),20.0
EX_o2_e,R_EX_o2_e,-20.0
H2Otex,H2O transport via diffusion (extracellular to periplasm),19.999999999999996
ALCD19,Alcohol dehydrogenase (glycerol),19.999999999999996
ACACT1r,Acetyl-CoA C-acetyltransferase,15.21125719344857
OCOAT1,3-oxoacid CoA-transferase (Succinyl-CoA: acetoacetate),10.77666666666671
13PPDH,"1,3-propanediol dehydrogenase",10.759141212925625
ALATA_L,L-alanine transaminase,-10.000000000000036
EX_succ_e,R_EX_succ_e,10.000000000000002
ENO,Enolase,10.000000000000002
GLYCK,Glycerate kinase,10.000000000000002
EX_nac_e,R_EX_nac_e,10.000000000000002
PGM,Phosphoglycerate mutase,-10.000000000000002
TARTDC,Tartrate decarboxylase,10.000000000000002
NAPRT,NAPRTase (rev),-10.000000000000002
GALpts,Galactose transport via PTS,-10.0
3NUCLE4,3  nucleotidase  guanosine 3  phosphate,-10.0
EX_23cgmp_e,R_EX_23cgmp_e,-10.0
GALUi,UTP-glucose-1-phosphate uridylyltransferase (irreversible),10.0
NACt,Nicotinic acid transport,-10.0
CO2tpp,CO2 transporter via diffusion (periplasm),-10.0
GLYALDt,Glyceraldehyde facilitated diffusion,10.0
CO2tex,CO2 transport via diffusion (extracellular to periplasm),-10.0
CO2t,CO2 transporter via diffusion,-10.0
ALAtpp,L-alanine export via facilited diffusion,10.0
ACACtex,Acetoacetate transport via diffusion (extracellular to periplasm),10.0
ALAtex,L-alanine transport via diffusion (extracellular to periplasm),-10.0
A6PAG,,10.0
EX_nh4_e,R_EX_nh4_e,10.0
EX_nmn_e,R_EX_nmn_e,-10.0
ALCD19y,Alcohol dehydrogenase  glycerol  NADP,-10.0
EX_tartr__L_e,R_EX_tartr__L_e,-10.0
EX_acac_e,R_EX_acac_e,-10.0
NH4t,Ammonia reversible transport,-10.0
GALT,Galactose 1 phosphate uridylyltransferase,-10.0
23CGMPtex,23cGMP transport via diffusion (extracellular to periplasm),10.0
TARTRt7,Tartrate/succinate antiporter,10.0
13PPDH2,"1,3-propanediol dehydrogenase",-10.0
EX_ala__L_e,R_EX_ala__L_e,10.0
EX_glyald_e,R_EX_glyald_e,-10.0
23PDE9pp,"2',3'-cyclic-nucleotide phosphodiesterase (GMP) (periplasm)",10.0
GALKr,Galactokinase,-10.0
EX_3gmp_e,R_EX_3gmp_e,10.0
UDPG4E,UDPglucose 4-epimerase,10.0
EX_gthrd_e,R_EX_gthrd_e,-10.0
EX_h2o_e,R_EX_h2o_e,-10.0
EX_h_e,R_EX_h_e,-10.0
EX_gal_e,R_EX_gal_e,10.0
3GMPtex_1,3GMP transport via diffusion (extracellular to cytoplasm),-10.0
EX_pi_e,R_EX_pi_e,9.999999999999998
GSNt2pp,Guanosine transport in via proton symport (periplasm),9.999999999999998
3NTD9pp,3'-nucleotidase (GMP) (periplasm),9.999999999999998
PItex,Phosphate transport via diffusion (extracellular to periplasm),-9.999999999999998
PGMT,Phosphoglucomutase,-9.999999999999998
NMNP,NMN permease,9.999999999999998
ACACt2pp,Acetoacetate transport via proton symport  (periplasm),9.999999999999998
PRPPS,Phosphoribosylpyrophosphate synthetase,-9.99999999999997
NMNDA,Nicotinamide-nucleotide amidase,9.99999999999997
NADHPO,NADH peroxidase,9.946239486498833
NOX,NADH oxidase,9.946239486498799
EX_4abut_e,R_EX_4abut_e,-9.263873395307408
ABUTt2r,4 aminobutyrate reversible transport in via proton symport,9.263873395307408
ABTA,4-aminobutyrate transaminase,9.263873395307408
SSCOARy,Succinyl-coA reductase (NADPH),-9.263873395307407
EX_glyc_e,R_EX_glyc_e,9.24085878707437
GLYCt,Glycerol transport via channel,9.24085878707437
CYTBD2pp,Cytochrome oxidase bd (menaquinol-8: 2 protons) (periplasm),8.800836653385335
ATPM,R_ATPM,8.39
PGI,Glucose-6-phosphate isomerase,-8.333333333333286
RPI,Ribose-5-phosphate isomerase,6.666666666666643
RPE,Ribulose 5-phosphate 3-epimerase,6.666666666666643
BDH,3-HYDROXYBUTYRATE-DEHYDROGENASE-RXN,5.123324479858188
BHBtpp,Transport of (r)-3-hydroxybutanoate [extraorganism-cytosol](passive),5.123324479858188
EX_bhb_e,R_EX_bhb_e,-5.123324479858188
RHA40tex,R 3 Hydroxy acid transport diffusion C40  extracellular to periplasm,-5.123324479858188
EX_gthox_e,R_EX_gthox_e,5.0
EX_h2o2_e,R_EX_h2o2_e,-5.0
GTHPe,Glutathione peroxidase,5.0
ABTt_1,L arabinitol transport via passive diffusion,-4.999999999997778
EX_arab__L_e,R_EX_arab__L_e,-4.999999999997778
EX_abt__L_e,R_EX_abt__L_e,4.999999999997778
ARABRr,Arabinose reductase,4.999999999997778
ARBt2r,L-arabinose transport via proton symport,4.999999999997778
MDH,Malate dehydrogenase,4.917215582115897
SUCD2,Succinate dehydrogenase dehydrogenase (menaquinone 8 as acceptor),4.917215582115897
FADMQOR,Menaquinone:FAD oxidoreductase,4.917215582115897
FUM,Fumarase,4.917215582115897
CYTB_B2,Menaquinol oxidase  71 protons,4.917215582115896
TTDCEAtexi,Tetradecenoate transport via facilitated irreversible diffusion (extracellular to periplasm),4.917215582115869
EX_ttdcea_e,R_EX_ttdcea_e,-4.917215582115869
ACOAD5_1,Acyl CoA dehydrogenase  dodecanoyl CoA,4.917215582115868
CTECOAI6,3-cis-2-trans-enoyl-CoA isomerase,4.917215582115868
FACOAL141t2pp,Fatty-acid-CoA ligase (tetradecenoate transport via vectoral Co-A coupling),4.917215582115868
ACACT6r_1,Acetyl CoA C acyltransferase  dodecanoyl CoA,-4.917215582115868
HACD6,3-hydroxyacyl-CoA dehydrogenase (3-oxotetradecanoyl-CoA),-4.917215582115868
ECOAH5_1,3 hydroxyacyl CoA dehydratase  3 hydroxydodecanoyl CoA,-4.917215582115868
ECOAH6,3-hydroxyacyl-CoA dehydratase (3-hydroxytetradecanoyl-CoA),-4.917215582115868
MCITL2,Methylisocitrate lyase,4.917215582115867
MCA,Methyl cis aconitase,4.917215582115867
ECOAH2c,Enoyl CoA hydratase  bacterial,4.917215582115866
MCITS,2-methylcitrate synthase,4.917215582115866
HIBD,3 hydroxyisobutyrate dehydrogenase,4.917215582115866
ECOAH4,3-hydroxyacyl-CoA dehydratase (3-hydroxydecanoyl-CoA),-4.917215582115865
ECOAH2,3-hydroxyacyl-CoA dehydratase (3-hydroxyhexanoyl-CoA),-4.917215582115865
IBTMr,Isobutyryl-CoA mutase,4.917215582115865
ACOAD3,Acyl-CoA dehydrogenase (octanoyl-CoA),4.917215582115865
ACOAD4_1,Acyl CoA dehydrogenase  decanoyl CoA,4.917215582115865
HIBHr,3 hydroxyisobutyryl CoA hydrolase,4.917215582115865
HACD5,3-hydroxyacyl-CoA dehydrogenase (3-oxododecanoyl-CoA),-4.917215582115865
ACACT5r_1,Acetyl CoA C acyltransferase  decanoyl CoA,-4.917215582115865
ACACT2r,Acetyl-CoA C-acyltransferase (butanoyl-CoA) (r),-4.917215582115865
HACD4,3-hydroxyacyl-CoA dehydrogenase (3-oxodecanoyl-CoA),-4.917215582115865
RHACOAR80,3R  3 Hydroxyacyl CoANADP oxidoreductase,-4.917215582115865
RECOAH3,3 hydroxyacyl Coa dehydratase   3R  3 hydroxyoctanoyl CoA,-4.917215582115865
HACD2,3-hydroxyacyl-CoA dehydrogenase (3-oxohexanoyl-CoA),-4.917215582115865
ACACT4r,Acetyl-CoA C-acyltransferase (octanoyl-CoA) (r),-4.917215582115865
ACOAD2,Acyl-CoA dehydrogenase (hexanoyl-CoA),-4.917215582115865
MMSAD1,Methylmalonate semialdehyde dehydrogenase,4.917215582115865
ACACT3r,Acetyl-CoA C-acyltransferase (hexanoyl-CoA) (r),-4.9172155821158645
Htex,Proton transport via diffusion (extracellular to periplasm),4.73722443559324
POR_syn,Pyruvate-ferredoxin oxidoreductase,4.3641832669325655
ACACCT,Acetyl-CoA:acetoacetyl-CoA transferase,4.346657813191478
ACS,Acetyl-CoA synthetase,4.346657813191477
NADH10,NADH dehydrogenase (menaquinone-8 & 0 protons),3.883621071269437
TALA,Transaldolase,3.333333333333322
TKT1,Transketolase,3.333333333333322
TKT2,Transketolase,3.3333333333333215
EX_tnt_e,R_EX_tnt_e,-2.909455511288377
TNTtpp,Trinitrotoluene transport via diffusion  periplasm to cytosol  irreversible,2.909455511288377
TNTtex,Trinitrotoluene transport via diffusion  extracellular to periplasm  irreversible,2.909455511288377
GLUDy,Glutamate dehydrogenase (NADP),2.567680389551364
ACOADH2,Acyl CoA dehydrogenase  isobutyryl CoA,2.458607791057933
GLUDxi,Glutamate dehydrogenase  NAD,-1.8490792385997998
TPI,Triose-phosphate isomerase,-1.6666666666666765
FBA,Fructose-bisphosphate aldolase,-1.666666666666645
FBP,Fructose-bisphosphatase,1.666666666666645
MDNTHAep,N  2 methyl 3 5 dinitrophenyl  4 methyl 3 5 dinitroaniline extrusion pump,1.4547277556441887
TNTHAC2,2 4 6 dinitrotoluene meisenheimer dihydrideTNT derived hydroxylamines condensation,1.4547277556441887
EX_2m35mdntha_e,R_EX_2m35mdntha_e,1.4547277556441887
GDH1,Glutamate dehydrogenase (NAD),-1.4547277556441884
NOR_syn_1,Ferredoxin-Nitrite Reductase,1.4547277556441884
TNTR2x,TNT nitroreductase 2 Hydroxylamino 4 6 dinitrotoluene,1.4547277556441884
HEX1,Hexokinase (D-glucose:ATP),0.8333333333333554
EX_malt_e,R_EX_malt_e,-0.8333333333333554
PEPA,MNXR86162,0.8333333333333554
MALTt2,Maltose transport in via proton symport,0.8333333333333554
MAL6PG,Maltose 6  phosphate glucosidase,0.8333333333333554
SUCOAS,Succinyl-CoA synthetase (ADP-forming),0.7766666666666784
GLYCDH,Glycerol dehydratase,0.7591412129256276
LDH_L,L-lactate dehydrogenase,0.7591412129256258
13PPDH2_1,"1,3-propanediol dehydrogenase",-0.7591412129256256
LCADi,Lactaldehyde dehydrogenase,0.7591412129256256
3OXCOAT,3-oxoadipyl-CoA thiolase,0.7361266046926224
H2tex,Hydrogen transport via diffusion (extracellular to periplasm),-0.7361266046926224
PHACOAOR,Phenylacetyl-CoA oxygenase/reductase,0.7361266046926224
EX_h2_e,R_EX_h2_e,0.7361266046926224
DHPACCOAHIT,"1,2-Dihydroxy-1,2-dihydrophenylacetyl-CoA Hydratase/Isomerase/Ketothiolase complex",0.7361266046926224
H2tpp,Hydrogen transport diffusion (periplasm),-0.7361266046926223
PACCOAL,Phenylacetate-CoA ligase,0.7361266046926223
EX_pacald_e,R_EX_pacald_e,-0.7361266046926223
PACALDt,Phenylacetaldehyde transport  extracellular,-0.7361266046926223
HADPCOADH,3-hydroxyadipyl-CoA dehydrogenase,0.7361266046926223
ALDD19xr,"Aldehyde dehydrogenase (phenylacetaldehyde, NAD)",0.7361266046926223
TNTR3,TNT nitroreductase Meisenheimer monohydride complex forming,0.7273638778220941
TNTR4,TNT nitroreductase Meisenheimer dihydride complex forming,0.7273638778220941
ACLS,Acetolactate synthase,0.7186011509515338
KARA1,"Ketol-acid reductoisomerase (2,3-dihydroxy-3-methylbutanoate)",-0.7186011509515338
VALDHr,Valine dehydrogenase,-0.7186011509515338
DHAD1,"Dihydroxy-acid dehydratase (2,3-dihydroxy-3-methylbutanoate)",0.7186011509515338
VALt3pp,L-valine transport out via proton antiport (periplasm),0.7186011509515337
EX_val__L_e,R_EX_val__L_e,0.7186011509515337
VALtex,L-valine transport via diffusion (extracellular to periplasm),-0.7186011509515337
EX_pyr_e,R_EX_pyr_e,-0.12502877379413685
PYRtex,Pyruvate transport via diffusion (extracellular to periplasm),0.12502877379413685
PYRt2rpp,Pyruvate reversible transport via proton symport (periplasm),0.12502877379413682
ASPTA6,E L-alanine-alpha-keto acid aminotransferase,3.3158641257447735e-14
ASPO6,L-aspartate oxidase,3.174503876098413e-14
QULNS,Quinolinate synthase,3.174503876098413e-14
NNDPR,Nicotinate-nucleotide diphosphorylase (carboxylating),3.174503876098413e-14
NADDPp_1,"NAD diphosphatase, peroxisomal",-2.570036495123505e-14
ADK1,Adenylate kinase,-2.084065664662888e-14
NDPK4,Nucleoside-diphosphate kinase (ATP:dTDP),8.312605670234883e-15
NADK5,NAD kinase  dTTP,8.31260567023488e-15
NTD7,5'-nucleotidase (AMP),-6.072066651740603e-15
ADNt2pp,Adenosine transport in via proton symport (periplasm),6.0720666517406025e-15
GUAt2r,Guanine reversible transport via proton symport,4.014751514077667e-15
EX_gua_e,R_EX_gua_e,-4.014751514077667e-15
PUNP3,Purine-nucleoside phosphorylase (Guanosine),-4.014751514077667e-15
PPM,Phosphopentomutase,-4.014751514077666e-15
EX_glu__L_e,R_EX_glu__L_e,-3.6360061275695105e-15
GLUt2r,L glutamate transport via proton symport  reversible,3.6360061275695105e-15
ECOAH5,3-hydroxyacyl-CoA dehydratase (3-hydroxydodecanoyl-CoA),2.9901435381605845e-15
H2Ot,H2O transport via diffusion,2.824108289334229e-15
NH4tex,Ammonia transport via diffusion (extracellular to periplasm),-1.913878579293638e-15
NH4tpp,Ammonia reversible transport (periplasm),-1.913878579293638e-15
ALAR,Alanine racemase,8.494504061699646e-16
ALATA_D,D-alanine transaminase,2.0410101784854374e-16
PDE4,"3',5'-cyclic-nucleotide phosphodiesterase",0.0
PDH,Pyruvate dehydrogenase,0.0
PDE1,"3',5'-cyclic-nucleotide phosphodiesterase",0.0
PDHcr,Pyruvate dehydrogenase (dihydrolipoamide dehydrogenase) reversible,0.0
PC,Pyruvate carboxylase,0.0
PBUTT,Phosphate butyryltransferase,0.0
PDHbr,Pyruvate dehydrogenase (dihydrolipoamide) reversible,0.0
PAP_BS,Phosphatidic acid phosphatase,0.0
ORNTAC_1,Ornithine transacetylase,0.0
ORNTA,Ornithine transaminase,0.0
OMPDC,Orotidine-5'-phosphate decarboxylase,0.0
OMCDC,2-Oxo-4-methyl-3-carboxypentanoate decarboxylation,0.0
OIVD3,2-oxoisovalerate dehydrogenase (acylating; 3-methyl-2-oxopentanoate),0.0
OIVD2,2-oxoisovalerate dehydrogenase (acylating; 3-methyl-2-oxobutanoate),0.0
OIVD1r,2-oxoisovalerate dehydrogenase (acylating; 4-methyl-2-oxopentaoate),0.0
OHPBAT,O-Phospho-4-hydroxy-L-threonine:2-oxoglutarate aminotransferase,0.0
OXDHCOAT,"3-oxo-5,6-dehydrosuberyl-CoA thiolase",0.0
OCTAtex,Octanoate transport via diffusion (extracellular to periplasm),0.0
OCOAT2r,3-oxoacid CoA-transferase (Succinyl-CoA: 3-methylbutanoate),0.0
OCBT_1,Ornithine carbamoyltransferase,0.0
OCBT,Ornithine carbamoyltransferase,0.0
OBDHc,"2-Oxobutanoate dehydrogenase, cytosolic",0.0
OAADCS,Oxaloacetate decarboxylase sodium pump,0.0
NTPP9_1,Nucleoside triphosphate pyrophosphorylase (itp),0.0
NTPP9,Nucleoside triphosphate pyrophosphorylase (itp),0.0
NTPP8,Nucleoside triphosphate pyrophosphorylase (utp),0.0
OCTDPS,Octaprenyl pyrophosphate synthase,0.0
PAPSR,Phosphoadenylyl-sulfate reductase (thioredoxin),0.0
PAPPT3,"Phospho-N-acetylmuramoyl-pentapeptide-transferase (meso-2,6-diaminopimelate)",0.0
PAP,Phosphatidate phosphatase,0.0
PANTS,Pantothenate synthase,0.0
PANO,,0.0
PACCOAE,"Ring 1,2-phenylacetyl-CoA epoxidase (NADPH)",0.0
PA161abcpp,"Phosphatidate transport via ABC system (n-C16:1, periplasm)",0.0
PA160abcpp,"Phosphatidate transport via ABC system (n-C16:0, periplasm)",0.0
P5CRx,Pyrroline-5-carboxylate reductase(nadh),0.0
ORNTA_1,Ornithine transaminase,0.0
P5CD,1-pyrroline-5-carboxylate dehydrogenase,0.0
P52O,,0.0
OXPTNDH,Glutarate-semialdehyde:NAD+ oxidoreductase,0.0
OXGDC,2 oxoglutarate decarboxylase,0.0
OXFOtex,Oxalate:Formate antiporter (extracellular to periplasm),0.0
OXCOAHDH,"Oxepin-CoA hydrolase/ 3-oxo-5,6-dehydrosuberyl-CoA semialdehyde dehydrogenase (NADP+)",0.0
OXAtpp,OxalateH antiporter  periplasm,0.0
OXADC,Oxalate decarboxylase,0.0
ORPT,Orotate phosphoribosyltransferase,0.0
P5CR,Pyrroline-5-carboxylate reductase,0.0
PRAMPC_1,Phosphoribosyl AMP cyclohydrolase,0.0
PRAIi,Phosphoribosylanthranilate isomerase (irreversible),0.0
PRAIS_1,Phosphoribosylaminoimidazole synthetase,0.0
PRAGSr,Phosphoribosylglycinamide synthase,0.0
PPTGS_BS,Peptidoglycan subunit synthesis,0.0
PPRDNDH,Piperideine dehydrogenase,0.0
PPPGO,Protoporphyrinogen oxidase (aerobic),0.0
PPOR,"Phenylpyruvate:oxygen oxidoreductase (hydroxylating,decarboxylating)",0.0
PPNDH,Prephenate dehydratase,0.0
PPND,Prephenate dehydrogenase,0.0
PPNCL,Phosphopantothenate-cysteine ligase,0.0
PPM2,Phosphopentomutase 2 (deoxyribose),0.0
NTPP8_1,Nucleoside triphosphate pyrophosphorylase (utp),0.0
PPCOAC,Propionyl-CoA carboxylase,0.0
PPCK,Phosphoenolpyruvate carboxykinase,0.0
PPCDC,Phosphopantothenoylcysteine decarboxylase,0.0
PPC,Phosphoenolpyruvate carboxylase,0.0
PPBNGS,Porphobilinogen synthase,0.0
PPAtex,Propionate transport via diffusion,0.0
PPAt4pp,Na+/Propionate symporter (periplasm),0.0
PPAt2pp,H+/Propionate symporter (periplasm),0.0
PPAKr,Propionate kinase,0.0
PPA,Inorganic diphosphatase,0.0
PNTOtex,Pantothenate transport via diffusion (extracellular to periplasm),0.0
PNTOt4pp,Pantothenate sodium symporter (periplasm),0.0
PPDD,Propanediol dehydratase,0.0
PTAr,Phosphotransacetylase,0.0
PTA2,Phosphate acetyltransferase,0.0
PSUDS,Pseudouridylate synthase,0.0
PSSA180,Phosphatidylserine syntase (n-C18:0),0.0
PSSA161,Phosphatidylserine syntase (n-C16:1),0.0
PSP_L,Phosphoserine phosphatase (L-serine),0.0
PSERT,Phosphoserine transaminase,0.0
PSD180,Phosphatidylserine decarboxylase (n-C18:0),0.0
PSD161,Phosphatidylserine decarboxylase (n-C16:1),0.0
PSCVT,3-phosphoshikimate 1-carboxyvinyltransferase,0.0
PROtex,L-proline transport via diffusion (extracellular to periplasm),0.0
PROt4pp,Na+/Proline-L symporter (periplasm),0.0
PRASCSi,Phosphoribosylaminoimidazolesuccinocarboxamide synthase,0.0
PROt2rpp,L-proline reversible transport via proton symport (periplasm),0.0
PROt2r,L proline reversible transport via proton symport,0.0
PROabc,L-proline transport via ABC system,0.0
PROHISGLUtr,Tripeptide Opp3 transport,0.0
PROGLYtex,L-Prolinylglycine transport via diffusion (extracellular to periplasm),0.0
PROGLYabcpp,L-Prolinylglycine (Pro-Gly) transport via ABC system (periplasm),0.0
PROAKGOX1,Prolyl 4-hydroxylase,0.0
PRO1x,Proline oxidase  L proline  NAD,0.0
PRMICI,1-(5-phosphoribosyl)-5-[(5-phosphoribosylamino)methylideneamino)imidazole-4-carboxamide isomerase,0.0
PRFGS_1,Phosphoribosylformylglycinamidine synthase,0.0
PRFGS,Phosphoribosylformylglycinamidine synthase,0.0
PRATPP,Phosphoribosyl-ATP pyrophosphatase,0.0
PROt4,Na+/Proline-L symporter,0.0
PHEMEt,Heme transport,0.0
PGSA181,Phosphatidylglycerol synthase (n-C18:1),0.0
PGPP181pp,"Phosphatidylglycerol phosphate phosphatase (periplasm, n-C18:1)",0.0
PGP181abcpp,"Phosphatidylglycerophosphate transport via ABC system (n-C18:1, periplasm)",0.0
PGMT_B,B phosphoglucomutase,0.0
PGMT_2,,0.0
PGLYCP_1,Phosphoglycolate phosphatase,0.0
PGLYCP,Phosphoglycolate phosphatase,0.0
PGL,6-phosphogluconolactonase,0.0
PGK,Phosphoglycerate kinase,0.0
PGI1c,"Glucose-6-phosphateisomerase,glycosome",0.0
PGCD,Phosphoglycerate dehydrogenase,0.0
PNTK_1,Pantothenate kinase,0.0
PG181abcpp,"Phosphatidylglycerol transport via ABC system (n-C18:1, periplasm)",0.0
PG180abcpp,"Phosphatidylglycerol transport via ABC system (n-C18:0, periplasm)",0.0
PG161abcpp,"Phosphatidylglycerol transport via ABC system (n-C16:1, periplasm)",0.0
PG160abcpp,"Phosphatidylglycerol transport via ABC system (n-C16:0, periplasm)",0.0
PFK_4,Phosphofructokinase (s7p),0.0
PFK_2,Phosphofructokinase,0.0
PFK,Phosphofructokinase,0.0
PERD,Erythronate 4-phosphate (4per) dehydrogenase,0.0
PE181abcpp,"Phosphatidylethanolamine transport via ABC system (n-C18:1, periplasm)",0.0
PE180abcpp,"Phosphatidylethanolamine transport via ABC system (n-C18:0, periplasm)",0.0
PE161abcpp,"Phosphatidylethanolamine transport via ABC system (n-C16:1, periplasm)",0.0
PE160abcpp,"Phosphatidylethanolamine transport via ABC system (n-C16:0, periplasm)",0.0
PGAMT,Phosphoglucosamine mutase,0.0
PNTK,Pantothenate kinase,0.0
PNP,Purine nucleoside phosphorylase,0.0
PMPK,Phosphomethylpyrimidine kinase,0.0
PMDPHT,Pyrimidine phosphatase,0.0
PMANM,Phosphomannomutase,0.0
PLPS_1,Pyridoxal-5-phosphate synthase,0.0
PLIPA2E180pp,"Phospholipase A2 (phosphatidylethanolamine, n-C18:0) (periplasm)",0.0
PLIPA2A161pp,"Phospholipase A2 (phosphatidate, n-C16:1) (periplasm)",0.0
PLIPA2A160pp,"Phospholipase A2 (phosphatidate, n-C16:0) (periplasm)",0.0
PLIPA1G181pp,"Phospholipase A1 (phosphatidylglycerol, n-C18:1) (periplasm)",0.0
PLIPA1G180pp,"Phospholipase A1 (phosphatidylglycerol, n-C18:0) (periplasm)",0.0
PLIPA1G161pp,"Phospholipase A1 (phosphatidylglycerol, n-C16:1) (periplasm)",0.0
PHETA1,Phenylalanine transaminase,0.0
PLIPA1E181pp,"Phospholipase A1 (phosphatidylethanolamine, n-C18:1) (periplasm)",0.0
PLIPA1E180pp,"Phospholipase A1 (phosphatidylethanolamine, n-C18:0) (periplasm)",0.0
PLIPA1E161pp,"Phospholipase A1 (phosphatidylethanolamine, n-C16:1) (periplasm)",0.0
PLIPA1E160pp,"Phospholipase A1 (phosphatidylethanolamine, n-C16:0) (periplasm)",0.0
PLCD,PLCD,0.0
PIt7,Phosphate transport in/out via three Na+ symporter,0.0
PIt2rpp,Phosphate reversible transport via symport (periplasm),0.0
PIt2r,Phosphate reversible transport via symport,0.0
PIabc,Phosphate transport via ABC system,0.0
PHHL2,,0.0
PHHL,,0.0
PHEt2r,L phenylalanine reversible transport via proton symport,0.0
PHEabc,,0.0
PLIPA1G160pp,"Phospholipase A1 (phosphatidylglycerol, n-C16:0) (periplasm)",0.0
MI1PP,Myo-inositol 1-phosphatase,0.0
MHPGLUT2,5-methyltetrahydropteroyltriglutamate methyltransferase,0.0
MHPGLUT,5 methyltetrahydropteroyltriglutamate homocysteine S methyltransferase,0.0
MGt5,Magnesium transport in/out via permease (no H+),0.0
MGSA,Methylglyoxal synthase,0.0
MGCH,Methylglutaconyl-CoA hydratase,0.0
MG2tex,Magnesium (Mg+2) transport via diffusion (extracellular to periplasm),0.0
MFUMt8,Na+/fumarate symporter,0.0
METte,Methionine antiporter,0.0
METt3pp,L-methionine tranport out via proton antiport (periplasm),0.0
METabcpp,L-methionine transport via ABC system (periplasm),0.0
METabc,L-methionine transport via ABC system,0.0
NI2tex,Nickel transport via diffusion (extracellular to periplasm),0.0
METSRabc,L methionine R oxide transport via ABC system,0.0
METSR_S2,L methionine S oxide reductase  H2O2,0.0
METSR_S1,L methionine S oxide reductase  trdrd,0.0
METSR_R2,L methionine R oxide  H2O2,0.0
METSR_R1,L methionine R oxide reductase  trdrd,0.0
METSOXR2,L-methionine-R-sulfoxide reductase,0.0
METSOXR1,L-methionine-S-oxide reductase,0.0
METSOX2abc,L-Methionine R-oxide transport via ABC system,0.0
METSOX1abc,L-Methionine S-oxide transport via ABC system,0.0
METS,Methionine synthase,0.0
METOX2s,Methionine oxidation 2 (spontaneous),0.0
METOX1s,Methionine oxidation (spontaneous),0.0
METGL,Methionine g lyase,0.0
METSabc,L methionine S oxide transport via ABC system,0.0
MNabc,Manganese transport via ABC system,0.0
MNLtex,Mannitol transport via diffusion (extracellular to periplasm),0.0
MNLptspp,Mannitol transport via PEP:Pyr PTS (periplasm),0.0
MNLpts,Mannitol transport via PEP:Pyr PTS,0.0
MN6PP,Mannose 6-phosphate phosphatase,0.0
MN2t3pp,Manganese (Mn+2) transport out via proton antiport (periplasm),0.0
MMSDHir,Methylmalonate semialdehyde dehydrogenase  acylating,0.0
MMSAD3,Methylmalonate-semialdehyde dehydrogenase (malonic semialdehyde),0.0
MMSAD2,Methylmalonate-semialdehyde dehydrogenase (propanol),0.0
MMM2,Methylmalonyl-CoA mutase,0.0
MMM,Methylmalonyl-CoA mutase,0.0
MMETtex,S-methyl-L-methionine transport via diffusion (extracellular to periplasm),0.0
MMETt2pp,S-methylmethionine permease (periplasm),0.0
MLDCP1App,"Murein L,D-carboxypeptidase (murein5px4p) (periplasm)",0.0
MMCD,Methylmalonyl-CoA decarboxylase,0.0
MLTGY4pp,Murein lytic transglycosylase (murein4px4p4p) (periplasm),0.0
MLTGY3pp,Murein lytic transglycosylase (murein3p3p) (periplasm),0.0
MLTGY2pp,Murein lytic transglycosylase (murein4p3p) (periplasm),0.0
MLTGY1pp,Murein lytic transglycosylase (murein4p4p) (periplasm),0.0
MLTG2,Maltodextrin glucosidase (maltotetraose),0.0
MLTG1,Maltodextrin glucosidase (maltotriose),0.0
MLDEP2pp,"Murein L,D-endopeptidase (murein5px3p) (periplasm)",0.0
MLDEP1pp,"Murein L,D-endopeptidase (murein3px3p) (periplasm)",0.0
MLDCP3App,"Murein L,D-carboxypeptidase (murein5px3p) (periplasm)",0.0
MLDCP2Bpp,"Murein L,D-carboxypeptidase (murein4p3p) (periplasm)",0.0
MLDCP2App,"Murein L,D-carboxypeptidase (murein5p5p) (periplasm)",0.0
MLDCP1Bpp,"Murein L,D-carboxypeptidase (murein4p4p) (periplasm)",0.0
MME,Methylmalonyl-CoA epimerase,0.0
MANpts,D-mannose transport via PEP:Pyr PTS,0.0
MANPGH,2-O-alpha-mannosyl-6-phosphate-D-glycerate hydrolase,0.0
MANGLYCtex,2-O-alpha-mannosyl-D-glycerate transport via diffusion (extracellular to periplasm),0.0
MANGLYCptspp,2-O-alpha-mannosyl-D-glycerate transport via PEP:Pyr PTS (periplasm),0.0
MAN6PI,Mannose-6-phosphate isomerase,0.0
MALt4,Namalate symporter,0.0
MALTpts,Maltose transport via PEP:Pyr PTS,0.0
MALTabc,Maltose transport via ABC system,0.0
MALTTTRabc,Maltotetraose transport via ABC system,0.0
MALTTRabc,Maltotriose transport via ABC system,0.0
MALT,Alpha glucosidase,0.0
MALS,Malate synthase,0.0
METDabc,D-methionine transport via ABC system,0.0
MALDt2_2pp,D-Malate transport via proton symport (2 H) (periplasm),0.0
MALDDH,Malate decarboxylating oxidoreductase (decarboxylating),0.0
MACCOAT,2-Methylacetyl-CoA thiolase,0.0
MACACI,Maleylacetoacetate isomerase,0.0
M1PD,Mannitol-1-phosphate 5-dehydrogenase,0.0
LYStex,L-lysine transport via diffusion (extracellular to periplasm),0.0
LYSt3r,L lysine transport out via proton antiport reversible,0.0
LYSt3pp,L-lysine transport out via proton antiport (cytoplasm to periplasm),0.0
LYSabcpp,L-lysine transport via ABC system (periplasm),0.0
LYSabc,L-lysine transport via ABC system,0.0
LYSGLUGLYtr,Tripeptide transport,0.0
LYSDC,Lysine decarboxylase,0.0
LTHRK,L threonine kinase,0.0
MALDtex,D-Malate transport via diffusion (extracellular to periplasm),0.0
METB1,Metb1 (rev),0.0
METAT,Methionine adenosyltransferase,0.0
MEPCT,2-C-methyl-D-erythritol 4-phosphate cytidylyltransferase,0.0
MEOHtrpp,Methanol reversible transport via diffusion (periplasm),0.0
MEOHtex,Methanol transport via diffusion (extracellular to periplasm),0.0
MELIBabc,Melibiose transport via ABC system (import),0.0
MECDPS,"2-C-methyl-D-erythritol 2,4-cyclodiphosphate synthase",0.0
MECDPDH2,"2C-methyl-D-erythritol 2,4 cyclodiphosphate dehydratase",0.0
ME2,Malic enzyme (NADP),0.0
MDRPD,5-Methylthio-5-deoxy-D-ribulose 1-phosphate dehydratase,0.0
MDDEP4pp,"Murein D,D-endopeptidase (murein4px4px4p) (periplasm)",0.0
MDDEP3pp,"Murein D,D-endopeptidase (murein5px4p) (periplasm)",0.0
MDDEP2pp,"Murein D,D-endopeptidase (murein3px4p) (periplasm)",0.0
MANt2,D mannose transport in via proton symport,0.0
MDDCP5pp,"Murein D,D-carboxypeptidase (murein5p3p) (periplasm)",0.0
MDDCP4pp,"Murein D,D-carboxypeptidase (murein5p4p) (periplasm)",0.0
MDDCP3pp,"Murein D,D-carboxypeptidase (murein5p5p) (periplasm)",0.0
MDDCP2pp,"Murein D,D-carboxypeptidase (murein5px4px4p) (periplasm)",0.0
MDDCP1pp,"Murein D,D-carboxypeptidase (murein5px4p) (periplasm)",0.0
MCTP2App,Murein crosslinking transpeptidase 1A:(A2pm->D-ala) (periplasm),0.0
MCTP1Bpp,Murein crosslinking transpeptidase 1B:(A2pm->A2pm) (periplasm),0.0
MCTP1App,Murein crosslinking transpeptidase 1A:(A2pm->D-ala) (periplasm),0.0
MCTC_1,,0.0
MCSNAH,5-Methylcytosine aminohydrolase,0.0
MCCC,Methylcrotonoyl-CoA carboxylase,0.0
MCBTFUexs,Mycobactin Fe loading reaction  spontaneous,0.0
MBCOAi,"3-Methylbutanoyl-CoA:(acceptor) 2,3-oxidoreductase",0.0
MDDEP1pp,"Murein D,D-endopeptidase (murein4px4p) (periplasm)",0.0
NOS3,N-omega-Hydroxyarginine NADPH oxygen oxidoreductase,0.0
NOS1_1,Nitric Oxide Synthase (intermediate forming),0.0
NODOy,Nitric oxide dioxygenase,0.0
NODOx,Nitric oxide dioxygenase,0.0
NO3tex,Nitrate transport via diffusion (extracellular to periplasm),0.0
NO3t,"Nitrate transport, extracellular",0.0
NO3abcpp,Nitrate transport via ABC system (periplasm),0.0
NO3abc,,0.0
NO2tex,Nitrite transport via diffusion (extracellular to periplasm),0.0
NNATr,Nicotinate-nucleotide adenylyltransferase,0.0
NNAM,Nicotinamidase,0.0
NMO,Nitronate Monooxygenase,0.0
MNt2,Manganese transport in via proton symport,0.0
NMNHYD_1,Nicotinamide ribonucleotide phosphohydrolase,0.0
NMNAT,Nicotinamide-nucleotide adenylyltransferase,0.0
NIabc,Nickel transport via ABC system,0.0
NI2uabcpp,"Nickel transport via ABC system (uptake, periplasm)",0.0
PTHPS,6-pyruvoyltetrahydropterin synthase,0.0
NI2t4pp,Nickel transport out via antiport (periplasm),0.0
NI2t3pp,Nickle (Ni+2) transport out via proton antiport (periplasm),0.0
NI2abcpp,Nickle (Ni+2) ABC transporter (periplasm),0.0
NH4tpp_1,Ammonia ireversible transport (periplasm),0.0
NH3c,Ammomnium proton dissociation,0.0
NDPK9,Nucleoside diphosphate kinase  ATPIDP,0.0
NDPK8,Nucleoside-diphosphate kinase (ATP:dADP),0.0
NDPK7,Nucleoside-diphosphate kinase (ATP:dCDP),0.0
NMNN,NMN nucleosidase,0.0
NTPP7,Nucleoside triphosphate pyrophosphorylase (dttp),0.0
NTPP6,Nucleoside triphosphate pyrophosphorylase (atp),0.0
NTPP5,Nucleoside triphosphate pyrophosphorylase (datp),0.0
NTPP4,Nucleoside triphosphate pyrophosphorylase (ctp),0.0
NTPP3,Nucleoside triphosphate pyrophosphorylase (dctp),0.0
NTPP2_1,Nucleoside triphosphate pyrophosphorylase (gtp),0.0
NTPP2,Nucleoside triphosphate pyrophosphorylase (gtp),0.0
NTPP1_1,Nucleoside triphosphate pyrophosphorylase (dgtp),0.0
NTPP11_1,Nucleoside triphosphate pyrophosphorylase (xtp),0.0
NTPP11,Nucleoside triphosphate pyrophosphorylase (xtp),0.0
NTPP10_1,Nucleoside triphosphate pyrophosphorylase (ditp),0.0
NTPP10,Nucleoside triphosphate pyrophosphorylase (ditp),0.0
NTPP1,Nucleoside triphosphate pyrophosphorylase (dgtp),0.0
NPHS,Naphthoate synthase,0.0
NTP3,Nucleoside-triphosphatase (GTP),0.0
NTP10,Nucleoside-triphosphatase (ITP),0.0
NTP1,Nucleoside-triphosphatase (ATP),0.0
NTD9,5'-nucleotidase (GMP),0.0
NTD8,5'-nucleotidase (dGMP),0.0
NTD6,5'-nucleotidase (dAMP),0.0
NTD5,5'-nucleotidase (dTMP),0.0
NTD4,5'-nucleotidase (CMP),0.0
NTD3,5'-nucleotidase (dCMP),0.0
NTD2,5'-nucleotidase (UMP),0.0
NTD12,5'-nucleotidase (dIMP),0.0
NTD10,5'-nucleotidase (XMP),0.0
NTD1,5'-nucleotidase (dUMP),0.0
NTP5,Nucleoside-triphosphatase (CTP),0.0
NADH4,NADH dehydrogenase  Menaquinone 7  no proton,0.0
NADDP,NAD diphosphatase,0.0
NABTNO,N4 AcetylaminobutanalNAD oxidoreductase,0.0
MYCTR2,MYCTR2,0.0
MYCTR,MYCTR,0.0
MTRK,5-methylthioribose kinase,0.0
MTRI,5-methylthioribose-1-phosphate isomerase,0.0
MTHTHFSs,"(2R,4S)-2-methyl-2,3,3,4-tetrahydroxytetrahydrofuran synthesis (spontaneous)",0.0
MTHFR3,5 10 methylenetetrahydrofolatereductase  NADPH,0.0
MTHFD2i,Methylenetetrahydrofolate dehydrogenase  NAD,0.0
MTHFD,Methylenetetrahydrofolate dehydrogenase (NADP),0.0
MTHFC_1,Methenyltetrahydrofolate cyclohydrolase,0.0
MTHFC,Methenyltetrahydrofolate cyclohydrolase,0.0
NDPK6,Nucleoside-diphosphate kinase (ATP:dUDP),0.0
MTAM_1,,0.0
MSULR,Metanesulfonate reductase  NADPH2,0.0
MSO3tex,Methanesulfonate transport via diffusion (extracellular to periplasm),0.0
MSO3abcpp,Methanesulfonate transport via ABC system (periplasm),0.0
MSO3abc,Methanesulfonate transport via ABC system,0.0
MPTG2,Murein polymerizing transglycosylase 2 (three linked units),0.0
MPTG,Murein polymerizing transglycosylase,0.0
MOHMT,3-methyl-2-oxobutanoate hydroxymethyltransferase,0.0
MOBDtex,Molybdate transport via diffusion (extracellular to periplasm),0.0
MOBDabcpp,Molybdate transport via ABC system (periplasm),0.0
MOBDabc_rev,T06232b,0.0
MOBDabc,Molybdate transport via ABC system,0.0
MNtex,Manganese (Mn+2) transport via diffusion (extracellular to periplasm),0.0
MTAN,Methylthioadenosine nucleosidase,0.0
NDPK5,Nucleoside-diphosphate kinase (ATP:dGDP),0.0
NDPK3,Nucleoside-diphosphate kinase (ATP:CDP),0.0
NDPK2,Nucleoside-diphosphate kinase (ATP:UDP),0.0
NDPK1,Nucleoside-diphosphate kinase (ATP:GDP),0.0
NDP7,Nucleoside diphosphatase  UDP,0.0
NDP3,Nucleoside diphosphatase  GDP,0.0
NBAHH_ir,Nalpha-(beta-alanyl)-L-histidine hydrolase IR,0.0
NAtex,Sodium transport via diffusion (extracellular to periplasm),0.0
NAt3pp,Sodium transport out via proton antiport (cytoplasm to periplasm),0.0
NAt3_2,Sodium proton antiporter (H:NA is 2),0.0
NAt3_1,Sodium proton antiporter  HNA is 11,0.0
NAabcO,Sodium transport out via ABC system,0.0
NAabc,,0.0
NADH5,NADH dehydrogenase (ubiquinone-8 ),0.0
NADS2,Nicotinate-mononucleotide adenylyltransferase,0.0
NADS1,NAD synthase (nh3),0.0
NADPHQR3,NADPH Quinone Reductase (Menaquinone-8),0.0
NADPHQR2,NADPH Quinone Reductase (Ubiquinone-8),0.0
NADN,NAD nucleosidase,0.0
NADKd,NAD kinase dTTP,0.0
NADK_1,NAD kinase,0.0
NADK4,NAD kinase  dCTP,0.0
NADK3,NAD kinase  dGTP,0.0
NADK2,NAD kinase  dATP,0.0
NADK1,NAD kinase  GTP,0.0
NADK,NAD kinase,0.0
NADH9,NADH dehydrogenase (demethylmenaquinone-8 & 0 protons),0.0
NADTRHD,NAD transhydrogenase,0.0
EX_fe3_e,R_EX_fe3_e,0.0
EX_fe2_e,R_EX_fe2_e,0.0
EX_fcmcbtt_e,R_EX_fcmcbtt_e,0.0
EX_fald_e,R_EX_fald_e,0.0
EX_etoh_e,R_EX_etoh_e,0.0
EX_ethso3_e,R_EX_ethso3_e,0.0
EX_enter_e,R_EX_enter_e,0.0
EX_drib_e,R_EX_drib_e,0.0
EX_ddca_e,R_EX_ddca_e,0.0
EX_dcyt_e,R_EX_dcyt_e,0.0
EX_dca_e,R_EX_dca_e,0.0
EX_d23hb_e,R_EX_d23hb_e,0.0
EX_cytd_e,R_EX_cytd_e,0.0
SADT,Sulfate adenylyltransferase,0.0
EX_cu2_e,R_EX_cu2_e,0.0
EX_cpgn_un_e,R_EX_cpgn_un_e,0.0
EX_cpgn_e,R_EX_cpgn_e,0.0
EX_cobalt2_e,R_EX_cobalt2_e,0.0
EX_co_e,R_EX_co_e,0.0
EX_cmcbtt_e,R_EX_cmcbtt_e,0.0
EX_cl_e,R_EX_cl_e,0.0
EX_cit_e,R_EX_cit_e,0.0
EX_chol_e,R_EX_chol_e,0.0
EX_cgly_e,R_EX_cgly_e,0.0
EX_cellb_e,R_EX_cellb_e,0.0
EX_carn_e,R_EX_carn_e,0.0
EX_ca2_e,R_EX_ca2_e,0.0
EX_cys__L_e,R_EX_cys__L_e,0.0
EX_gly_leu_e,R_EX_gly_leu_e,0.0
EX_gly_glu__L_e,R_EX_gly_glu__L_e,0.0
EX_gly_gln_e,R_EX_gly_gln_e,0.0
EX_gly_e,R_EX_gly_e,0.0
EX_gly_cys_e,R_EX_gly_cys_e,0.0
EX_gly_asp__L_e,R_EX_gly_asp__L_e,0.0
EX_gly_asn__L_e,R_EX_gly_asn__L_e,0.0
EX_gln__L_e,R_EX_gln__L_e,0.0
EX_glcur_e,R_EX_glcur_e,0.0
EX_glcr_e,R_EX_glcr_e,0.0
EX_glcn_e,R_EX_glcn_e,0.0
EX_glcn__D_e,R_EX_glcn__D_e,0.0
EX_glc__aD_e,R_EX_glc__aD_e,0.0
EX_fe3dcit_e,R_EX_fe3dcit_e,0.0
EX_gam_e,R_EX_gam_e,0.0
EX_galur_e,R_EX_galur_e,0.0
EX_galt_e,R_EX_galt_e,0.0
EX_gal_bD_e,R_EX_gal_bD_e,0.0
EX_fum_e,R_EX_fum_e,0.0
EX_fru_e,R_EX_fru_e,0.0
EX_for_e,R_EX_for_e,0.0
EX_fol_e,R_EX_fol_e,0.0
EX_feoxam_un_e,R_EX_feoxam_un_e,0.0
EX_feoxam_e,R_EX_feoxam_e,0.0
EX_feenter_e,R_EX_feenter_e,0.0
EX_fe3pyovd_kt_e,R_EX_fe3pyovd_kt_e,0.0
EX_fe3mcbtt_e,R_EX_fe3mcbtt_e,0.0
EX_fe3dhbzs3_e,R_EX_fe3dhbzs3_e,0.0
EX_glc__D_e,R_EX_glc__D_e,0.0
EX_acon_C_e,R_EX_acon_C_e,0.0
EX_acmana_e,R_EX_acmana_e,0.0
EX_acgam_e,R_EX_acgam_e,0.0
EX_acald_e,R_EX_acald_e,0.0
EX_ac_e,R_EX_ac_e,0.0
EX_abg4_e,R_EX_abg4_e,0.0
EX_LalaLglu_e,R_EX_LalaLglu_e,0.0
EX_4hpro_LT_e,R_EX_4hpro_LT_e,0.0
EX_4hpro_DC_e,R_EX_4hpro_DC_e,0.0
EX_4hba_e,R_EX_4hba_e,0.0
EX_4ahmmp_e,R_EX_4ahmmp_e,0.0
EX_3ump_e,R_EX_3ump_e,0.0
EX_3mb_e,R_EX_3mb_e,0.0
EX_bz_e,R_EX_bz_e,0.0
EX_3amp_e,R_EX_3amp_e,0.0
EX_35dnta_e,R_EX_35dnta_e,0.0
EX_2pglyc_e,R_EX_2pglyc_e,0.0
EX_2hxmp_e,R_EX_2hxmp_e,0.0
EX_2ddglcn_e,R_EX_2ddglcn_e,0.0
EX_2ameph_e,R_EX_2ameph_e,0.0
EX_23dhbzs3_e,R_EX_23dhbzs3_e,0.0
EX_23cump_e,R_EX_23cump_e,0.0
EX_23ccmp_e,R_EX_23ccmp_e,0.0
EX_23camp_e,R_EX_23camp_e,0.0
sink_sheme_c,R_sink_sheme_c,0.0
sink_lipopb_c,R_sink_lipopb_c,0.0
sink_hemeO_c,R_sink_hemeO_c,0.0
EX_3cmp_e,R_EX_3cmp_e,0.0
EX_butso3_e,R_EX_butso3_e,0.0
EX_but_e,R_EX_but_e,0.0
EX_btn_e,R_EX_btn_e,0.0
EX_balamd_e,R_EX_balamd_e,0.0
EX_balaleu_e,R_EX_balaleu_e,0.0
EX_balagly_e,R_EX_balagly_e,0.0
EX_balabala_e,R_EX_balabala_e,0.0
EX_balaala_e,R_EX_balaala_e,0.0
EX_asp__L_e,R_EX_asp__L_e,0.0
EX_asn__L_e,R_EX_asn__L_e,0.0
EX_arg__L_e,R_EX_arg__L_e,0.0
EX_arbt_e,R_EX_arbt_e,0.0
EX_alatrp_e,R_EX_alatrp_e,0.0
EX_actn__R_e,R_EX_actn__R_e,0.0
EX_alaleu_e,R_EX_alaleu_e,0.0
EX_alahis_e,R_EX_alahis_e,0.0
EX_alagly_e,R_EX_alagly_e,0.0
EX_alaala_e,R_EX_alaala_e,0.0
EX_ala_leu_e,R_EX_ala_leu_e,0.0
EX_ala_his_e,R_EX_ala_his_e,0.0
EX_ala_gln_e,R_EX_ala_gln_e,0.0
EX_ala__D_e,R_EX_ala__D_e,0.0
EX_ala_L_thr__L_e,R_EX_ala_L_thr__L_e,0.0
EX_ala_L_glu__L_e,R_EX_ala_L_glu__L_e,0.0
EX_ala_L_asp__L_e,R_EX_ala_L_asp__L_e,0.0
EX_ala_B_e,R_EX_ala_B_e,0.0
EX_agm_e,R_EX_agm_e,0.0
EX_ad_e,R_EX_ad_e,0.0
EX_alathr_e,R_EX_alathr_e,0.0
EX_so4_e,R_EX_so4_e,0.0
EX_so3_e,R_EX_so3_e,0.0
EX_serglugly_e,R_EX_serglugly_e,0.0
EX_ser__L_e,R_EX_ser__L_e,0.0
EX_ser__D_e,R_EX_ser__D_e,0.0
EX_salcn_e,R_EX_salcn_e,0.0
EX_salchs4fe_e,R_EX_salchs4fe_e,0.0
EX_salchs4_e,R_EX_salchs4_e,0.0
EX_salchs2fe_e,R_EX_salchs2fe_e,0.0
EX_salchs2_e,R_EX_salchs2_e,0.0
EX_s_e,R_EX_s_e,0.0
EX_ribflv_e,R_EX_ribflv_e,0.0
EX_rib__D_e,R_EX_rib__D_e,0.0
EX_gly_met_e,R_EX_gly_met_e,0.0
EX_ptrc_e,R_EX_ptrc_e,0.0
EX_prohisglu_e,R_EX_prohisglu_e,0.0
EX_progly_e,R_EX_progly_e,0.0
EX_pro__L_e,R_EX_pro__L_e,0.0
EX_ppa_e,R_EX_ppa_e,0.0
EX_pnto__R_e,R_EX_pnto__R_e,0.0
EX_pheme_e,R_EX_pheme_e,0.0
EX_phe__L_e,R_EX_phe__L_e,0.0
EX_oxa_e,R_EX_oxa_e,0.0
EX_octa_e,R_EX_octa_e,0.0
EX_no3_e,R_EX_no3_e,0.0
EX_no2_e,R_EX_no2_e,0.0
EX_mththf_e,R_EX_mththf_e,0.0
EX_pyovd_kt_e,R_EX_pyovd_kt_e,0.0
EX_tsul_e,R_EX_tsul_e,0.0
EX_trp__L_e,R_EX_trp__L_e,0.0
EX_tre_e,R_EX_tre_e,0.0
EX_thymd_e,R_EX_thymd_e,0.0
EX_thr__L_e,R_EX_thr__L_e,0.0
EX_thm_e,R_EX_thm_e,0.0
EX_taur_e,R_EX_taur_e,0.0
EX_tagur_e,R_EX_tagur_e,0.0
EX_sulfac_e,R_EX_sulfac_e,0.0
EX_sucr_e,R_EX_sucr_e,0.0
EX_stfrnB_e,R_EX_stfrnB_e,0.0
23PDE7pp,"2',3'-cyclic-nucleotide phosphodiesterase (AMP) (periplasm)",0.0
EX_stfrnA_e,R_EX_stfrnA_e,0.0
EX_spmd_e,R_EX_spmd_e,0.0
2AGPG160tipp,2-Acyl-sn-glycero-3-phosphoglycerol (n-C16:0) transporter via facilitated diffusion (periplasm),0.0
2AGPE181tipp,2-Acyl-sn-glycero-3-phosphoethanolamine (n-C18:1) transporter via facilitated diffusion (periplasm),0.0
2AGPE180tipp,2-Acyl-sn-glycero-3-phosphoethanolamine (n-C18:0) transporter via facilitated diffusion (periplasm),0.0
2AGPE161tipp,2-Acyl-sn-glycero-3-phosphoethanolamine (n-C16:1) transporter via facilitated diffusion (periplasm),0.0
2AGPE160tipp,2-Acyl-sn-glycero-3-phosphoethanolamine (n-C16:0) transporter via facilitated diffusion (periplasm),0.0
2AACLPPEAT181,2 acyl acyl carrier protein glycerophospho glycerol acyltransferase  n C160,0.0
2AACLPPEAT180,2 acyl acyl carrier protein glycerophospho glycerol acyltransferase  n C160,0.0
2AACLPPEAT161,2 acyl acyl carrier protein glycerophospho glycerol acyltransferase  n C160,0.0
2AACLPPEAT160,2 acyl acyl carrier protein glycerophospho glycerol acyltransferase  n C160,0.0
2AACLPGT181,2 acyl acyl carrier protein glycerophospho glycerol acyltransferase  n C160,0.0
2AACLPGT180,2 acyl acyl carrier protein glycerophospho glycerol acyltransferase  n C160,0.0
2AACLPGT161,2 acyl acyl carrier protein glycerophospho glycerol acyltransferase  n C160,0.0
2AACLPGT160,2 acyl acyl carrier protein glycerophospho glycerol acyltransferase  n C160,0.0
23PDE2pp,"2',3'-cyclic-nucleotide phosphodiesterase (UMP) (periplasm)",0.0
2AGPG161tipp,2-Acyl-sn-glycero-3-phosphoglycerol (n-C16:1) transporter via facilitated diffusion (periplasm),0.0
EX_istfrnB_e,R_EX_istfrnB_e,0.0
EX_istfrnA_e,R_EX_istfrnA_e,0.0
EX_isetac_e,R_EX_isetac_e,0.0
EX_inost_e,R_EX_inost_e,0.0
EX_ind3ac_e,R_EX_ind3ac_e,0.0
EX_ile__L_e,R_EX_ile__L_e,0.0
EX_id3acald_e,R_EX_id3acald_e,0.0
EX_icit_e,R_EX_icit_e,0.0
EX_hxan_e,R_EX_hxan_e,0.0
EX_hxa_e,R_EX_hxa_e,0.0
EX_hqn_e,R_EX_hqn_e,0.0
EX_hishis_e,R_EX_hishis_e,0.0
EX_hisgly_e,R_EX_hisgly_e,0.0
EX_mso3_e,R_EX_mso3_e,0.0
EX_hexs_e,R_EX_hexs_e,0.0
EX_h2s_e,R_EX_h2s_e,0.0
EX_glyser_e,R_EX_glyser_e,0.0
EX_glyphe_e,R_EX_glyphe_e,0.0
EX_glymet_e,R_EX_glymet_e,0.0
EX_glyglygln_e,R_EX_glyglygln_e,0.0
EX_glygly_e,R_EX_glygly_e,0.0
EX_glyglu_e,R_EX_glyglu_e,0.0
EX_glygln_e,R_EX_glygln_e,0.0
EX_glyb_e,R_EX_glyb_e,0.0
EX_gly_tyr_e,R_EX_gly_tyr_e,0.0
EX_gly_pro__L_e,R_EX_gly_pro__L_e,0.0
EX_gly_phe_e,R_EX_gly_phe_e,0.0
EX_his__L_e,R_EX_his__L_e,0.0
EX_mobd_e,R_EX_mobd_e,0.0
EX_mnl_e,R_EX_mnl_e,0.0
EX_mn2_e,R_EX_mn2_e,0.0
EX_mmet_e,R_EX_mmet_e,0.0
EX_mg2_e,R_EX_mg2_e,0.0
EX_metsox_S__L_e,R_EX_metsox_S__L_e,0.0
EX_metsox_R__L_e,R_EX_metsox_R__L_e,0.0
EX_metox_e,R_EX_metox_e,0.0
EX_metox__R_e,R_EX_metox__R_e,0.0
EX_met__L_e,R_EX_met__L_e,0.0
EX_met__D_e,R_EX_met__D_e,0.0
EX_met_L_ala__L_e,R_EX_met_L_ala__L_e,0.0
EX_meoh_e,R_EX_meoh_e,0.0
EX_k_e,R_EX_k_e,0.0
EX_mcbtt_e,R_EX_mcbtt_e,0.0
EX_mbdg_e,R_EX_mbdg_e,0.0
EX_manglyc_e,R_EX_manglyc_e,0.0
EX_man_e,R_EX_man_e,0.0
EX_maltttr_e,R_EX_maltttr_e,0.0
EX_malttr_e,R_EX_malttr_e,0.0
EX_mal__L_e,R_EX_mal__L_e,0.0
EX_mal__D_e,R_EX_mal__D_e,0.0
EX_madg_e,R_EX_madg_e,0.0
EX_lysglugly_e,R_EX_lysglugly_e,0.0
EX_lys__L_e,R_EX_lys__L_e,0.0
EX_lipoate_e,R_EX_lipoate_e,0.0
EX_leuleu_e,R_EX_leuleu_e,0.0
EX_leu__L_e,R_EX_leu__L_e,0.0
EX_melib_e,R_EX_melib_e,0.0
SSALx,Succinate-semialdehyde dehydrogenase (NAD),0.0
SPP,Sucrose-phosphate phosphatase,0.0
SPODM,Superoxide dismutase,0.0
SPMS,Spermidine synthase,0.0
SPMDt3i,Spermidine transport in via proton antiport,0.0
SPMDabc,Spermidine transport via ABC system,0.0
SO4tex,Sulfate transport via diffusion (extracellular to periplasm),0.0
SO4t2,Sulfate transport in via proton symport,0.0
SO3tex,Sulfite transport via diffusion (extracellular to periplasm),0.0
SO3abcpp,Sulfite transport via ABC system (periplasm),0.0
SMIB1,Staphyloferrin B Mediated Iron Acquisition,0.0
SMIA2abc,Siderophore Mediated Iron Acquisition: Staphyloferrin B transport via ABC,0.0
SMIA1Eabc,Siderophore Mediated Iron Acquisition: Staphyloferrin A export,0.0
r2465_1,Cation Diffusion Facilitator (Cdf) Tcdb:2.A.4.2.3,0.0
SLCYSS,O-acetyl-L-serine sulfhydrylase,0.0
SHSL4r,O succinylhomoserine lyase  elimination   reversible,0.0
SHSL3,O succinylhomoserine lyase  methanethiol,0.0
SHSL2r,O-succinylhomoserine lyase (H2S),0.0
SHSL2,O succinylhomoserine lyase  H2S,0.0
SHSL1,O-succinylhomoserine lyase (L-cysteine),0.0
SHKK,Shikimate kinase,0.0
SHK3Dr,Shikimate dehydrogenase,0.0
SHGO,S-2-hydroxyglutarate oxidase,0.0
SHCHF_2,Sirohydrochlorin ferrochetalase,0.0
SHCHD2_1,Sirohydrochlorin dehydrogenase  NAD,0.0
SERt2r,L serine reversible transport via proton symport,0.0
SERabc,L-serine transport via ABC system,0.0
SMIA1,Staphyloferrin A Mediated Iron Acquisition,0.0
TECA3S45,Glycerol teichoic acid  n45   unlinked  glucose substituted,0.0
TECA2S45,Glycerol teichoic acid  n45   unlinked  D ala substituted,0.0
TECA1S45,Glycerol teichoic acid  n45   unlinked  unsubstituted,0.0
TDP,Thiamin pyrophosphatase,0.0
TAURtex,Taurine transport via diffusion (extracellular to periplasm),0.0
TAURabcpp,Taurine transport via ABC system (periplasm),0.0
TAURabc,Taurine transport via ABC system,0.0
TARTRtpp,Tartrate facilitated transport periplasm,0.0
TARTRt7pp,Tartrate/succinate antiporter (periplasm),0.0
TAGabc,,0.0
TAGURr,Tagaturonate reductase,0.0
St,Sulfur diffusion,0.0
SULabcpp,Sulfate transport via ABC system (periplasm),0.0
SSALy,Succinate-semialdehyde dehydrogenase (NADP),0.0
SULR,Sulfite reductase (NADPH2),0.0
SULFACtex,Sulfoaceate transport via diffusion (extracellular to periplasm),0.0
SULFACabcpp,Sulfoacetate transport via ABC system (periplasm),0.0
SUCpts,Sucrose transport via PEP:Pyr PTS,0.0
SUCRt2,Sucrose transport in via proton symport,0.0
SUCR,Sucrose hydrolyzing enzyme,0.0
SUCD5_BS,Succinate dehydrogenase,0.0
SUCD4,Succinate dehyrdogenase,0.0
SUCD1,Succinate dehydrogenase,0.0
SUCCt2_2pp,Succinate transport via proton symport (2 H) (periplasm),0.0
SUCBZT1,Succinyl:benzoate CoA transferase,0.0
SUCBZS,O-succinylbenzoate-CoA synthase,0.0
SUCBZL,O-succinylbenzoate-CoA ligase,0.0
STFRNAt,,0.0
SULabc,Sulfate transport via ABC system,0.0
RBFSb,Riboflavin synthase,0.0
RBFSa_1,Riboflavin synthase,0.0
RBFSa,Riboflavin synthase,0.0
RBFK,Riboflavin kinase,0.0
R5PP,Ribose 5-phosphate phosphatase,0.0
QMO2,Quinol monooxygenase (Ubiquinol-8),0.0
PYRt4pp,Pyruvate transport via sodium symport,0.0
PYNP2r_1,Pyrimidine-nucleoside phosphorylase (uracil),0.0
PYNP2r,Pyrimidine-nucleoside phosphorylase (uracil),0.0
PYNP1_1,Pyrimidine-nucleoside phosphorylase (cytosine),0.0
PYNP1,Pyrimidine-nucleoside phosphorylase (cytosine),0.0
PYDXPP,Pyridoxal 5-phosphate phosphatase,0.0
PYDXK_1,Pyridoxal kinase,0.0
SERGLUGLNtr,Tripeptide transport,0.0
PUNP6,Purine-nucleoside phosphorylase (Deoxyinosine),0.0
PUNP5,Purine-nucleoside phosphorylase (Inosine),0.0
PUNP4,Purine-nucleoside phosphorylase (Deoxyguanosine),0.0
PUNP2,Purine-nucleoside phosphorylase (Deoxyadenosine),0.0
PUNP1,Purine-nucleoside phosphorylase (Adenosine),0.0
PTRCabcpp,Putrescine transport via ABC system (periplasm),0.0
PTRCabc,Putrescine transport via ABC system,0.0
PTRCTA2,Putrescine Transaminase  pyruvate,0.0
PTRCTA,Putrescine Transaminase,0.0
PTRCAT1,Putrescine acetyltransferase,0.0
PTPATi,Pantetheine-phosphate adenylyltransferase,0.0
PTHRP,Phospho-threonine phosphatase,0.0
PTHPS_1,6-pyruvoyltetrahydropterin synthase,0.0
PUNP7,Purine-nucleoside phosphorylase (Xanthosine),0.0
SERD_L,L-serine deaminase,0.0
SERAT,Serine O-acetyltransferase,0.0
SDPTA,Succinyldiaminopimelate transaminase,0.0
SDPDS,Succinyl-diaminopimelate desuccinylase,0.0
SCYSSL,S-sulfo-L-cysteine sulfite lyase,0.0
SALCpts,Salicin transport via PEP:Pyr PTS,0.0
SALCHS4FEexs,Salmochelin S4 Fe III binding spontaneous,0.0
SALCHS2FEexs,Salmochelin s2 Fe III sequestration,0.0
LSERDHr,L-serine dehydrogenase,0.0
S6PG,Salicin 6 phosphate glucohydrolase,0.0
RU5PS,Ribulose-5-P Synthetase,0.0
RNTR4,Ribonucleoside triphosphate reductase  UTP,0.0
RNTR3,Ribonucleoside triphosphate reductase  CTP,0.0
RBK,Ribokinase,0.0
RNTR1,Ribonucleoside triphosphate reductase  ATP,0.0
RNMK,Ribosylnicotinamide kinase,0.0
RNDR4,Ribonucleoside-diphosphate reductase (UDP),0.0
RNDR3,Ribonucleoside-diphosphate reductase (CDP),0.0
RNDR2,Ribonucleoside-diphosphate reductase (GDP),0.0
RNDR1,Ribonucleoside-diphosphate reductase (ADP),0.0
RIBtex,Ribose transport via diffusion (extracellular to periplasm),0.0
RIBabcpp,D-ribose transport via ABC system (periplasm),0.0
RIBabc1,D ribose transport out via ABC system,0.0
RIBabc,D-ribose transport via ABC system,0.0
RIBFLVt2,Riboflavin transport in via proton symport,0.0
RHCCE,S-ribosylhomocysteine cleavage enzyme,0.0
REPHACCOAI,"Ring 1,2-epoxyphenylacetyl-CoA isomerase (oxepin-CoA forming)",0.0
RECOAH2,3 hydroxyacyl Coa dehydratase   3R  3 hydroxyhexanoyl CoA,0.0
RNTR2,Ribonucleoside triphosphate reductase  GTP,0.0
VALTA,Valine transaminase,0.0
URIt2pp,Uridine transport in via proton symport (periplasm),0.0
URIt2,Uridine transport in via proton symport,0.0
URIK3,Uridine kinase (ITP:Uridine),0.0
URIK2,Uridine kinase (GTP:Uridine),0.0
URIK1,Uridine kinase  ATPUridine,0.0
URIH,Uridine hydrolase,0.0
URIDK2r,Uridylate kinase (dUMP),0.0
URIC,Uricase,0.0
UREA_1,Urease,0.0
UREASE,Urea carboxylase,0.0
UREA,Urease,0.0
URCN,Urocanase,0.0
TGBPA,Tagatose-bisphosphate aldolase,0.0
URATEt_1,Urate permease,0.0
UPPRT,Uracil phosphoribosyltransferase,0.0
UPPDC1,Uroporphyrinogen decarboxylase (uroporphyrinogen III),0.0
UPP3S,Uroporphyrinogen-III synthase,0.0
UPP3MT_2,Uroporphyrinogen methyltransferase,0.0
UNK5,2 keto 4 methylthiobutyrate transamination,0.0
UMPK,UMP kinase,0.0
UM3PL,UDP-N-acetylmuramate:L-alanyl-gamma-D-glutamyl-meso-diaminopimelate ligase,0.0
UGT_BS,UDP glucosyltransferase  diglucosyl,0.0
UGMDDS,"UDP-N-acetylmuramoyl-L-alanyl-D-glutamyl-meso-2,6-diaminopimeloyl-D-alanyl-D-alanine synthetase",0.0
UGLYCH,Ureidoglycolate hydrolase,0.0
UDCPDPex,Undecaprenyl-diphosphatase (periplasm),0.0
UDCPDP,Undecaprenyl-diphosphatase,0.0
URAt2,Uracil transport in via proton symport,0.0
r2136,Major Facilitator(MFS) TCDB:2.A.1.14.6,0.0
r0963,Facilitated diffusion,0.0
Zn2tex,Zinc (Zn+2) transport via diffusion (extracellular to periplasm),0.0
ZNabcpp,Zinc (Zn+2) transport via ABC system (periplasm),0.0
ZNabc,Zinc transport via ABC system,0.0
ZN2t6,Zinc  Zn2  transport out via proton antiport  periplasmexternal,0.0
ZN2t5,Zinc  Zn2  transport out via proton antiport  cytosolexternal,0.0
ZN2t4pp,Zinc transport out via antiport (periplasm),0.0
ZN2t4,Zinc transport out via antiport,0.0
ZN2t3pp,Zinc (Zn+2) transport out via proton antiport (periplasm),0.0
ZN2abcpp,"Zinc (Zn+2) ABC transporter, efflux (periplasm)",0.0
YUMPS,YUMP synthetase,0.0
XYLtex,D-xylose transport via diffusion (extracellular to periplasm),0.0
VALabc,L-valine transport via ABC system,0.0
XYLabcpp,D-xylose transport via ABC system (periplasm),0.0
XYLabc,D-xylose transport via ABC system,0.0
XYLK,Xylulokinase,0.0
XYLI2,Xylose isomerase,0.0
XYLI1,Xylose isomerase,0.0
XTSNH,Xanthosine hydrolase,0.0
XPPT,Xanthine phosphoribosyltransferase,0.0
XANt2,Xanthine transport in via proton symport,0.0
VPAMTr,Valine-pyruvate aminotransferase,0.0
VNDH_2,4-hydroxybenzaldehyde dehydrogenase,0.0
VECOAH,3-hydroxyacyl-CoA dehydratase (3-hydroxypentanoyl-CoA),0.0
VALt2rpp,L-valine reversible transport via proton symport (periplasm),0.0
VALt2r,L valine reversible transport via proton symport,0.0
VALabcpp,L-valine transport via ABC system (periplasm),0.0
XYLt2,D-xylose transport in via proton symport,0.0
TNTR2,TNT nitroreductase 2 Hydroxylamino 4 6 dinitrotoluene,0.0
TNTR1x,TNT nitroreductase 4 Hydroxylamino 2 6 dinitrotoluene,0.0
TNTR1,TNT nitroreductase 4 Hydroxylamino 2 6 dinitrotoluene,0.0
TNTHAC1,2 4 6 dinitrotoluene meisenheimer dihydrideTNT derived hydroxylamines condensation,0.0
TMPPP,Thiamine-phosphate diphosphorylase,0.0
TMN,Thiaminase,0.0
TMDS,Thymidylate synthase,0.0
TMDPP,Thymidine phosphorylase,0.0
TMDPK_1,Thiamine diphosphokinase,0.0
TMDK1,Thymidine kinase (ATP:thymidine),0.0
THZPSN_1,Thiazole phosphate synthesis,0.0
THZPSN,Thiazole phosphate synthesis,0.0
THRt2r,L threonine reversible transport via proton symport,0.0
UAPGR,UDP-N-acetylenolpyruvoylglucosamine reductase,0.0
THRabcpp,L-threonine transport via ABC system (periplasm),0.0
THRabc,L-threonine transport via ABC system,0.0
THRS_2,Threonine synthase,0.0
THRS,Threonine synthase,0.0
THRD_L,L-threonine deaminase,0.0
THRD,L-threonine dehydrogenase,0.0
THRA2,L-allo-Threonine Aldolase,0.0
THRA,Threonine aldolase,0.0
THPAT,"L-2,3,4,5-tetrahydrodipicolinate N2-acetyltransferase",0.0
THMabc,Thiamine transport via ABC system,0.0
THMP,Thiamin phosphatase,0.0
THMDt2,Thymidine transport in via proton symport,0.0
THIORDXi,Hydrogen peroxide reductase (thioredoxin),0.0
THDPS,Tetrahydrodipicolinate succinylase,0.0
THRt2pp,L-threonine efflux transport via proton antiport (periplasm),0.0
UAMAS,UDP-N-acetylmuramoyl-L-alanine synthetase,0.0
UAMAGS,UDP-N-acetylmuramoyl-L-alanyl-D-glutamate synthetase,0.0
UAGPT3,UDP-N-acetylglucosamine-N-acetylmuramyl-(pentapeptide)pyrophosphoryl-undecaprenol N-acetylglucosamine transferase,0.0
UAGPT2_1,UDP-N-acetylglucosamine-N-acetylmuramyl-(pentapeptide)pyrophosphoryl-undecaprenol N-acetylglucosamine transferase,0.0
UAGPT2,UDP-N-acetylglucosamine-N-acetylmuramyl-(pentapeptide)pyrophosphoryl-undecaprenol N-acetylglucosamine transferase,0.0
UAGDP,UDP-N-acetylglucosamine diphosphorylase,0.0
UAGCVT,UDP-N-acetylglucosamine 1-carboxyvinyltransferase,0.0
UAG2EMA,UDP-N-acetyl-D-glucosamine 2-epimerase (Hydrolysis),0.0
UAG2E,UDP-N-acetylglucosamine 2-epimerase,0.0
UAAGDS,"UDP-N-acetylmuramoyl-L-alanyl-D-glutamyl-meso-2,6-diaminopimelate synthetase",0.0
TYRt2r,L tyrosine reversible transport via proton symport,0.0
TYRabc,,0.0
TYRTA,Tyrosine transaminase,0.0
TNTep,2 4 6 trinitrotoluene extrusion pump,0.0
TSULtex,Thiosulfate transport via diffusion (extracellular to periplasm),0.0
TSULabcpp,Thiosulfate transport via ABC system (periplasm),0.0
TSULabc,Thiosulfate transport via ABC system,0.0
TSULP,Thiosulfate permease,0.0
TRSARr,Tartronate semialdehyde reductase,0.0
TRPt2r,L tryptophan reversible transport via proton symport,0.0
TRPabc,,0.0
TRPS3,Tryptophan synthase (indoleglycerol phosphate),0.0
TRPS2,Tryptophan synthase (indole),0.0
TRPS1,Tryptophan synthase (indoleglycerol phosphate),0.0
TRPAS1,Tryptophanase  L cysteine,0.0
TREpts,Trehalose transport via PEP:Pyr PTS,0.0
TRE6PH,Trehalose-6-phosphate hydrolase,0.0
TRDR,Thioredoxin reductase (NADPH),0.0
TTDCAtexi,Tetradecanoate transport via facilitated irreversible diffusion (extracellular to periplasm),0.0
BALAtex,Beta-alanine transport via diffusion (extracellular to periplasm),0.0
BALAt2r,Beta Alanine transport in via proton symport,0.0
BALAt2pp,Beta-alanine transport in via proton symport (periplasm),0.0
BALAMDAH,Beta Alaninamide amidohydrolase,0.0
BALALEUtex,L Histidinylglycine transport via diffusion  extracellular to periplasm,0.0
BALALEUabcpp,Beta alanyl L leucine transport via ABC system  periplasm,0.0
BALAGLYtex,Beta alanyl L glycine transport via diffusion  extracellular to periplasm,0.0
BALAGLYabcpp,Beta alanyl L glycine transport via ABC system  periplasm,0.0
BALABALAtex,Beta alanyl beta alanine transport via diffusion  extracellular to periplasm,0.0
BALABALAabcpp,Beta alanyl beta alanine transport via ABC system  periplasm,0.0
BALAALAtex,Beta alanyl L alanine transport via diffusion  extracellular to periplasm,0.0
BALAALAabcpp,Beta alanyl L alanine transport via ABC system  periplasm,0.0
ATPX5P,ATP pyridoxal 5'-phosphotransferase,0.0
ITCY,ITP:cytidine 5'-phosphotransferase,0.0
ATPHs,ATP amine hydrolysis (spontaneous),0.0
ATHRDHr,L-allo-threonine dehydrogenase,0.0
ATAH_1,,0.0
ASPtpp,L-aspartate uptake via facillitated diffusion,0.0
ASPt2r,L aspartate reversible transport via proton symport,0.0
ASPt2pp,L-aspartate transport in via proton symport (periplasm),0.0
ASPt2_2pp,Aspartate transport via proton symport (2 H) (periplasm),0.0
ASPabc,L-aspartate transport via ABC system,0.0
ASPTA,Aspartate transaminase,0.0
ASPO1,L-aspartate oxidase,0.0
ASPK,Aspartate kinase,0.0
ASPCT_2,Aspartate carbamoyltransferase,0.0
ASPCT,Aspartate carbamoyltransferase,0.0
ASP1DC,Aspartate 1-decarboxylase,0.0
ATPPRT,ATP phosphoribosyltransferase,0.0
CA2abc1,Calcium efflux  via ABC system,0.0
C4HP,,0.0
BZt,Benzoate transport (diffusion),0.0
BZDH,Benzaldehyde dehydrogenase,0.0
BUTtex,Butyrate transport via diffusion (extracellular to periplasm),0.0
BUTt4pp,Butyrate transport via sodium symport (periplasm),0.0
BUTt2rpp,"Butyrate transport via proton symport, reversible (periplasm)",0.0
BUTSO3tex,Butanesulfonate transport via diffusion (extracellular to periplasm),0.0
BUTSO3abcpp,Butanesulfonate transport via ABC system (periplasm),0.0
BUTKr,Butyrate kinase,0.0
BUTCT2,,0.0
BUTCT,Acetyl-CoA:butyrate-CoA transferase,0.0
BTS3r,Biotin synthase,0.0
BETALDHx,Betaine-aldehyde dehydrogenase,0.0
BTNt,Biotin ABC transporter,0.0
BTNTe,Release of biotin across the basolatral membrane,0.0
BTDD_RR,R R  butanediol dehydrogenase,0.0
BSCT,Benzoylsuccinyl-CoA thiolase,0.0
BPNT_1,"3',5'-bisphosphate nucleotidase",0.0
BLAMDtex,Beta Alaninamide transport via diffusion  extracellular to periplasm,0.0
BLAMDabcpp,Beta alanyl L alanine transport via ABC system  periplasm,0.0
BG_MBDG,Beta glucosidase,0.0
BG_MADG,Beta glucosidase  methyl alpha D glucoside,0.0
BG_CELLB,Beta glucosidase  cellobiose,0.0
BGLK,Beta-glucoside kinase,0.0
BGLA1,6-phospho-beta-glucosidase,0.0
BGLA,Beta-glucosidase,0.0
BETALDHy,Betaine-aldehyde dehydrogenase,0.0
BTNt2i,Biotin uptake,0.0
ANPRT,Anthranilate phosphoribosyltransferase,0.0
ANHMK,"1,6-anhydrous-N-Acetylmuramate kinase",0.0
AMPTASEPG,Aminopeptidase (pro-gly),0.0
AMPTASEHH,Aminopeptidase  His His,0.0
AMPTASEHG,Aminopeptidase  His Gly,0.0
AMPTASEGS,Aminopeptidase  Gly Ser,0.0
AMPTASEGM,Aminopeptidase  Gly Met,0.0
AMPTASEGGLU,Aminopeptidase  Gly Glu,0.0
AMPTASEGGLN,Aminopeptidase  Gly Gln,0.0
AMPTASECG,Alanyl aminopeptidase (cys-gly),0.0
AMPTASEATRP,Aminopeptidase  Ala Trp,0.0
AMPTASEAT,Aminopeptidase  Ala Thr,0.0
AMPTASEAL,Aminopeptidase  Ala Leu,0.0
ASNt4,L-asparagine transport in via sodium symport,0.0
AMPEP9,Aminopeptidase,0.0
AMPEP8,Aminopeptidase,0.0
AMPEP7,Aminopeptidase,0.0
AMPEP6,Aminopeptidase,0.0
AMPEP5,Aminopeptidase,0.0
AMPEP4,Aminopeptidase,0.0
AMPEP3,Aminopeptidase,0.0
AMPEP2,Aminopeptidase,0.0
AMPEP18,Aminopeptidase,0.0
AMPEP17,Aminopeptidase,0.0
AMPEP16,Aminopeptidase,0.0
AMPEP15,Aminopeptidase,0.0
AMPEP14,Aminopeptidase,0.0
AMPEP13,Aminopeptidase,0.0
AMPTASEAH,Aminopeptidase  Ala His,0.0
ASNabc,L-asparagine transport via ABC system,0.0
ASNS1,Asparagine synthase (glutamine-hydrolysing),0.0
ASNN,L-asparaginase,0.0
ASAD,Aspartate-semialdehyde dehydrogenase,0.0
ARGt2r,L arganine reversible transport via proton symport,0.0
ARGabc,L-arginine transport via ABC system,0.0
ARGSS,Argininosuccinate synthase,0.0
ARGSL,Argininosuccinate lyase,0.0
ARGN_1,Arginase,0.0
ARGDr,Arginine deiminase,0.0
ARGDI_1,Arginine deiminase,0.0
ARGDC,Arginine decarboxylase,0.0
ARBabc,L-arabinose transport via ABC system,0.0
ANS,Anthranilate synthase,0.0
APTNAT,5-aminopentanoate:2-oxoglutarate aminotransferase,0.0
APTA1i,Acetyl L L diaminopimelate aminotransferase,0.0
APSR,Adenosine 5'-phosphosulfate reductase;,0.0
APRTO2,N acetylputrescine oxygen oxireductase  deaminating,0.0
APRAUR,5-amino-6-(5-phosphoribosylamino)uracil reductase,0.0
APG3PAT181,Acyl-phosphate:glycerol-3-phosphate acyltransferase (C18:1),0.0
APG3PAT180,Acyl-phosphate:glycerol-3-phosphate acyltransferase (C18:0),0.0
APG3PAT161,Acyl-phosphate:glycerol-3-phosphate acyltransferase (C16:1),0.0
APG3PAT160,Acyl-phosphate:glycerol-3-phosphate acyltransferase (C16:0),0.0
APATi,Tetrahydrodipicolinate acetyltransferase,0.0
AP4AS,Ap4A synthetase,0.0
AP4AH,Ap4A hydrolase,0.0
ANSN,Anthranilate synthase (NH3),0.0
ANS2,Anthranilate synthase 2,0.0
ARBTpts,Arbutin transport via PEPPyr PTS,0.0
D5KGPA,2-Deoxy-5-keto-D-gluconate 6-phosphate aldolase,0.0
D5KGK,2-Deoxy-5-Keto-D-gluconate kinase,0.0
Cut1,Copper export via ATPase,0.0
Cotpp,Co transport via diffusion (periplasm to cytosol),0.0
Cobalt2abcppI,Cobalt II transport via ABC system periplasm I,0.0
Clt,Major Facilitator(MFS) TCDB:2.A.1.14.6,0.0
CYTOM,Cytosine 5 methyltransferase,0.0
CYTK2,Cytidylate kinase (dCMP),0.0
CYTK1,Cytidylate kinase (CMP),0.0
CYTDtex,Cytidine transport via diffusion (extracellular to periplasm),0.0
CYTDt2,Cytidine transport in via proton symport,0.0
CYTDK2,Cytidine kinase (GTP),0.0
CYTDK1,ATP:cytidine 5'-phosphotransferase,0.0
CA2tex,Calcium (Ca+2) transport via diffusion (extracellular to periplasm),0.0
CYTD,Cytidine deaminase,0.0
CYTB_B3,Menauinol oxidase  72 protons,0.0
CYStpp,L-cysteine export via facilitated transport,0.0
CYSabcpp,L-cysteine uptake via ABC system (periplasm),0.0
CYSabc2pp,L-cysteine export via ABC system (cytoplasm to periplasm),0.0
CYSabc,L-cysteine transport via ABC system,0.0
CYST_II,,0.0
CYSTS,Cystathionine beta synthase,0.0
CYSTL,Cystathionine b-lyase,0.0
CYSTGL,Cystathionine g lyase,0.0
CYSS_2,Cysteine synthase,0.0
CYSS,Cysteine synthase,0.0
CYSK2_I,O-Phospho-L-Serine-dependent S-Suflocysteine Synthase,0.0
CYSGL,Cystathionine gamma-lyase,0.0
CYTDH,Cytidine hydrolase,0.0
DCYTD,Deoxycytidine deaminase,0.0
DCMPDA,DCMP deaminase,0.0
DCAtex,Decanoate transport via diffusion (extracellular to periplasm),0.0
DB4PS,"3,4-Dihydroxy-2-butanone-4-phosphate synthase",0.0
DATPHs,DATP amine hydrolysis (spontaneous),0.0
DASYN181,CDP-diacylglycerol synthetase (n-C18:1),0.0
DASYN180,CDP-diacylglycerol synthetase (n-C18:0),0.0
DASYN161,CDP-diacylglycerol synthetase (n-C16:1),0.0
DASYN160,CDP-diacylglycerol synthetase (n-C16:0),0.0
DAPE,Diaminopimelate epimerase,0.0
DAPDC,Diaminopimelate decarboxylase,0.0
DAPDA,"N-acetyl-L,L-diaminopimelate deacetylase",0.0
DAPAT,Cadaverine aminotranferase,0.0
DAAOP,D alanyl aminopeptidase,0.0
DALAt2pp,D-alanine transport in via proton symport (periplasm),0.0
DALAOX,D amino acid oxidase,0.0
DALALEUD,Beta alanine L leucine dipeptidase,0.0
DALAGLYD,Beta alanine L glycine dipeptidase,0.0
DALADALAD,Beta alanine beta alanine dipeptidase,0.0
DALAALAD,Beta alanine L alanine dipeptidase,0.0
DAGK_BS,Diacylglycerol kinase,0.0
DAGK160,Diacylglycerol kinase (n-C16:0),0.0
DAGK,Diacylglycerol kinase,0.0
DADNK_1,Deoxyadenosine kinase,0.0
DADNK,Deoxyadenosine kinase,0.0
DADK,Deoxyadenylate kinase,0.0
DACL,,0.0
DABAAT2,DABA aminotransferase,0.0
DALAt2r,D-alanine transport via proton symport,0.0
CHORS,Chorismate synthase,0.0
CHORM,Chorismate mutase,0.0
CHOLD,Choline dehydrogenase,0.0
CHLabc,Choline transport via ABC system,0.0
CGLYabcpp,L-Cysteinylglycine (Cys-Gly) transport via ABC system (periplasm),0.0
CELLBpts_2,,0.0
CELLBabc,Cellobiose transport via ATP transporter,0.0
CELBt2,,0.0
CELBpts,Cellobiose transport via PEPPyr PTS,0.0
CDPPT160,CDPPT160,0.0
CDPPH,CDP phosphohydrolase,0.0
CDPMEK,4-(cytidine 5'-diphospho)-2-C-methyl-D-erythritol kinase,0.0
CDGUNPD,"3,5-cyclic-nucleotide phosphodiesterase",0.0
CYSDS,Cysteine Desulfhydrase,0.0
CD2tex,Cadmium (Cd+2) transport via diffusion (extracellular to periplasm),0.0
CD2t6,Cadmium  Cd2  transport out via proton antiport  periplasmexternal,0.0
CD2t5,Cadmium  Cd2  transport out via proton antiport  cytosolexternal,0.0
CD2t4pp,Cadmium (Cd+2) transport out via proton antiport (periplasm),0.0
CD2t4,Cadminum transport out via antiport,0.0
CD2t3pp,Cadmium (Cd+2) transport out via proton antiport (periplasm),0.0
CD2abcpp,Cadmium (Cd+2) ABC transporter (periplasm),0.0
CD2abc1,Cadmium transport out via ABC system,0.0
CBPS_1,Carbamoyl-phosphate synthase (glutamine-hydrolysing),0.0
CBPS,Carbamoyl-phosphate synthase (glutamine-hydrolysing),0.0
CAt4,Calcium transport inout via proton antiporter,0.0
CAT,Catalase,0.0
CARNtex,L Carnosine transport via diffusion  extracellular to periplasm,0.0
CARNabcpp,Carnosine transport via ABC system  periplasm,0.0
CD2tpp,Cadmium (+2) transport in via permease (no H+),0.0
CYS,L-cysteine,0.0
CU2tpp,Copper transport in via permease (no H+),0.0
CU2tex,Copper (Cu+2) transport via diffusion (extracellular to periplasm),0.0
CU2abcpp,Copper (Cu+2) ABC transporter (periplasm),0.0
CTPS2,CTP synthase (glutamine),0.0
CTPS1,CTP synthase  NH3,0.0
CTECOAI8,3-cis-2-trans-enoyl-CoA isomerase,0.0
CTECOAI7,3-cis-2-trans-enoyl-CoA isomerase,0.0
CS,Citrate synthase,0.0
CRO4tex,Cromate transport via diffusion (extracellular to periplasm),0.0
CRO4t3pp,Chromate transport out via proton antiport (cytoplasm to periplasm),0.0
CRO4t3,Chromate transport out via proton antiport,0.0
CRO4abcpp,Chromate transport via ABC system (periplasm),0.0
CITt14,Citrate transport in via Ca complex,0.0
CPGNexs,Coprogen Fe-loading reaction (spontaneaous),0.0
COt_1,Co transport via diffusion (extracellular to periplasm),0.0
COabc,Cobalt transport via ABC system,0.0
COBALTt5,Cobalt (Co+2) transport via diffusion (extracellular to cytoplasm),0.0
COBALTt4pp,Cobalt transport out via proton antiporter (periplasm),0.0
COBALT2tex,Cobalt (Co+2) transport via diffusion (extracellular to periplasm),0.0
COBALT2t3pp,Cobalt (Co+2) transport out via proton antiport (periplasm),0.0
COBALT2abcpp,Cobalt (Co+2) ABC transporter (periplasm),0.0
CMPDAi,CMP deaminase,0.0
CMCBTFexs,Carboxymycobactin Fe loading reaction  spontaneous,0.0
CLtex,Chloride (Cl-1) transport via diffusion (extracellular to periplasm),0.0
CITtupp,Citrate transport periplasm,0.0
CITt4pp_1,Citrate transport via sodium symport  periplasm,0.0
CITt3pp,Citrate transport out via proton antiport (periplasm),0.0
CPPPGO,Coproporphyrinogen oxidase (O2 required),0.0
ACOAD20,Acyl CoA dehydrogenase  2 methylbutnoyl CoA,0.0
ACOAD1fr,Acyl-CoA dehydrogenase (butanoyl-CoA),0.0
ACOAD1,Acyl-CoA dehydrogenase (butanoyl-CoA),0.0
ACMANApts,N-acetyl-D-mannosamine transport via PTS,0.0
ACM6PH,N-acetylmuramate 6-phosphate hydrolase,0.0
ACLS_d,2-alpha-Hydroxyethylthiamine diphosphate lipoamide,0.0
ACLS_a,Acetolactate synthase,0.0
ACLDC,Acetolactate decarboxylase,0.0
ACKr,Acetate kinase,0.0
ACHBS,2-aceto-2-hydroxybutanoate synthase,0.0
ACGS,N-acetylglutamate synthase,0.0
ACGK,Acetylglutamate kinase,0.0
ACGAtex,N-Acetyl-D-glucosamine transport via diffusion (extracellular to periplasm),0.0
AMPEP12,Aminopeptidase,0.0
ACGApts,N-Acetyl-D-glucosamine transport via PEP:Pyr PTS,0.0
ACGAMK,N-acetylglucosamine kinase,0.0
ACCOAC,Acetyl-CoA carboxylase,0.0
ACALDtpp,Acetaldehyde reversible transport (periplasm),0.0
ACALDt,Acetaldehyde reversible transport,0.0
ACACT8r,"Acetyl-CoA acyltransferase (hexadecanoyl-CoA), (r)",0.0
ACACT7r,Acetyl-CoA C-acyltransferase (tetradecanoyl-CoA) (r),0.0
ACACT5r,Acetyl-CoA C-acyltransferase (decanoyl-CoA) (r),0.0
ABUTD,Aminobutyraldehyde dehydrogenase,0.0
ABG4t2,,0.0
AB6PGH,Arbutin 6-phosphate glucohydrolase,0.0
AACPS9,Acyl-[acyl-carrier-protein] synthetase  (n-C8:0),0.0
AACPS6,Acyl-[acyl-carrier-protein] synthetase  (n-C18:0),0.0
AACPS5,Acyl-[acyl-carrier-protein] synthetase  (n-C18:1),0.0
ACGAptspp,N-Acetyl-D-glucosamine transport via PEP:Pyr PTS  (periplasm),0.0
ACTDa,Acetoin dehydrogenase,0.0
ACTD_1,,0.0
ACTD2,Acetoin dehydrogenase,0.0
ACTD,Acetoin dehydrogenase,0.0
ACS_1,Acetyl-CoA synthetase,0.0
ACSERHS,O3-Acetyl-L-serine acetate-lyase (adding hydrogen sulfide),0.0
ACS2,Acetyl-CoA synthase (propionate),0.0
ACPpds,[acyl-carrier-protein] phosphodiesterase,0.0
ACPS1_1,"CoA:apo-[acyl-carrier-protein] pantetheinephosphotransferase, cytosol",0.0
ACPS1,Acyl-carrier protein synthase,0.0
ACPS,Acyl Carrier Protein Synthase,0.0
ACPPAT181,Acyl-(acyl carrier protein):phosphate acyltransferase (C18:1),0.0
ACPPAT180,Acyl-(acyl carrier protein):phosphate acyltransferase (C18:0),0.0
ACOAD5,Acyl-CoA dehydrogenase (dodecanoyl-CoA),0.0
ACPPAT160,Acyl-(acyl carrier protein):phosphate acyltransferase (C16:0),0.0
ACP1_FMN,Acid phosphatase (FMN),0.0
ACOXT,Acetyl-CoA:oxalate CoA-transferase,0.0
ACOTA,Acetylornithine transaminase,0.0
ACONTb,"Aconitase (half-reaction B, Isocitrate hydro-lyase)",0.0
ACONTa,"Aconitase (half-reaction A, Citrate hydro-lyase)",0.0
ACONT,Aconitate hydratase,0.0
ACONCtupp,Cisaconitate transport periplasm,0.0
ACONCtex,Cisaconitat transport via diffusion extracellular to periplasm,0.0
ACONCt4pp,Citrate transport via sodium symport  periplasm,0.0
ACODA,Acetylornithine deacetylase,0.0
ACOAM,Acetate CoA ligase AMP-forming,0.0
ACOAD7,Acyl-CoA dehydrogenase (hexadecanoyl-CoA),0.0
ACOAD6,Acyl-CoA dehydrogenase (tetradecanoyl-CoA),0.0
ACPPAT161,Acyl-(acyl carrier protein):phosphate acyltransferase (C16:1),0.0
3MBt4pp,Na+/Isovalerate symport (periplasm),0.0
3MBt2pp,H+/Isovalerate symport (periplasm),0.0
3CMPt6,3  CMP transport in via proton symport,0.0
3AMPt6,3  AMP transport inout via proton symport,0.0
34HPPOR,4 Hydroxyphenylpyruvateoxygen oxidoreductase,0.0
2S6HCCi,2 succinyl 6 hydroxy 2 4 cyclohexadiene 1 carboxylate synthase,0.0
2PGLYCt6,2 Phosphoglycolate transport inout via proton symport,0.0
2MAHMP,2-Methyl-4-amino-5-hydroxymethylpyrimidine diphosphatase,0.0
2INSD,2-Inosose dehydratase,0.0
2HXMPt6,2  hydroxymethyl phenol transport inout via proton symport,0.0
2AGPG181tipp,2-Acyl-sn-glycero-3-phosphoglycerol (n-C18:1) transporter via facilitated diffusion (periplasm),0.0
23PDE4pp,"2',3'-cyclic-nucleotide phosphodiesterase (CMP) (periplasm)",0.0
Growth,Biomass reaction,0.0
AACPS4,Acyl-[acyl-carrier-protein] synthetase  (n-C16:1),0.0
EX_xyl__D_e,R_EX_xyl__D_e,0.0
EX_xan_e,R_EX_xan_e,0.0
EX_uri_e,R_EX_uri_e,0.0
EX_urate_e,R_EX_urate_e,0.0
EX_ura_e,R_EX_ura_e,0.0
EX_udcpp_e,R_EX_udcpp_e,0.0
EX_udcpdp_e,R_EX_udcpdp_e,0.0
EX_tyr__L_e,R_EX_tyr__L_e,0.0
2AGPG180tipp,2-Acyl-sn-glycero-3-phosphoglycerol (n-C18:0) transporter via facilitated diffusion (periplasm),0.0
23CUMPtex,23cUMP transport via diffusion (extracellular to periplasm),0.0
23CCMPtex,23cCMP transport via diffusion (extracellular to periplasm),0.0
23CAMPtex,23cAMP transport via diffusion (extracellular to periplasm),0.0
12PPDRDH,R Propane 1 2 diol dehydratase,0.0
EX_ttdca_e,R_EX_ttdca_e,0.0
EX_zn2_e,R_EX_zn2_e,0.0
AACPS3,Acyl-[acyl-carrier-protein] synthetase  (n-C16:0),0.0
AACLAM,Acetyl adenylate CoA ligase AMP-forming,0.0
AABTN,4 acetamidobutyrate deacetylase,0.0
A6PAG2,,0.0
6PHBG_2,,0.0
5DKGR,5-keto-D-gluconate 5-reductase,0.0
5DGLCNR,5-dehydro-D-gluconate reductase,0.0
4PEPTabcpp,Tetrapeptide (LalaDgluMdapDala) transport via ABC system (periplasm),0.0
4PCP,"Tetrapeptide L,D-carboxypeptidase",0.0
4HTHRS_1,4-Hydroxy-L-threonine synthase,0.0
4HTHRA,4-hydroxy-L-threonine aldolase,0.0
4HPRO_LT_Et,Trans-4-Hydroxy-L-proline transport (transport mechanism unknown - evidence from biolog data),0.0
4HPROLTtex,Trans 4 hydroxy L proline transport  extracellular,0.0
3MBtex,3-methylbutanoic acid transport via diffusion (extracellular to periplasm),0.0
4HPROE,4 hydroxyproline epimerase,0.0
4HPRODCtex,Cis 4 hydroxy L proline transport  extracellular,0.0
4HPRODCabcpp,Cis 4 Hydroxy D proline transport via ABC system,0.0
4HBAt,MNXR68734,0.0
4HALDD,Aldehyde dehydrogenase  4 hydroxyphenylacetaldehyde  NAD,0.0
4ABUTD,4-Aminobutyraldehyde:NAD+ oxidoreductase,0.0
3UMPt6,3  UMP transport in via proton symport,0.0
3PEPTabcpp,Tripeptide (LalaDgluMdap) transport via ABC system (periplasm),0.0
3NUCLE3,3  nucleotidase  3  cMP,0.0
3NUCLE2,3  nucleotidase  3  UMP,0.0
3NUCLE1,3  nucleotidase  3  AMP,0.0
3NTD7pp,3'-nucleotidase (AMP) (periplasm),0.0
3NTD4pp,3'-nucleotidase (CMP) (periplasm),0.0
3NTD2pp,3'-nucleotidase (UMP) (periplasm),0.0
4HPROLTabcpp,Trans 4 Hydroxy D proline transport via ABC system,0.0
ALDD20x,"Aldehyde dehydrogenase (indole-3-acetaldehyde, NAD)",0.0
ALDD1,Aldehyde dehydrogenase  formaldehyde  NAD,0.0
ALCD2y,"Alcohol dehydrogenase (ethanol, NADP)",0.0
ALCD2x,Alcohol dehydrogenase (ethanol),0.0
ALCD2ir,Alcohol dehydrogenase  reverse rxn  acetaldehyde   ethanol,0.0
ALAt4,Alanine-Sodium symporter,0.0
ALAt2r,L alanine reversible transport via proton symport,0.0
ALAt2pp,L-alanine transport in via proton symport (periplasm),0.0
ALAabcpp,L-alanine transport via ABC system (periplasm),0.0
ALAabc,L-alanine transport via ABC system,0.0
ALATRPtex,L Alaninyltryptophan transport via diffusion  extracellular to periplasm,0.0
ALATRPabcpp,L Alaninyltryptophan  Ala Trp  transport via ABC system  periplasm,0.0
ALATHRtr,Dipeptide transport via ABC system ala-thr,0.0
ACTNabc,Acetoin transport via ABC system,0.0
ALATHRabcpp,L Alaninylthreonine  Ala thr  transport via ABC system  periplasm,0.0
ALATA_L2,Alanine transaminase,0.0
ALATA_D2,D-alanine transaminase,0.0
ALALEUtex,L Alaninylleucine transport via diffusion  extracellular to periplasm,0.0
ALALEUt,Dipeptide transport via ABC system ala-leu,0.0
ALALEUabcpp,L Alaninylleucine  Ala Leu  transport via ABC system  periplasm,0.0
ALAHIStr,Dipeptide transport via ABC system ala-his,0.0
ALAHIStex,L Alaninylhistidine transport via diffusion  extracellular to periplasm,0.0
ALAHISabcpp,L Alaninylhistidine  Ala His  transport via ABC system  periplasm,0.0
ALAGLYtr,Dipeptide transport via ABC system ala-gly,0.0
ALAGLUabcpp,L Alaninylglutamate  LalaLglu  transport via ABC system  periplasm,0.0
ALAGLNtr,Dipeptide transport via ABC system ala-gln,0.0
ALAD_L,L-alanine dehydrogenase,0.0
ALAALAr,D-alanine-D-alanine ligase (reversible),0.0
ALATHRtex,L Alaninylthreonine transport via diffusion  extracellular to periplasm,0.0
AMPEP11,Aminopeptidase,0.0
AMPEP10,Aminopeptidase,0.0
AMPEP1,Aminopeptidase,0.0
AMPD2,AMP deaminase,0.0
AMMQT8_2,S-adenosylmethione:2-demethylmenaquinone methyltransferase,0.0
AMMQLT8,S-adenosylmethione:2-demthylmenaquinole methyltransferase (menaquinone 8),0.0
AMID_1,Acetamidase,0.0
AMID4,Amidase,0.0
AMANK_1,N-acetyl-D-mannosamine kinase,0.0
AMANK,N-acetyl-D-mannosamine kinase,0.0
AMANAPEr,N-acetylmannosamine 6-phosphate epimerase,0.0
AM4PA,Anhydrous-N-Acetylmuramyl-tetrapeptide amidase,0.0
AM3PA,Anhydrous-N-Acetylmuramyl-tripeptide amidase,0.0
ALDD20y,Aldehyde dehydrogenase  indole 3 acetaldehyde  NADP,0.0
ALR4x,Aldose reductase (acetol),0.0
ALR3,Aldose reductase (acetol),0.0
ALR2,Aldose reductase (methylglyoxal),0.0
ALPHNH,Allophanate hydrolase,0.0
ALLTN,Allantoinase,0.0
ALLTAMH,Allantoate amidohydrolase,0.0
ALKP,Alkaline phosphatase,0.0
ALDD6,Aldehyde dehydrogenase  hexanal  NAD,0.0
ALDD4,"Aldehyde dehydrogenase (butanal, NAD)",0.0
ALDD3y,"Aldehyde dehydrogenase (propanal, NADP)",0.0
ALDD31_1,Aldehyde dehydrogenase  aminoacetaldehyde  NAD,0.0
ALDD3,Aldehyde dehydrogenase  propanal  NAD,0.0
ALDD2y,"Aldehyde dehydrogenase (acetaldehyde, NADP)",0.0
ALDD2x,"Aldehyde dehydrogenase (acetaldehyde, NAD)",0.0
ALTRH,Altronate hydrolase,0.0
AGDC,N-acetylglucosamine-6-phosphate deacetylase,0.0
AEPtex,AEP transport via diffusion extracellular to periplasm,0.0
AEPabcpp,AEP transport via ABC system periplasm,0.0
AEPPYRTA,2 aminoethylphosphonate pyruvate transaminase,0.0
ADtr,"Acetamide transport, extracellular",0.0
ADSS,Adenylosuccinate synthase,0.0
ADSL2r,Adenylosuccinate lyase,0.0
ADSL1r,Adenylsuccinate lyase,0.0
ADSK,Adenylyl-sulfate kinase,0.0
ADPT,Adenine phosphoribosyltransferase,0.0
ADPRDP_1,ADPribose diphosphatase,0.0
ADPRDP,ADPribose diphosphatase,0.0
ADPGLC,ADPglucose diphosphatase,0.0
ALAALAabcpp,D-alanyl-D-alanine (DalaDala) transport via ABC system (periplasm),0.0
ADNUC,Adenosine hydrolase,0.0
ADNK1,Adenosine kinase,0.0
ADNCYC,Adenylate cyclase,0.0
ADMDC,Adenosylmethionine decarboxylase,0.0
ADK2,Adenylate kinase (Inorganic triphosphate),0.0
ADD,Adenine deaminase,0.0
ADCS,4-amino-4-deoxychorismate synthase,0.0
ADCL,4-aminobenzoate synthase,0.0
ADAPAT,"E N-acetyl-L,L-diaminopimelate aminotransferase",0.0
ADADir,Deoxycytidine kinase,0.0
ACtex,Acetate transport via diffusion (extracellular to periplasm),0.0
ACt4pp,Na+/Acetate symport (periplasm),0.0
ACt2rpp,Acetate reversible transport via proton symport (periplasm),0.0
ACTNabc1,Acetoin efflux  via ABC system,0.0
ADPDA,N6 acetyl LL 2 6 diaminoheptanedioate amidohydrolase,0.0
AKP1,Alkaline phosphatase  Dihydroneopterin,0.0
AKGDH,2-Oxogluterate dehydrogenase,0.0
AIRCr,Phosphoribosylaminoimidazole carboxylase,0.0
AIRC1,Phosphoribosylaminoimidazole carboxylase  ATP dependent,0.0
AICART,Phosphoribosylaminoimidazolecarboxamide formyltransferase,0.0
AI2tpp,Quorum signal AI-2 exporter,0.0
AI2tex,"Ai2 transport, outer membrane",0.0
AHSERL4,Cysteine synthase  Thiosulfate,0.0
AHSERL2,O acetylhomoserine  thiol  lyase,0.0
AHMMPS_1,4 amino 5 hydroxymethyl 2 methylpyrimidine synthetase,0.0
AHCi,Adenosylhomocysteinase,0.0
AHCYSNS,S-adenosylhomocysteine nucleosidase,0.0
AH6PI,Arabino-3-hexulose-6-P Isomerase,0.0
AGPR,N-acetyl-g-glutamyl-phosphate reductase,0.0
AGM3PApp,N-Acetyl-D-glucosamine(anhydrous)N-Acetylmuramyl-tripeptide amidase (periplasm),0.0
AGPAT181,1-octadec-7-enoyl-sn-glycerol 3-phosphate O-acyltransferase (n-C18:1),0.0
AGPAT180,1-octadecanoyl-sn-glycerol 3-phosphate O-acyltransferase (n-C18:0),0.0
AGPAT161,1-hexadec-7-enoyl-sn-glycerol 3-phosphate O-acyltransferase (n-C16:1),0.0
AGPAT160,1-hexadecanoyl-sn-glycerol 3-phosphate O-acyltransferase (n-C16:0),0.0
AGMtex,Agmatine transport via diffusion (extracellular to periplasm),0.0
AGMt2pp,GlcNAc-anhMurNAc transport in via proton symport (periplasm),0.0
AGMT,Agmatinase,0.0
AGMPTRCtpp,Agmatine/putrescine antiporter (periplasm),0.0
AGMH,"N-Acetyl-D-glucosamine(anhydrous)N-Acetylmuramyl beta -1,4-N-acetylglucosaminidase",0.0
AGM4Pt2pp,GlcNAc-anhMurNAc tetrapeptide transport in via proton symport (periplasm),0.0
AGM4PH,"N-Acetyl-D-glucosamine(anhydrous)N-Acetylmuramyl-tetrapeptide beta -1,4-N-acetylglucosaminidase",0.0
AGM4PCP,"N-Acetyl-D-glucosamine(anhydrous)N-Acetylmuramyl-tetrapeptide L,D-carboxypeptidase",0.0
AGM4PApp,N-Acetyl-D-glucosamine(anhydrous)N-Acetylmuramyl-tetrapeptide amidase (periplasm),0.0
AGM3PH,"N-Acetyl-D-glucosamine(anhydrous)N-Acetylmuramyl-tripeptide beta -1,4-N-acetylglucosaminidase",0.0
AGPATr_BS,1 acylglycerol 3 phosphate O acyltransferase,0.0
GUI2,Glucuronate isomerase (D-galacturonate),0.0
GUAtex,Guanine transport via diffusion (extracellular to periplasm),0.0
GUAt2pp,Guanine transport in via proton symport (periplasm),0.0
GUAPRT,Guanine phosphoribosyltransferase,0.0
GUACYC,Guanylate cyclase,0.0
GTPHs,GTP amine hydrolysis (spontaneous),0.0
GTPDPK_1,ATP:GTP 3'-diphosphotransferase,0.0
GTPDPK,GTP diphosphokinase,0.0
GTPCII,GTP cyclohydrolase II,0.0
GTPCI,GTP cyclohydrolase I,0.0
GTHRDt2_1,Glutathione transport,0.0
GTHRDabcpp,Reduced glutathione via ABC system (periplasm),0.0
GTHRDabc2pp,Glutathione export via ABC system (cytoplasm to periplasm),0.0
DCYTt2,Deoxycytidine transport in via proton symport,0.0
GTHRDH_syn,Glutathione hydralase (periplasmic),0.0
GTHPi,Glutathione peridoxase,0.0
GTHOr,Glutathione oxidoreductase,0.0
GRTT,Geranyltranstransferase,0.0
GPDDA4,Glycerophosphodiester phosphodiesterase (Glycerophosphoglycerol),0.0
GPDDA2,Glycerophosphodiester phosphodiesterase (Glycerophosphoethanolamine),0.0
GNP,Phosphogluconate phosphatase,0.0
GNNUC,Ribosylpyrimidine nucleosidase,0.0
GNKr,Gluconokinase,0.0
GNK_1,Gluconokinase,0.0
GND,Phosphogluconate dehydrogenase,0.0
GMPS2,GMP synthase,0.0
GMPR,GMP reductase,0.0
GLYtex,Glycine transport via diffusion (extracellular to periplasm),0.0
GTHRDHpp,Glutathione hydralase (periplasmic),0.0
HGt,Mercury transport,0.0
HGNTOR,Homogentisateoxygen 1 2 oxidoreductase  decyclizing,0.0
HG2tex,Mercury (Hg+2) transport via diffusion (extracellular to periplasm),0.0
HG2t3pp,Mercury (Hg+2) transport out via proton antiport (periplasm),0.0
HG2abcpp,Mercury (Hg+2) ABC transporter (periplasm),0.0
HEXt2rpp,"Hexanoate transport via proton symport, reversible (periplasm)",0.0
HEXSabc,Hexanesulfonate transport via ABC system,0.0
HEX7,Hexokinase (D-fructose:ATP),0.0
HEX4,Hexokinase (D-mannose:ATP),0.0
HETZK,Hydroxyethylthiazole kinase,0.0
HEMEOS_1,Heme O synthase,0.0
HDECH,,0.0
HCYSMT2,Homocysteine Methyltransferase,0.0
GalMr,Aldose 1-epimerase,0.0
HCO3E,HCO3 equilibration reaction,0.0
HACOADr,3 hydroxyacyl CoA dehydrogenase,0.0
HACD9,3 hydroxyacyl CoA dehydrogenase  2 Methylacetoacetyl CoA,0.0
HACD8i,3-hydroxyacyl-CoA dehydrogenase (3-oxooctadecanoyl-CoA),0.0
HACD8,"3-hydroxyacyl-CoA dehydrogenase (3-oxooctadecanoyl-CoA), peroxisomal",0.0
HACD7,3-hydroxyacyl-CoA dehydrogenase (3-oxohexadecanoyl-CoA),0.0
HACD3,3-hydroxyacyl-CoA dehydrogenase (3-oxooctanoyl-CoA),0.0
HACD1i,3-hydroxyacyl-CoA dehydrogenase (acetoacetyl-CoA),0.0
HACD1_1,3 hydroxyacyl CoA dehydrogenase  acetoacetyl CoA,0.0
HACD1,3-hydroxyacyl-CoA dehydrogenase (acetoacetyl-CoA),0.0
H2St1,H2s transport (diffusion),0.0
H2SO,Hydrogen sulfide oxidation,0.0
H2Otpp,H2O transport via diffusion (periplasm),0.0
H2CO3D2,Carboxylic acid dissociation,0.0
HCYSMT,Homocysteine S-methyltransferase,0.0
GLYGLNabcpp,L Glycinylglutamine  Gly Gln  transport via ABC system  periplasm,0.0
GLYCtpp,Glycerol transport via channel (periplasm),0.0
GLYCtex,Glycerol transport via diffusion (extracellular to periplasm),0.0
GLYCYSabc,Gly-Cys ABC transporters,0.0
GLYCYSAP,Gly-Cys aminopeptidase,0.0
GLYCTO3,Glycolate oxidase,0.0
GLYCTO1,Glycolate oxidase,0.0
GLYCLTDx,Glycolate dehydrogenase (NAD),0.0
GLYCL,Glycine Cleavage System,0.0
GLYC3Pabcpp,Sn-Glycerol 3-phosphate transport via ABC system (periplasm),0.0
GLYBtex,Glycine betaine transport via diffusion (extracellular to periplasm),0.0
GLYBt3pp,Glycine betaine transport via proton antiport (periplasm),0.0
GLYBt2r,"Glycine betaine transport via proton symport, reversible",0.0
GLYt4,Glycine transport via sodium symport,0.0
GLYAT,Glycine C-acetyltransferase,0.0
GLYALDDr,D-Glyceraldehyde dehydrogenase,0.0
GLXO1,Glyoxylate oxidase,0.0
GLXCBL,Glyoxalate carboligase,0.0
GLUtex,L-glutamate transport via diffusion (extracellular to periplasm),0.0
GLUt4pp,Na+/glutamate symport (periplasm),0.0
GLUt4,Na+/glutamate symport,0.0
GLUt2rpp,"L-glutamate transport via proton symport, reversible (periplasm)",0.0
GLUabc,L-glutamate transport via ABC system,0.0
GLUTRS,Glutamyl-tRNA synthetase,0.0
GLUTRR,Glutamyl-tRNA reductase,0.0
GLUTARH,Glutarate hydroxylase,0.0
GLUSy,Glutamate synthase (NADPH),0.0
GLUSx,Glutamate synthase  NADH2,0.0
GLYBabc,Glycine betaine transport via ABC system,0.0
GLYt2r,Glycine reversible transport via proton symport,0.0
GLYt2pp,Glycine transport in via proton symport (periplasm),0.0
GLYabc,Glycine transport via ABC system,0.0
GLYTYRabc,Gly-Try ABC transporters,0.0
GLYTYRAP,Gly-Try aminopeptidase,0.0
GLYSERtex,L Glycinylserine transport via diffusion  extracellular to periplasm,0.0
GLYSERabcpp,L Glycinylserine  Gly Ser  transport via ABC system  periplasm,0.0
GLYPHEtr,Gly-Phe ABC transporters,0.0
GLYPHEtex,L GlyPhe transport via diffusion  extracellular to periplasm,0.0
GLYPHEabcpp,L Glycinilphenylalanin  Gly Phe  transport via ABC system  periplasm,0.0
GLYPHEHYc,Hydrolysis of glycylphenylalanine,0.0
GLYPHEAP,Gly-Phe aminopeptidase,0.0
GLYOX_1,Glyoxalase I; Ni-dependent,0.0
GLYGLNtex,L Glycinylglutamine transport via diffusion  extracellular to periplasm,0.0
GLYO1,Glycine oxidase,0.0
GLYMETtr,Dipeptide transport via ABC system gly-met,0.0
GLYMETtex,L Glycinylmethionine transport via diffusion  extracellular to periplasm,0.0
GLYMETabcpp,L Glycinylmethionine  Gly Met  transport via ABC system  periplasm,0.0
GLYLEUtr,Gly-Leu ABC transporters,0.0
GLYLEUAP,Gly-Leu aminopeptidase,0.0
GLYK,Glycerol kinase,0.0
GLYGLYtex,L Glycinylglycine transport via diffusion  extracellular to periplasm,0.0
GLYGLYabcpp,L Glycinilglycine  Gly Gly  transport via ABC system  periplasm,0.0
GLYGLYGLNtr,Tripeptide transport,0.0
GLYGLYCNc,Hydrolysis of glycylycine for uptake,0.0
GLYGLUtex,L Histidinylglycine transport via diffusion  extracellular to periplasm,0.0
GLYGLUabcpp,L Glycinylglutamate  Gly Glu  transport via ABC system  periplasm,0.0
GLYGLNtr,Dipeptide transport via ABC system gly-gln,0.0
GLYOX,Hydroxyacylglutathione hydrolase,0.0
Kt2r,Potassium reversible transport  via proton symport,0.0
Kt1,Potassium transport via uniport (facilitated diffusion),0.0
Kabcpp,Potassium ABC transporter (periplasm),0.0
Kabc,Potassium ABC transporter,0.0
KAS8,"B-ketoacyl synthetase (palmitate, n-C16:0)",0.0
KAS7,B-ketoacyl synthetase (n-C16:1),0.0
KAS6,B-ketoacyl synthetase (Iso-C16:0),0.0
KAS4,B-ketoacyl synthetase (Anteiso-C15:0),0.0
KAS3,B-ketoacyl synthetase (Iso-C15:0),0.0
KAS2,B-ketoacyl synthetase (n-C14:0),0.0
KAS17,B-ketoacyl synthetase (n-C18:1),0.0
KAS13,B-ketoacyl synthetase (octadecanoate),0.0
KAS12,B-ketoacyl synthetase (Anteiso-C17:0),0.0
HISDr,Histidase r,0.0
KAS1,B-ketoacyl synthetase (Iso-C14:0),0.0
KARA2,Ketol-acid reductoisomerase (2-Acetolactate),0.0
IZPN_1,Imidazolonepropionase,0.0
IZPN,Imidazolonepropionase,0.0
ISETACtex,Isethionate transport via diffusion (extracellular to periplasm),0.0
ISETACabcpp,Isethionate transport via ABC system (periplasm),0.0
IPPS,2-isopropylmalate synthase,0.0
IPPMIb,2-isopropylmalate hydratase,0.0
IPPMIa,3-isopropylmalate dehydratase,0.0
IPMD,3-isopropylmalate dehydrogenase,0.0
IPDPS,1-hydroxy-2-methyl-2-(E)-butenyl 4-diphosphate reductase (ipdp),0.0
IPDDI,Isopentenyl-diphosphate D-isomerase,0.0
INSTt2,Inositol transport in via proton symport,0.0
INSTabc,Inositol transport in via ABC transport,0.0
KAS11,B-ketoacyl synthetase (Iso-C17:0),0.0
LPLIPAL2G181,"Lysophospholipase L2 (2-acylglycerophosphoglycerol, n-C18:1)",0.0
LPLIPAL2E161,"Lysophospholipase L2 (2-acylglycerophosphoethanolamine, n-C16:1)",0.0
LPLIPAL1E180pp,"Lysophospholipase L1 (2-acylglycerophosphoethanolamine, n-C18:0) (periplasm)",0.0
LPLIPAL1A161pp,"Lysophospholipase L1 (2-acylglycerophosphotidate, n-C16:1) (periplasm)",0.0
LPLIPAL1A160pp,"Lysophospholipase L1 (2-acylglycerophosphotidate, n-C16:0) (periplasm)",0.0
LLEUDr,L leucine dehydrogenase,0.0
LIPOPBt,Lipoate transport via proton symport,0.0
LIPO4S24_BS,Lipoteichoic acid synthesis  n24   linked  unsubstituted,0.0
LIPO3S24_BS,Lipoteichoic acid synthesis  n24   unliked  D alanine substituted,0.0
LIPO2S24_BS,Lipoteichoic acid synthesis  n24   linked  N acetylglucosamine substituted,0.0
LIPO1S24_BS,Lipoteichoic acid synthesis  n24   linked  glucose substituted,0.0
LIPATPT_2,Lipoate-ATP adenylate transferase,0.0
LIPAMPL,Lipoyl-adenylate protein ligase,0.0
Kt3r,Potassium transport out via proton antiport,0.0
LEUtex,L-leucine transport via diffusion (extracellular to periplasm),0.0
LEUt3pp,L-leucine transport out via proton antiport (periplasm),0.0
LEUt2r,L leucine reversible transport via proton symport,0.0
LEUabcpp,L-leucine transport via ABC system (periplasm),0.0
LEUabc,L-leucine transport via ABC system,0.0
LEUTA,Leucine transaminase,0.0
LEULEUtex,Leucylleucine transport via diffusion  extracellular to periplasm,0.0
LEULEUabcpp,L leucylleucine  leuleu  transport via ABC system  periplasm,0.0
LEULEULAPc,Hydrolysis of Leucylleucine in the small intestine for cellular uptake,0.0
LDH_D,D-lactate dehydrogenase,0.0
LDGUNPD,Linear diguanylate phosphodiesterase,0.0
LALGP,L-alanyl-gamma-L-glutamate peptidase,0.0
LALALGLUtex,L-alanyl-L-glutamate transport via diffusion (extracellular to periplasm),0.0
Ktex,Potassium transport via diffusion (extracellular to periplasm),0.0
LGTHL,Lactoylglutathione lyase,0.0
HXANt2r,Hypoxanthine reversible transport via proton symport,0.0
HXANt2pp,Hypoxanthine transport in via proton symport (periplasm),0.0
HSTPTr,Histidinol phosphate transaminase,0.0
HSTPT,Histidinol-phosphate transaminase,0.0
HSK,Homoserine kinase,0.0
HSERTA,Homoserine O trans acetylase,0.0
HSDy,Homoserine dehydrogenase (NADPH),0.0
HSDxi,Homoserine dehydrogenase  NADH   irreversible,0.0
HQNt6,Hydroquinone transport inout via proton symport,0.0
HPPK,2-amino-4-hydroxy-6-hydroxymethyldihydropteridine diphosphokinase,0.0
HPHACA,2--hydroxyphenylacetate hydroxylase,0.0
HOXPRx,2 hydroxy 3 oxopropionate reductase  NAD,0.0
HMR_9610,Na+/succinate symporter,0.0
INSH,Inosine hydrolase,0.0
HMPK1,Hydroxymethylpyrimidine kinase (ATP),0.0
HMGL_2,,0.0
HMGL,Hydroxymethylglutaryl-CoA lyase,0.0
HMBS,Hydroxymethylbilane synthase,0.0
HKM1PP,2 hydroxy 3 keto 5 methylthiopentenyl 1 phosphate phophatase,0.0
HISt2r,L histidine reversible transport via proton symport,0.0
HISabc,L-histidine transport via ABC system,0.0
HISTP_1,Histidinol-phosphatase,0.0
HISTP,Histidinol-phosphatase,0.0
HISTD,Histidinol dehydrogenase,0.0
HISHIStex,L Histidinylhistidine transport via diffusion  extracellular to periplasm,0.0
HISHISabcpp,L Histidinylhistidine  His His  transport via ABC system  periplasm,0.0
HISGLYtex,L Histidinylglycine transport via diffusion  extracellular to periplasm,0.0
HISGLYabcpp,L Histidinylglycine  His Gly  transport via ABC system  periplasm,0.0
HMPPtr,Hydroxymethl pyrimidine phosphate ABC transport,0.0
INSCR,Inositol catabolic reactions  lumped,0.0
INS2D,Inositol 2-dehydrogenase,0.0
INOSR,Ketoinositol reductase,0.0
IND3ACtpp,Indole 3 acetic acid export  periplasm,0.0
IND3ACtex,Indole 3 acetate transport  exterior,0.0
IMPD,IMP dehydrogenase,0.0
IMPC,IMP cyclohydrolase,0.0
ILEtex,L-isoleucine transport via diffusion (extracellular to periplasm),0.0
ILEt2r,L isoleucine reversible transport via proton symport,0.0
ILEabcpp,L-isoleucine transport via ABC system (periplasm),0.0
ILEabc,L-isoleucine transport via ABC system,0.0
ILETA,Isoleucine transaminase,0.0
ILEDHr,Isoleucine dehydrogenase,0.0
HXAtex,Hexanoate transport via diffusion (extracellular to periplasm),0.0
IGPDH_1,Imidazoleglycerol phosphate dehydratase,0.0
IG3PS_1,Imidazole glycerol 3 phosphate synthase,0.0
ID3ACALDt,Indoleacetaldehyde transport  extracellular,0.0
ICL,Isocitrate lyase,0.0
ICITtupp,Isocitrate transport periplasm,0.0
ICITtex,Citrate transport via diffusion extracellular to periplasm,0.0
ICITt4pp,Citrate transport via sodium symport  periplasm,0.0
ICHORT,Isochorismatase,0.0
ICHORS,Isochorismate synthase,0.0
ICDHyr,Isocitrate dehydrogenase (NADP),0.0
HYXNtex,Hypoxanthine transport via diffusion (extracellular to periplasm),0.0
HYPOE,Hypothetical enyme,0.0
HXPRT,Hypoxanthine phosphoribosyltransferase (Hypoxanthine),0.0
HXCT,Acetyl-CoA:hexanoate-CoA transferase,0.0
IGPS,Indole-3-glycerol-phosphate synthase,0.0
FACOAL100t2pp,Fatty-acid-CoA ligase (decanoate transport via vectoral Co-A coupling),0.0
FACOAE180,Fatty-acid-CoA thioesterase (octadecanoate),0.0
FACOAE161,Fatty-acid-CoA thioesterase (hexadecenoate),0.0
FACOAE160,Fatty-acid-CoA thioesterase (hexadecanoate),0.0
FACOAE140,Fatty-acid-CoA thioesterase (tetradecanoate),0.0
FACOAE120,Fatty-acid-CoA thioesterase (dodecanoate),0.0
FA80ACPHi,Fatty-acyl-ACP hydrolase,0.0
F6PP,D-fructose 6-phosphate phosphatase,0.0
F1PP,D-fructose 1-phosphate phosphatase,0.0
ETOHtrpp,Ethanol reversible transport via diffusion (periplasm),0.0
ETOHtex,Ethanol transport via diffusion (extracellular to periplasm),0.0
ETHSO3tex,Ethanesulfonate transport via diffusion (extracellular to periplasm),0.0
ETHSO3abcpp,Ethanesulfonate transport via ABC system (periplasm),0.0
GLUSfx,Glutamate synthase (ferredoxin),0.0
ECOAH9ir,2 Methylprop 2 enoyl CoA  2 Methylbut 2 enoyl CoA,0.0
ECOAH8,3-hydroxyacyl-CoA dehydratase (3-hydroxyoctadecanoyl-CoA),0.0
ECOAH7,3-hydroxyacyl-CoA dehydratase (3-hydroxyhexadecanoyl-CoA),0.0
ECOAH3,3-hydroxyacyl-CoA dehydratase (3-hydroxyoctanoyl-CoA),0.0
ECOAH1_1,3 hydroxyacyl CoA dehydratase  3 hydroxybutanoyl CoA,0.0
ECOAH1,3-hydroxyacyl-CoA dehydratase (3-hydroxybutanoyl-CoA),0.0
E4PD,Erythrose 4-phosphate dehydrogenase,0.0
DXPS,1-deoxy-D-xylulose 5-phosphate synthase,0.0
DXPRIi,1-deoxy-D-xylulose reductoisomerase,0.0
DUTPDP,DUTP diphosphatase,0.0
DURIPP_1,Deoxyuridine phosphorylase,0.0
DURIPP,Deoxyuridine phosphorylase,0.0
DURIK1,Deoxyuridine kinase (ATP:Deoxyuridine),0.0
DTMPK,DTMP kinase,0.0
EDA,2-dehydro-3-deoxy-phosphogluconate aldolase,0.0
FDMO3_1,FMN dependent monooxygenase  hexanesulfonate,0.0
FDMO3,FMNH2-dependent monooxygenase (ethanesulfonate),0.0
FDMO,FMNH2-dependent monooxygenase,0.0
FDH,Formate dehydrogenase,0.0
FCLT_2,Heme B synthesis reaction,0.0
FBA3,"Sedoheptulose 1,7-bisphosphate D-glyceraldehyde-3-phosphate-lyase",0.0
FBA2,D Fructose 1 phosphate D glyceraldehyde 3 phosphate lyase,0.0
FAS140,Fatty acid synthase  n C140,0.0
FALDep,Formaldehyde extrusion pump,0.0
FADH2D,FADH2 dehydrogenase (menaquinone 7 as acceptor),0.0
FACOAL80t2pp,Fatty-acid-CoA ligase (octanoate transport via vectoral Co-A coupling),0.0
FACOAL60t2pp,Fatty-acid-CoA ligase (hexanoate transport via vectoral Co-A coupling),0.0
FACOAL181t2pp,Fatty-acid-CoA ligase (octadecenoate transport via vectoral Co-A coupling),0.0
FACOAL120t2pp,Fatty-acid-CoA ligase (dodecanoate transport via vectoral Co-A coupling),0.0
FACOAL180t2pp,Fatty-acid-CoA ligase (octadecanoate transport via vectoral Co-A coupling),0.0
FACOAL180_2,Fatty acid  CoA ligase  octadecanoate,0.0
FACOAL170_anteiso,Fatty acid  CoA ligase  anteiso C170,0.0
FACOAL170_ISO,Fatty acid  CoA ligase  Iso C170,0.0
FACOAL161t2pp,Fatty-acid-CoA ligase (hexadecenoate transport via vectoral Co-A coupling),0.0
FACOAL161,Fatty acid  CoA ligase  hexadecenoate,0.0
FACOAL160t2pp,Fatty-acid-CoA ligase (hexadecanoate transport via vectoral Co-A coupling),0.0
FACOAL160_ISO,Fatty acid  CoA ligase  Iso C160,0.0
FACOAL160,Fatty acid  CoA ligase  hexadecanoate,0.0
FACOAL150_anteiso,Fatty acid  CoA ligase  anteiso C150,0.0
FACOAL150_ISO,Fatty acid  CoA ligase  Iso C150,0.0
FACOAL140t2pp,Fatty-acid-CoA ligase (tetradecanoate transport via vectoral Co-A coupling),0.0
FACOAL140_ISO,Fatty acid  CoA ligase  Iso C140,0.0
FACOAL140,Fatty acid  CoA ligase  tetradecanoate,0.0
FACOAL181,Fatty acid  CoA ligase  octadecenoate,0.0
DHPS,Dihydropteroate synthase,0.0
DHPPDA,Diaminohydroxyphosphoribosylaminopyrimidine deaminase,0.0
DHORTS,Dihydroorotase,0.0
DHORDi,Dihydoorotic acid dehydrogenase  irreversible,0.0
DHNPA_1,Dihydroneopterin aldolase,0.0
DHNCOAT,"1,4-dihydroxy-2-napthoyl-CoA thioesterase",0.0
DHNCOAS,"1,4-dihydroxy-2-napthoyl-CoA synthase",0.0
DHNAOT_1,1 4 dihydroxy 2 naphthoate octaprenyltransferase,0.0
DHFS,Dihydrofolate synthase,0.0
DHFR,Dihydrofolate reductase,0.0
DHDPS,Dihydrodipicolinate synthase,0.0
DHDPRy,Dihydrodipicolinate reductase (NADPH),0.0
DHBSZ3FEexs,23dhbsz3 Fe III sequestration,0.0
DSERtex,D-serine transport via diffusion (extracellular to periplasm),0.0
DHAPT,Dihydroxyacetone phosphotransferase,0.0
DHAK,Dihydroxyacetone kinase,0.0
DHAD3,Dihydroxy acid dehydratase  2 3 dihydroxy 3 methylpentanoate,0.0
DHAD2,"Dihydroxy-acid dehydratase (2,3-dihydroxy-3-methylpentanoate)",0.0
DHACOAH,"2,3-dehydroadipyl-CoA hydratase",0.0
DH23t,,0.0
DGUNC,Diguanylate cyclase,0.0
DGNSK_1,ATP deoxyguanosine 5'-phosphotransferase,0.0
DGNSK,Deoxyguanosine kinase,0.0
DGK1,Deoxyguanylate kinase (dGMP:ATP),0.0
DDPA,3-deoxy-D-arabino-heptulosonate 7-phosphate synthetase,0.0
DDGLK,2-dehydro-3-deoxygluconokinase,0.0
DDGLCNt2r,"2-dehydro-3-deoxy-D-gluconate transport via proton symport, reversible",0.0
DDCAtexi,Fatty acid (dodecanoate) transport via facilitated irreversible diffusion (extracellular to periplasm),0.0
DHBD,"2,3-dihydro-2,3-dihydroxybenzoate dehydrogenase",0.0
DSERt2pp,D-serine transport in via proton symport (periplasm),0.0
DSERt2,D-serine transport via proton symport,0.0
DSERDHr,D-serine dehydrogenase,0.0
DRPA,Deoxyribose-phosphate aldolase,0.0
DRIBabc,Deoxyribose transport via ABC system,0.0
DRBK,Deoxyribokinase,0.0
DPR,2-dehydropantoate 2-reductase,0.0
DPCOAK,Dephospho-CoA kinase,0.0
DNTPPA,Dihydroneopterin triphosphate pyrophosphatase,0.0
DNTAep,N N bis 3 5 dinitrotolyl  amine extrusion pump,0.0
DNMPPA,Dihydroneopterin monophosphate dephosphorylase,0.0
DNADDP,Deamino-NAD+ nucleotidohydrolase,0.0
DMPPS,1-hydroxy-2-methyl-2-(E)-butenyl 4-diphosphate reductase (dmpp),0.0
DHPTDCs2,"4,5-dihydroxy-2,3-pentanedione cyclization (spontaneous)",0.0
DM1PE,2 3 diketo 5 methylthiopentyl 1 phosphate enolase,0.0
DKMD2K,1 2 dihydroxy 3 keto 5 methylthiopentene dioxygenase  2 keto 4 methylthiobutyrate,0.0
DKDID,"D-2,3-Diketo 4-deoxy-epi-inositol dehydratase",0.0
DIPEPabc8,Dipeptide transport via ABC system  gly asn,0.0
DIPEPabc3,Dipeptide transport via ABC system  ala glu,0.0
DIPEPabc15,Dipeptide transport via ABC system  cgly,0.0
DIPEPabc14,Dipeptide transport via ABC system  gly pro L,0.0
DIPEPabc13,Dipeptide transport via ABC system  gly asp,0.0
DIPEPabc12,Dipeptide transport via ABC system  met ala,0.0
DIPEPabc10,Dipeptide transport via ABC system  gly glu,0.0
DIPEPabc1,Dipeptide transport via ABC system  ala asp,0.0
DINSK,Deoxyinosine kinase,0.0
DHQTi,"3-dehydroquinate dehydratase, irreversible",0.0
DHQS,3-dehydroquinate synthase,0.0
DMATT,Dimethylallyltranstransferase,0.0
GF6PTA,Glutamine-fructose-6-phosphate transaminase,0.0
GDPTPDP,Guanosine 3'-diphosphate 5'-triphosphate 3'-diphosphatase,0.0
GCCc_1,Glycine-cleavage complex,0.0
GCCc,Glycine-cleavage complex,0.0
GCCb_1,Glycine cleavage complex,0.0
GCCb,Glycine cleavage complex,0.0
GCCa_1,Glycine-cleavage complex,0.0
GCCa,Glycine-cleavage complex,0.0
GCALDD,Glycolaldehyde dehydrogenase,0.0
GARFT,Phosphoribosylglycinamide formyltransferase,0.0
GAPDi_nadp,Glyceraldehyde-3-phosphate dehydrogenase (NAD(P)+) (phosphorylating),0.0
GAPD,Glyceraldehyde-3-phosphate dehydrogenase,0.0
GAMpts,D-glucosamine transport via PEP:Pyr PTS,0.0
FDMO4,FMNH2-dependent monooxygenase (butanesulfonate),0.0
GALt2_3,,0.0
GALabcpp,D-galactose transport via ABC system (periplasm),0.0
GALabc,D-galactose transport via ABC system,0.0
GALURtex,D-galacturonate transport via diffusion (extracellular to periplasm),0.0
GALURt2rpp,"D-galacturonate transport via proton symport, reversible (periplasm)",0.0
GALURDH,Galacturonate dehydrogenase,0.0
GALTpts,Galactitol transport via PEP:Pyr PTS,0.0
GALS3,A-galactosidase (melibiose),0.0
GALM2,Aldose 1-epimerase (galactose),0.0
GALM1,Aldose 1-epimerase (glucose),0.0
GALM,Aldose 1 epimerase,0.0
GALK2,Galactokinase,0.0
G6PP,Glucose-6-phosphate phosphatase,0.0
G6PI,Glucose 6 phosphate isomerase,0.0
GALt2pp,D-galactose transport in via proton symport (periplasm),0.0
GLUR,Glutamate racemase,0.0
GLUPRT,Glutamine phosphoribosyldiphosphate amidotransferase,0.0
GLUN,Glutaminase,0.0
GLUKA_1,Glucokinase/hexokinase (glc-A),0.0
GLUDy_1,Glutamate dehydrogenase (NADP),0.0
GLUDC,Glutamate Decarboxylase,0.0
GLU5K,Glutamate 5-kinase,0.0
GLTPD,Galactitol-1-phosphate dehydrogenase,0.0
GLNabc,L-glutamine transport via ABC system,0.0
GLNS,Glutamine synthetase,0.0
GLGC,Glucose-1-phosphate adenylyltransferase,0.0
GLCt2pp,D-glucose transport in via proton symport (periplasm),0.0
GLCptspp,D-glucose transport via PEP:Pyr PTS (periplasm),0.0
GHMT2r,"Glycine hydroxymethyltransferase, reversible",0.0
GLCabcpp,D-glucose transport via ABC system (periplasm),0.0
GLCabc,D-glucose transport via ABC system,0.0
GLCURtex,D-glucuronat transport via diffusion (extracellular to periplasm),0.0
GLCURt2rpp,"D-glucuronate transport via proton symport, reversible (periplasm)",0.0
GLCURDH,Glucoronate dehydrogenase,0.0
GLCRt1,Transport by Glut-5 Transporter into Extracellular Space,0.0
GLCNt2rpp,"D-gluconate transport via proton symport, reversible (periplasm)",0.0
GLCNt2r,"D-gluconate transport via proton symport, reversible",0.0
GLCNt2ir,D gluconate transport via proton symport,0.0
GLCDpp,Glucose dehydrogenase (ubiquinone-8 as acceptor) (periplasm),0.0
GLCAt2,,0.0
GLCADpts,,0.0
GK2,Guanylate kinase  GMPdATP,0.0
GK1,Guanylate kinase (GMP:ATP),0.0
GLCpts,D-glucose transport via PEP:Pyr PTS,0.0
FOLR2,Folate reductase,0.0
FOLD3,Dihydropteroate synthase,0.0
FMNRy,FMN reductase  NADPH dependent,0.0
FMNRx2,FMN reductase,0.0
FMNRx,FMN reductase,0.0
FMNAT,FMN adenylyltransferase,0.0
FGLU_1,Formimidoylglutamase,0.0
FFSD1r,Beta-fructofuranosidase,0.0
FFSD,Beta-fructofuranosidase,0.0
FEOXAMexs,Ferroxamine Fe3-loading reaction (spontaneous),0.0
FEENTERexs,Enterobactin Fe(III) binding (spontaneous),0.0
FEDCabc,Iron  III  dicitrate transport via ABC system,0.0
FE3tex,Iron (III) transport via diffusion (extracellular to periplasm),0.0
G6PDH2r,Glucose 6-phosphate dehydrogenase,0.0
FE3abcpp,Iron (III) transport via ABC system (periplasm to cytoplasm),0.0
FE3abc,Iron (III) transport via ABC system,0.0
FE3PYOVDL2,Ferripyoverdine complex formation  P putida KT2440 specific,0.0
FE3Gabcpp,Iron (III) transport via ABC system (GTP) (periplasm),0.0
FE3DCITexs,Dicitrate Fe(III) binding (spontaneous),0.0
FE2tex,Iron (II) transport via diffusion (extracellular to periplasm),0.0
FE2t4pp,Iron(II) transport out via antiport (periplasm),0.0
FE2t3pp,Iron (Fe+2) transport out via proton antiport (periplasm),0.0
FE2t,Iron  II  transport,0.0
FE2abcpp,Iron (II) transport via ABC system (periplasm),0.0
FE2abc,Iron (II) transport via ABC system,0.0
FE2Gabcpp,Iron (II) transport via ABC system (GTP) (periplasm),0.0
FDMO6,FMNH2-dependent monooxygenase (sulfoacetate),0.0
FDMO4_1,FMN dependent monooxygenase  taurine,0.0
FE3t,"Ferric iron uptake, plasma membrane",0.0
G6PDA,Glucosamine-6-phosphate deaminase,0.0
G6PBDH,Beta-D-Glucose-6-phosphate NADP+ 1-oxoreductase,0.0
G5SD,Glutamate-5-semialdehyde dehydrogenase,0.0
G5SADs,L-glutamate 5-semialdehyde dehydratase (spontaneous),0.0
G3PT,Glycerol-3-phosphatase,0.0
G3POA_BS,Glycerol 3 phosphate O acyltransferase,0.0
G3PEabcpp,Sn-glycerol-3-phosphoethanolamine transport via ABC system (periplasm),0.0
G3PD4,Glycerol 3 phosphate dehydrogenase  menaquinone 7,0.0
G3PD1ir,Glycerol 3 phosphate dehydrogenase  NAD,0.0
G3PCT,Glycerol-3-phosphate cytidylyltransferase,0.0
G3PAT181,Glycerol-3-phosphate acyltransferase (C18:1),0.0
G3PAT180,Glycerol-3-phosphate acyltransferase (C18:0),0.0
G3PAT161,Glycerol-3-phosphate acyltransferase (C16:1),0.0
G3PAT160,Glycerol-3-phosphate acyltransferase (C16:0),0.0
FOMETRi,Aminomethyltransferase,0.0
G1PP,Glucose-1-phosphatase,0.0
G1PACT,Glucosamine-1-phosphate N-acetyltransferase,0.0
FUMAC,Fumarylacetoacetase,0.0
FTHFLi,Formate-tetrahydrofolate ligase,0.0
FTHFCL,5 formethyltetrahydrofolate cyclo ligase,0.0
FRUpts2,Fructose transport via PEP:Pyr PTS (f6p generating),0.0
FRUpts,D-fructose transport via PEP:Pyr PTS,0.0
FRUK,Fructose-1-phosphate kinase,0.0
FRDx,Fumarate reductase NADH,0.0
FRDO,FRDO,0.0
FRD3,Fumarate reductase,0.0
FRD2,Fumarate reductase,0.0
FORtex,Formate transport via diffusion (extracellular to periplasm),0.0
FORAMD,FORAMD,0.0
G1SAT,Glutamate-1-semialdehyde aminotransferase,0.0
