EX_malt_e,EX_o2_e,flux_maximum
0.0,0.0,0.2353509338123547
0.0,1.0526315789473684,0.3010972448365615
0.0,2.1052631578947367,0.33831441018435626
0.0,3.1578947368421053,0.3647436348872995
0.0,4.2105263157894735,0.3748132913490514
0.0,5.263157894736842,0.3801440387676288
0.0,6.315789473684211,0.3854747861861888
0.0,7.368421052631579,0.3908055336047487
0.0,8.421052631578947,0.39613628102330717
0.0,9.473684210526315,0.4014670284418676
0.0,10.526315789473683,0.4053525680824044
0.0,11.578947368421051,0.4065389696044075
0.0,12.631578947368421,0.4077253711264088
0.0,13.68421052631579,0.40891177264841094
0.0,14.736842105263158,0.410098174170413
0.0,15.789473684210526,0.41125548525206235
0.0,16.842105263157894,0.41203624891940194
0.0,17.894736842105264,0.4128170125867404
0.0,18.94736842105263,0.4135977762540791
0.0,20.0,0.4137170809812612
1.0526315789473684,0.0,0.23120246876148876
1.0526315789473684,1.0526315789473684,0.3106630698607707
1.0526315789473684,2.1052631578947367,0.35003280602284015
1.0526315789473684,3.1578947368421053,0.37695406471978427
1.0526315789473684,4.2105263157894735,0.38810290928398194
1.0526315789473684,5.263157894736842,0.39344844008713414
1.0526315789473684,6.315789473684211,0.3987939708902867
1.0526315789473684,7.368421052631579,0.40413950169343926
1.0526315789473684,8.421052631578947,0.40948503249659457
1.0526315789473684,9.473684210526315,0.4148305632997459
1.0526315789473684,10.526315789473683,0.4186368511891527
1.0526315789473684,11.578947368421051,0.41982969405303283
1.0526315789473684,12.631578947368421,0.4210225369169119
1.0526315789473684,13.68421052631579,0.422215379780791
1.0526315789473684,14.736842105263158,0.42340822264467015
1.0526315789473684,15.789473684210526,0.4245159735132465
1.0526315789473684,16.842105263157894,0.42530110625443773
1.0526315789473684,17.894736842105264,0.42608623899562187
1.0526315789473684,18.94736842105263,0.4268713717368087
1.0526315789473684,20.0,0.42702816863341725
2.1052631578947367,0.0,0.20388684568820759
2.1052631578947367,1.0526315789473684,0.30216699528314167
2.1052631578947367,2.1052631578947367,0.35505633263769387
2.1052631578947367,3.1578947368421053,0.37829259720682157
2.1052631578947367,4.2105263157894735,0.38596469696272073
2.1052631578947367,5.263157894736842,0.39131022776587127
2.1052631578947367,6.315789473684211,0.3966557585690232
2.1052631578947367,7.368421052631579,0.4002670710854107
2.1052631578947367,8.421052631578947,0.4014599139492928
2.1052631578947367,9.473684210526315,0.40265275681317203
2.1052631578947367,10.526315789473683,0.40384559967705125
2.1052631578947367,11.578947368421051,0.40503844254093035
2.1052631578947367,12.631578947368421,0.40614386736949415
2.1052631578947367,13.68421052631579,0.4069290001106799
2.1052631578947367,14.736842105263158,0.4077141328518662
2.1052631578947367,15.789473684210526,0.40849926559305205
2.1052631578947367,16.842105263157894,0.40860855975556976
2.1052631578947367,17.894736842105264,0.40860855975557026
2.1052631578947367,18.94736842105263,0.40860855975557053
2.1052631578947367,20.0,0.40860855975556926
3.1578947368421053,0.0,0.1765712226149263
3.1578947368421053,1.0526315789473684,0.28054667135464123
3.1578947368421053,2.1052631578947367,0.34779194396808266
3.1578947368421053,3.1578947368421053,0.3744385025218379
3.1578947368421053,4.2105263157894735,0.3818972909816727
3.1578947368421053,5.263157894736842,0.3830901338455545
3.1578947368421053,6.315789473684211,0.38428297670943395
3.1578947368421053,7.368421052631579,0.38547581957331317
3.1578947368421053,8.421052631578947,0.38666866243719206
3.1578947368421053,9.473684210526315,0.3877717612257434
3.1578947368421053,10.526315789473683,0.38855689396692955
3.1578947368421053,11.578947368421051,0.38925198025401103
3.1578947368421053,12.631578947368421,0.3899410604991882
3.1578947368421053,13.68421052631579,0.3901889508777346
3.1578947368421053,14.736842105263158,0.39018895087773436
3.1578947368421053,15.789473684210526,0.3901889508777335
3.1578947368421053,16.842105263157894,0.3901889508777325
3.1578947368421053,17.894736842105264,0.39018895087773736
3.1578947368421053,18.94736842105263,0.3901889508777315
3.1578947368421053,20.0,0.3901889508777333
4.2105263157894735,0.0,0.14925559954164358
4.2105263157894735,1.0526315789473684,0.2550911906263936
4.2105263157894735,2.1052631578947367,0.32605358413734054
4.2105263157894735,3.1578947368421053,0.3561994561484805
4.2105263157894735,4.2105263157894735,0.3646853282272371
4.2105263157894735,5.263157894736842,0.36610378254739895
4.2105263157894735,6.315789473684211,0.36723719350732914
4.2105263157894735,7.368421052631579,0.36837060446725545
4.2105263157894735,8.421052631578947,0.36939016502045535
4.2105263157894735,9.473684210526315,0.3700654390368077
4.2105263157894735,10.526315789473683,0.3707407130531603
4.2105263157894735,11.578947368421051,0.37141598706951157
4.2105263157894735,12.631578947368421,0.37176934199989287
4.2105263157894735,13.68421052631579,0.3717693419998975
4.2105263157894735,14.736842105263158,0.37176934199989536
4.2105263157894735,15.789473684210526,0.3717693419998945
4.2105263157894735,16.842105263157894,0.37176934199988765
4.2105263157894735,17.894736842105264,0.371769341999892
4.2105263157894735,18.94736842105263,0.3717693419998922
4.2105263157894735,20.0,0.37176934199989126
5.263157894736842,0.0,0.1197933564486232
5.263157894736842,1.0526315789473684,0.22586061498333948
5.263157894736842,2.1052631578947367,0.29864238051438363
5.263157894736842,3.1578947368421053,0.33343875630601266
5.263157894736842,4.2105263157894735,0.34602376841008825
5.263157894736842,5.263157894736842,0.3483942362985622
5.263157894736842,6.315789473684211,0.3495276472584881
5.263157894736842,7.368421052631579,0.35066105821841337
5.263157894736842,8.421052631578947,0.35141099433501555
5.263157894736842,9.473684210526315,0.35208626835136997
5.263157894736842,10.526315789473683,0.35276154236772445
5.263157894736842,11.578947368421051,0.3533497331220531
5.263157894736842,12.631578947368421,0.3533497331220543
5.263157894736842,13.68421052631579,0.3533497331220529
5.263157894736842,14.736842105263158,0.353349733122053
5.263157894736842,15.789473684210526,0.35334973312205303
5.263157894736842,16.842105263157894,0.353349733122053
5.263157894736842,17.894736842105264,0.35334973312205326
5.263157894736842,18.94736842105263,0.35334973312205314
5.263157894736842,20.0,0.35334973312205314
6.315789473684211,0.0,0.08528734883020148
6.315789473684211,1.0526315789473684,0.18436319750785649
6.315789473684211,2.1052631578947367,0.250352767470998
6.315789473684211,3.1578947368421053,0.3014770611904273
6.315789473684211,4.2105263157894735,0.32646083111173285
6.315789473684211,5.263157894736842,0.32945787065505405
6.315789473684211,6.315789473684211,0.3314675535265265
6.315789473684211,7.368421052631579,0.33253461823591673
6.315789473684211,8.421052631578947,0.3331797331019577
6.315789473684211,9.473684210526315,0.3338248479678229
6.315789473684211,10.526315789473683,0.3344699628338656
6.315789473684211,11.578947368421051,0.3349301242441643
6.315789473684211,12.631578947368421,0.3349301242442121
6.315789473684211,13.68421052631579,0.33493012424421537
6.315789473684211,14.736842105263158,0.33493012424421265
6.315789473684211,15.789473684210526,0.3349301242442115
6.315789473684211,16.842105263157894,0.334930124244211
6.315789473684211,17.894736842105264,0.33493012424421115
6.315789473684211,18.94736842105263,0.3349301242442108
6.315789473684211,20.0,0.33493012424421265
7.368421052631579,0.0,0.05078134121177893
7.368421052631579,1.0526315789473684,0.14036458177396702
7.368421052631579,2.1052631578947367,0.19970016957921183
7.368421052631579,3.1578947368421053,0.25449235666216563
7.368421052631579,4.2105263157894735,0.2861518000275233
7.368421052631579,5.263157894736842,0.2927753009704127
7.368421052631579,6.315789473684211,0.2953284181636434
7.368421052631579,7.368421052631579,0.29742136843885797
7.368421052631579,8.421052631578947,0.2994525456451151
7.368421052631579,9.473684210526315,0.30113929023214436
7.368421052631579,10.526315789473683,0.30282603481917086
7.368421052631579,11.578947368421051,0.30451277940620725
7.368421052631579,12.631578947368421,0.3061995239932384
7.368421052631579,13.68421052631579,0.30788626858026663
7.368421052631579,14.736842105263158,0.3090485290441635
7.368421052631579,15.789473684210526,0.3101708654944649
7.368421052631579,16.842105263157894,0.311293201944765
7.368421052631579,17.894736842105264,0.31241553839506847
7.368421052631579,18.94736842105263,0.3135008913063737
7.368421052631579,20.0,0.3142026969521918
8.421052631578947,0.0,0.014005368711532122
8.421052631578947,1.0526315789473684,0.09070714638522619
8.421052631578947,2.1052631578947367,0.14904757168741276
8.421052631578947,3.1578947368421053,0.19787945232327048
8.421052631578947,4.2105263157894735,0.23107198350146949
8.421052631578947,5.263157894736842,0.23874714938967095
8.421052631578947,6.315789473684211,0.2421070972986064
8.421052631578947,7.368421052631579,0.24441419922376
8.421052631578947,8.421052631578947,0.2465071494989376
8.421052631578947,9.473684210526315,0.24860009977415412
8.421052631578947,10.526315789473683,0.2505369526212449
8.421052631578947,11.578947368421051,0.25222369720826643
8.421052631578947,12.631578947368421,0.2539104417953057
8.421052631578947,13.68421052631579,0.2555971863823316
8.421052631578947,14.736842105263158,0.25728393096937013
8.421052631578947,15.789473684210526,0.25897067555637915
8.421052631578947,16.842105263157894,0.2606574201434207
8.421052631578947,17.894736842105264,0.26210582119330866
8.421052631578947,18.94736842105263,0.2635347735336977
8.421052631578947,20.0,0.2649637258740812
9.473684210526315,0.0,
9.473684210526315,1.0526315789473684,0.041049710996487083
9.473684210526315,2.1052631578947367,0.09636780961089564
9.473684210526315,3.1578947368421053,0.13929600974816952
9.473684210526315,4.2105263157894735,0.17490168374656703
9.473684210526315,5.263157894736842,0.18364531457999064
9.473684210526315,6.315789473684211,0.1877179553255612
9.473684210526315,7.368421052631579,0.1910114782701749
9.473684210526315,8.421052631578947,0.19340892667035048
9.473684210526315,9.473684210526315,0.19559293055900992
9.473684210526315,10.526315789473683,0.1976858808342284
9.473684210526315,11.578947368421051,0.1997788311094446
9.473684210526315,12.631578947368421,0.20162135959737373
9.473684210526315,13.68421052631579,0.20330810418440642
9.473684210526315,14.736842105263158,0.20494772757803725
9.473684210526315,15.789473684210526,0.20637667991841427
9.473684210526315,16.842105263157894,0.20780563225879412
9.473684210526315,17.894736842105264,0.20923458459917826
9.473684210526315,18.94736842105263,0.21066353693955958
9.473684210526315,20.0,0.21161600461027993
10.526315789473683,0.0,
10.526315789473683,1.0526315789473684,
10.526315789473683,2.1052631578947367,0.04168971190000622
10.526315789473683,3.1578947368421053,0.08071256717307307
10.526315789473683,4.2105263157894735,0.11771263616787062
10.526315789473683,5.263157894736842,0.1274036777113634
10.526315789473683,6.315789473684211,0.1324939549015322
10.526315789473683,7.368421052631579,0.13657802096912983
10.526315789473683,8.421052631578947,0.13991585924177768
10.526315789473683,9.473684210526315,0.14231330764192926
10.526315789473683,10.526315789473683,0.14467871161903587
10.526315789473683,11.578947368421051,0.14677166189430405
10.526315789473683,12.631578947368421,0.14886461216951805
10.526315789473683,13.68421052631579,0.1506475386435117
10.526315789473683,14.736842105263158,0.15207649098388468
10.526315789473683,15.789473684210526,0.15350544332427016
10.526315789473683,16.842105263157894,0.15493439566465284
10.526315789473683,17.894736842105264,0.1559204866330616
10.526315789473683,18.94736842105263,0.15592048663306216
10.526315789473683,20.0,0.15592048663306216
11.578947368421051,0.0,
11.578947368421051,1.0526315789473684,
11.578947368421051,2.1052631578947367,
11.578947368421051,3.1578947368421053,0.022129124597971308
11.578947368421051,4.2105263157894735,0.05693221026133973
11.578947368421051,5.263157894736842,0.06801102130551154
11.578947368421051,6.315789473684211,0.07562931946726296
11.578947368421051,7.368421052631579,0.0813245749142253
11.578947368421051,8.421052631578947,0.0854380866127044
11.578947368421051,9.473684210526315,0.08882024021335495
11.578947368421051,10.526315789473683,0.09121768861351688
11.578947368421051,11.578947368421051,0.0936151370136755
11.578947368421051,12.631578947368421,0.09585744295437938
11.578947368421051,13.68421052631579,0.09777630204937357
11.578947368421051,14.736842105263158,0.09920525438975339
11.578947368421051,15.789473684210526,0.10022496865584418
11.578947368421051,16.842105263157894,0.10022496865584798
11.578947368421051,17.894736842105264,0.10022496865584228
11.578947368421051,18.94736842105263,0.10022496865584371
11.578947368421051,20.0,0.10022496865584445
12.631578947368421,0.0,
12.631578947368421,1.0526315789473684,
12.631578947368421,2.1052631578947367,
12.631578947368421,3.1578947368421053,
12.631578947368421,4.2105263157894735,
12.631578947368421,5.263157894736842,0.0018116576801437021
12.631578947368421,6.315789473684211,0.01218390144370006
12.631578947368421,7.368421052631579,0.021095043628272546
12.631578947368421,8.421052631578947,0.02719150482324163
12.631578947368421,9.473684210526315,0.033031914201188485
12.631578947368421,10.526315789473683,0.037724621184938294
12.631578947368421,11.578947368421051,0.04012206958509882
12.631578947368421,12.631578947368421,0.042519517985259235
12.631578947368421,13.68421052631579,0.04452945067862591
12.631578947368421,14.736842105263158,0.044529450678626806
12.631578947368421,15.789473684210526,0.044529450678626806
12.631578947368421,16.842105263157894,0.044529450678626785
12.631578947368421,17.894736842105264,0.044529450678629665
12.631578947368421,18.94736842105263,0.04452945067862538
12.631578947368421,20.0,0.044529450678629665
13.68421052631579,0.0,
13.68421052631579,1.0526315789473684,
13.68421052631579,2.1052631578947367,
13.68421052631579,3.1578947368421053,
13.68421052631579,4.2105263157894735,
13.68421052631579,5.263157894736842,
13.68421052631579,6.315789473684211,
13.68421052631579,7.368421052631579,
13.68421052631579,8.421052631578947,
13.68421052631579,9.473684210526315,
13.68421052631579,10.526315789473683,
13.68421052631579,11.578947368421051,
13.68421052631579,12.631578947368421,
13.68421052631579,13.68421052631579,
13.68421052631579,14.736842105263158,
13.68421052631579,15.789473684210526,
13.68421052631579,16.842105263157894,
13.68421052631579,17.894736842105264,
13.68421052631579,18.94736842105263,
13.68421052631579,20.0,
14.736842105263158,0.0,
14.736842105263158,1.0526315789473684,
14.736842105263158,2.1052631578947367,
14.736842105263158,3.1578947368421053,
14.736842105263158,4.2105263157894735,
14.736842105263158,5.263157894736842,
14.736842105263158,6.315789473684211,
14.736842105263158,7.368421052631579,
14.736842105263158,8.421052631578947,
14.736842105263158,9.473684210526315,
14.736842105263158,10.526315789473683,
14.736842105263158,11.578947368421051,
14.736842105263158,12.631578947368421,
14.736842105263158,13.68421052631579,
14.736842105263158,14.736842105263158,
14.736842105263158,15.789473684210526,
14.736842105263158,16.842105263157894,
14.736842105263158,17.894736842105264,
14.736842105263158,18.94736842105263,
14.736842105263158,20.0,
15.789473684210526,0.0,
15.789473684210526,1.0526315789473684,
15.789473684210526,2.1052631578947367,
15.789473684210526,3.1578947368421053,
15.789473684210526,4.2105263157894735,
15.789473684210526,5.263157894736842,
15.789473684210526,6.315789473684211,
15.789473684210526,7.368421052631579,
15.789473684210526,8.421052631578947,
15.789473684210526,9.473684210526315,
15.789473684210526,10.526315789473683,
15.789473684210526,11.578947368421051,
15.789473684210526,12.631578947368421,
15.789473684210526,13.68421052631579,
15.789473684210526,14.736842105263158,
15.789473684210526,15.789473684210526,
15.789473684210526,16.842105263157894,
15.789473684210526,17.894736842105264,
15.789473684210526,18.94736842105263,
15.789473684210526,20.0,
16.842105263157894,0.0,
16.842105263157894,1.0526315789473684,
16.842105263157894,2.1052631578947367,
16.842105263157894,3.1578947368421053,
16.842105263157894,4.2105263157894735,
16.842105263157894,5.263157894736842,
16.842105263157894,6.315789473684211,
16.842105263157894,7.368421052631579,
16.842105263157894,8.421052631578947,
16.842105263157894,9.473684210526315,
16.842105263157894,10.526315789473683,
16.842105263157894,11.578947368421051,
16.842105263157894,12.631578947368421,
16.842105263157894,13.68421052631579,
16.842105263157894,14.736842105263158,
16.842105263157894,15.789473684210526,
16.842105263157894,16.842105263157894,
16.842105263157894,17.894736842105264,
16.842105263157894,18.94736842105263,
16.842105263157894,20.0,
17.894736842105264,0.0,
17.894736842105264,1.0526315789473684,
17.894736842105264,2.1052631578947367,
17.894736842105264,3.1578947368421053,
17.894736842105264,4.2105263157894735,
17.894736842105264,5.263157894736842,
17.894736842105264,6.315789473684211,
17.894736842105264,7.368421052631579,
17.894736842105264,8.421052631578947,
17.894736842105264,9.473684210526315,
17.894736842105264,10.526315789473683,
17.894736842105264,11.578947368421051,
17.894736842105264,12.631578947368421,
17.894736842105264,13.68421052631579,
17.894736842105264,14.736842105263158,
17.894736842105264,15.789473684210526,
17.894736842105264,16.842105263157894,
17.894736842105264,17.894736842105264,
17.894736842105264,18.94736842105263,
17.894736842105264,20.0,
18.94736842105263,0.0,
18.94736842105263,1.0526315789473684,
18.94736842105263,2.1052631578947367,
18.94736842105263,3.1578947368421053,
18.94736842105263,4.2105263157894735,
18.94736842105263,5.263157894736842,
18.94736842105263,6.315789473684211,
18.94736842105263,7.368421052631579,
18.94736842105263,8.421052631578947,
18.94736842105263,9.473684210526315,
18.94736842105263,10.526315789473683,
18.94736842105263,11.578947368421051,
18.94736842105263,12.631578947368421,
18.94736842105263,13.68421052631579,
18.94736842105263,14.736842105263158,
18.94736842105263,15.789473684210526,
18.94736842105263,16.842105263157894,
18.94736842105263,17.894736842105264,
18.94736842105263,18.94736842105263,
18.94736842105263,20.0,
20.0,0.0,
20.0,1.0526315789473684,
20.0,2.1052631578947367,
20.0,3.1578947368421053,
20.0,4.2105263157894735,
20.0,5.263157894736842,
20.0,6.315789473684211,
20.0,7.368421052631579,
20.0,8.421052631578947,
20.0,9.473684210526315,
20.0,10.526315789473683,
20.0,11.578947368421051,
20.0,12.631578947368421,
20.0,13.68421052631579,
20.0,14.736842105263158,
20.0,15.789473684210526,
20.0,16.842105263157894,
20.0,17.894736842105264,
20.0,18.94736842105263,
20.0,20.0,
