reaction_id,loopless_flux,standard_flux,delta
12PPDRDH,0.0,0.0,0.0
13PPDH,0.0,0.0,0.0
13PPDH2,0.0,0.0,0.0
13PPDH2_1,0.0,0.0,0.0
23CAMPtex,0.09098778613390986,0.09098778613389533,1.4530043834781736e-14
23CCMPtex,0.0,0.0,0.0
23CGMPtex,9.482488789694019,9.482488789694061,-4.263256414560601e-14
23CUMPtex,0.0,0.0,0.0
23PDE2pp,0.0,0.0,0.0
23PDE4pp,0.0,0.0,0.0
23PDE7pp,0.09098778613390986,0.09098778613389533,1.4530043834781736e-14
23PDE9pp,9.482488789694017,9.48248878969406,-4.263256414560601e-14
2AACLPGT160,0.0,0.0,0.0
2AACLPGT161,0.0,0.0,0.0
2AACLPGT180,0.0,0.0,0.0
2AACLPGT181,0.0,0.0,0.0
2AACLPPEAT160,0.0,0.0,0.0
2AACLPPEAT161,0.0,0.0,0.0
2AACLPPEAT180,0.0,0.0,0.0
2AACLPPEAT181,0.0,0.0,0.0
2AGPE160tipp,0.0,0.0,0.0
2AGPE161tipp,0.0,0.0,0.0
2AGPE180tipp,0.0,0.0,0.0
2AGPE181tipp,0.0,0.0,0.0
2AGPG160tipp,0.0,0.0,0.0
2AGPG161tipp,0.0,0.0,0.0
2AGPG180tipp,0.0,0.0,0.0
2AGPG181tipp,0.0,0.0,0.0
2HXMPt6,0.0,0.0,0.0
2INSD,0.0,0.0,0.0
2MAHMP,0.0,0.0,0.0
2PGLYCt6,0.0,0.0,0.0
2S6HCCi,0.0,0.0,0.0
34HPPOR,0.0,0.0,0.0
3AMPt6,0.0,0.0,0.0
3CMPt6,0.0,0.0,0.0
3GMPtex_1,-9.374658885856766,-9.374658885856812,4.618527782440651e-14
3MBt2pp,0.0,0.0,0.0
3MBt4pp,0.22248160821221116,0.22248160821220886,2.3037127760972e-15
3MBtex,0.22248160821221116,0.2224816082122089,2.275957200481571e-15
3NTD2pp,0.0,0.0,0.0
3NTD4pp,0.0,0.0,0.0
3NTD7pp,0.09098778613390986,0.09098778613389533,1.4530043834781736e-14
3NTD9pp,9.482488789694017,9.482488789694061,-4.440892098500626e-14
3NUCLE1,0.0,0.0,0.0
3NUCLE2,0.0,0.0,0.0
3NUCLE3,0.0,0.0,0.0
3NUCLE4,-9.374658885856766,-9.37465888585681,4.440892098500626e-14
3OXCOAT,0.0,0.0,0.0
3PEPTabcpp,0.0,0.0,0.0
3UMPt6,0.0,0.0,0.0
4ABUTD,0.0,0.0,0.0
4HALDD,0.0,0.0,0.0
4HBAt,0.0,0.0,0.0
4HPRODCabcpp,0.0,0.0,0.0
4HPRODCtex,0.0,0.0,0.0
4HPROE,0.0,0.0,0.0
4HPROLTabcpp,0.0,0.0,0.0
4HPROLTtex,0.0,0.0,0.0
4HPRO_LT_Et,0.0,0.0,0.0
4HTHRA,0.0,0.0,0.0
4HTHRS_1,0.0,0.0,0.0
4PCP,0.0,0.0,0.0
4PEPTabcpp,0.0,0.0,0.0
5DGLCNR,0.0,0.0,0.0
5DKGR,0.0,0.0,0.0
6PHBG_2,0.0,0.0,0.0
A6PAG,9.90869911864848,9.90869911864858,-9.947598300641403e-14
A6PAG2,0.0,0.0,0.0
AABTN,0.0,0.0,0.0
AACLAM,0.0,0.0,0.0
AACPS3,0.0,0.0,0.0
AACPS4,0.0,0.0,0.0
AACPS5,0.0,0.0,0.0
AACPS6,0.0,0.0,0.0
AACPS9,0.0,0.0,0.0
AB6PGH,0.0,0.0,0.0
ABG4t2,0.0,0.0,0.0
ABTA,0.351718451135301,0.35171845113529915,1.8318679906315083e-15
ABTt_1,0.0,0.0,0.0
ABUTD,0.0,0.0,0.0
ABUTt2r,0.351718451135301,0.3517184511352991,1.887379141862766e-15
ACACCT,0.0,0.0,0.0
ACACT1r,0.003384813162296595,0.0033848131622966067,-1.1709383462843448e-17
ACACT2r,0.002315924795255566,0.0023159247952555737,-7.806255641895632e-18
ACACT3r,0.002315924795255566,0.0023159247952555737,-7.806255641895632e-18
ACACT4r,0.002315924795255566,0.0023159247952555737,-7.806255641895632e-18
ACACT5r,0.0,0.0,0.0
ACACT5r_1,0.0023159247952555663,0.002315924795255574,-7.806255641895632e-18
ACACT6r_1,0.002315924795255566,0.002315924795255574,-8.239936510889834e-18
ACACT7r,0.0017814806117350504,0.001781480611735057,-6.5052130349130266e-18
ACACT8r,0.0,0.0,0.0
ACACt2pp,0.0,0.0,0.0
ACACtex,0.0,0.0,0.0
ACALDt,-0.16687841482366925,-0.16687841482366972,4.718447854656915e-16
ACALDtpp,0.0,0.0,0.0
ACCOAC,0.08426403293506786,0.08426403293506818,-3.191891195797325e-16
ACGAMK,0.0,0.0,0.0
ACGApts,0.0,0.0,0.0
ACGAptspp,0.0,0.0,0.0
ACGAtex,0.0,0.0,0.0
ACGK,0.0,0.0,0.0
ACGS,0.0,0.0,0.0
ACHBS,0.0,0.0,0.0
ACKr,0.0,0.0,0.0
ACLDC,0.0,0.0,0.0
ACLS,0.0,0.0,0.0
ACLS_a,0.0,0.0,0.0
ACLS_d,0.0,0.0,0.0
ACM6PH,0.0,0.0,0.0
ACMANApts,0.0,0.0,0.0
ACOAD1,0.003384813162296595,0.0033848131622966067,-1.1709383462843448e-17
ACOAD1fr,0.0,0.0,0.0
ACOAD2,0.002315924795255566,0.002315924795255574,-8.239936510889834e-18
ACOAD20,0.0,0.0,0.0
ACOAD3,-0.0023159247952555663,-0.002315924795255574,7.806255641895632e-18
ACOAD4_1,-0.0023159247952555663,-0.002315924795255574,7.806255641895632e-18
ACOAD5,0.0,0.0,0.0
ACOAD5_1,-0.0023159247952555654,-0.002315924795255574,8.673617379884035e-18
ACOAD6,-0.002315924795255566,-0.002315924795255574,8.239936510889834e-18
ACOAD7,-0.0017814806117350506,-0.001781480611735057,6.288372600415926e-18
ACOADH2,0.0,0.0,0.0
ACOAM,0.0,0.0,0.0
ACODA,0.0,0.0,0.0
ACONCt4pp,0.0,0.0,0.0
ACONCtex,0.0,0.0,0.0
ACONCtupp,0.0,0.0,0.0
ACONT,0.0023181516460202348,0.0023181516460202434,-8.673617379884035e-18
ACONTa,0.0,0.0,0.0
ACONTb,0.0,0.0,0.0
ACOTA,0.0,0.0,0.0
ACOXT,0.0,0.0,0.0
ACP1_FMN,0.0,0.0,0.0
ACPPAT160,0.0,0.0,0.0
ACPPAT161,0.0,0.0,0.0
ACPPAT180,0.0,0.0,0.0
ACPPAT181,0.0,0.0,0.0
ACPS,0.0,0.0,0.0
ACPS1,0.0,0.0,0.0
ACPS1_1,0.0,0.0,0.0
ACPpds,0.0,0.0,0.0
ACS,8.859191924552771,8.859191924552773,-1.7763568394002505e-15
ACS2,0.0,0.0,0.0
ACSERHS,0.0,0.0,0.0
ACS_1,0.0,0.0,0.0
ACTD,0.0,0.0,0.0
ACTD2,0.0,0.0,0.0
ACTD_1,0.0,0.0,0.0
ACTDa,0.0,0.0,0.0
ACTNabc,0.0,0.0,0.0
ACTNabc1,0.0,0.0,0.0
ACt2rpp,0.0,0.0,0.0
ACt4pp,0.0,0.0,0.0
ACtex,0.0,0.0,0.0
ADADir,0.0,0.0,0.0
ADAPAT,0.0,0.0,0.0
ADCL,0.0,0.0,0.0
ADCS,0.0,0.0,0.0
ADD,0.0,0.0,0.0
ADK1,-0.6859960752712694,-0.6859960752712949,2.55351295663786e-14
ADK2,0.0,0.0,0.0
ADMDC,0.0,0.0,0.0
ADNCYC,0.0,0.0,0.0
ADNK1,0.0,0.0,0.0
ADNUC,0.0,0.0,0.0
ADNt2pp,0.09098778613390986,0.09098778613389533,1.4530043834781736e-14
ADPDA,0.0,0.0,0.0
ADPGLC,0.0,0.0,0.0
ADPRDP,0.0,0.0,0.0
ADPRDP_1,0.0,0.0,0.0
ADPT,0.09103232314920323,0.0910323231491887,1.4530043834781736e-14
ADSK,0.0,0.0,0.0
ADSL1r,0.0,0.0,0.0
ADSL2r,0.0,0.0,0.0
ADSS,0.0,0.0,0.0
ADtr,0.0,0.0,0.0
AEPPYRTA,0.0,0.0,0.0
AEPabcpp,0.0,0.0,0.0
AEPtex,0.0,0.0,0.0
AGDC,0.0,0.0,0.0
AGM3PApp,0.0,0.0,0.0
AGM3PH,0.0,0.0,0.0
AGM4PApp,0.0,0.0,0.0
AGM4PCP,0.0,0.0,0.0
AGM4PH,0.0,0.0,0.0
AGM4Pt2pp,0.0,0.0,0.0
AGMH,0.0,0.0,0.0
AGMPTRCtpp,0.0,0.0,0.0
AGMT,0.0,0.0,0.0
AGMt2pp,0.0,0.0,0.0
AGMtex,0.0,0.0,0.0
AGPAT160,0.0,0.0,0.0
AGPAT161,0.0,0.0,0.0
AGPAT180,0.0,0.0,0.0
AGPAT181,0.0,0.0,0.0
AGPATr_BS,0.008907403058675252,0.008907403058675283,-3.122502256758253e-17
AGPR,0.0,0.0,0.0
AH6PI,-9.999999999999998,-9.999999999999998,0.0
AHCYSNS,0.0,0.0,0.0
AHCi,4.453701529337627e-05,4.453701529337643e-05,-1.6263032587282567e-19
AHMMPS_1,0.0,0.0,0.0
AHSERL2,0.03425096892629455,0.03425096892629467,-1.249000902703301e-16
AHSERL4,0.0,0.0,0.0
AI2tex,0.0,0.0,0.0
AI2tpp,0.0,0.0,0.0
AICART,0.0,0.0,0.0
AIRC1,0.0,0.0,0.0
AIRCr,0.0,0.0,0.0
AKGDH,0.0,0.0,0.0
AKP1,0.0,0.0,0.0
ALAALAabcpp,0.0,0.0,0.0
ALAALAr,0.004453701529337626,0.004453701529337643,-1.734723475976807e-17
ALAD_L,0.0,0.0,0.0
ALAGLNtr,0.0,0.0,0.0
ALAGLUabcpp,0.0,0.0,0.0
ALAGLYtr,0.0,0.0,0.0
ALAHISabcpp,0.0,0.0,0.0
ALAHIStex,0.0,0.0,0.0
ALAHIStr,0.0,0.0,0.0
ALALEUabcpp,0.0,0.0,0.0
ALALEUt,0.0,0.0,0.0
ALALEUtex,0.0,0.0,0.0
ALAR,0.0,0.0,0.0
ALATA_D,-0.08239347829274608,-0.08239347829274639,3.0531133177191805e-16
ALATA_D2,0.0,0.0,0.0
ALATA_L,-0.816888844364,-0.8168888443640072,7.216449660063518e-15
ALATA_L2,0.0,0.0,0.0
ALATHRabcpp,0.0,0.0,0.0
ALATHRtex,0.0,0.0,0.0
ALATHRtr,0.0,0.0,0.0
ALATRPabcpp,0.0,0.0,0.0
ALATRPtex,0.0,0.0,0.0
ALAabc,0.0,0.0,0.0
ALAabcpp,0.0,0.0,0.0
ALAt2pp,0.0,0.0,0.0
ALAt2r,0.0,0.0,0.0
ALAt4,0.0,0.0,0.0
ALAtex,-9.880717913955415,-9.88071791395542,5.329070518200751e-15
ALAtpp,9.880717913955415,9.880717913955422,-7.105427357601002e-15
ALCD19,0.0,0.0,0.0
ALCD19y,-10.0,-10.0,0.0
ALCD2ir,0.0,0.0,0.0
ALCD2x,0.0,0.0,0.0
ALCD2y,0.0,0.0,0.0
ALDD1,0.0,0.0,0.0
ALDD19xr,0.0,0.0,0.0
ALDD20x,0.0,0.0,0.0
ALDD20y,0.0,0.0,0.0
ALDD2x,0.0,0.0,0.0
ALDD2y,0.0,0.0,0.0
ALDD3,0.0,0.0,0.0
ALDD31_1,0.0,0.0,0.0
ALDD3y,0.0,0.0,0.0
ALDD4,0.0,0.0,0.0
ALDD6,0.0,0.0,0.0
ALKP,0.0,0.0,0.0
ALLTAMH,0.0,0.0,0.0
ALLTN,0.0,0.0,0.0
ALPHNH,0.0,0.0,0.0
ALR2,0.0,0.0,0.0
ALR3,0.0,0.0,0.0
ALR4x,0.0,0.0,0.0
ALTRH,0.0,0.0,0.0
AM3PA,0.0,0.0,0.0
AM4PA,0.0,0.0,0.0
AMANAPEr,0.0,0.0,0.0
AMANK,0.0,0.0,0.0
AMANK_1,0.0,0.0,0.0
AMID4,0.0,0.0,0.0
AMID_1,0.0,0.0,0.0
AMMQLT8,0.0,0.0,0.0
AMMQT8_2,4.453701529337626e-05,4.453701529337643e-05,-1.6940658945086007e-19
AMPD2,0.0,0.0,0.0
AMPEP1,0.0,0.0,0.0
AMPEP10,0.0,0.0,0.0
AMPEP11,0.0,0.0,0.0
AMPEP12,0.0,0.0,0.0
AMPEP13,0.0,0.0,0.0
AMPEP14,0.0,0.0,0.0
AMPEP15,0.0,0.0,0.0
AMPEP16,0.0,0.0,0.0
AMPEP17,0.0,0.0,0.0
AMPEP18,0.0,0.0,0.0
AMPEP2,0.0,0.0,0.0
AMPEP3,0.0,0.0,0.0
AMPEP4,0.0,0.0,0.0
AMPEP5,0.0,0.0,0.0
AMPEP6,0.0,0.0,0.0
AMPEP7,0.0,0.0,0.0
AMPEP8,0.0,0.0,0.0
AMPEP9,0.0,0.0,0.0
AMPTASEAH,0.0,0.0,0.0
AMPTASEAL,0.0,0.0,0.0
AMPTASEAT,0.0,0.0,0.0
AMPTASEATRP,0.0,0.0,0.0
AMPTASECG,0.0,0.0,0.0
AMPTASEGGLN,0.0,0.0,0.0
AMPTASEGGLU,0.0,0.0,0.0
AMPTASEGM,0.0,0.0,0.0
AMPTASEGS,0.0,0.0,0.0
AMPTASEHG,0.0,0.0,0.0
AMPTASEHH,0.0,0.0,0.0
AMPTASEPG,0.0,0.0,0.0
ANHMK,0.0,0.0,0.0
ANPRT,0.0,0.0,0.0
ANS,0.0,0.0,0.0
ANS2,0.0,0.0,0.0
ANSN,0.0,0.0,0.0
AP4AH,0.0,0.0,0.0
AP4AS,0.0,0.0,0.0
APATi,0.0,0.0,0.0
APG3PAT160,0.0,0.0,0.0
APG3PAT161,0.0,0.0,0.0
APG3PAT180,0.0,0.0,0.0
APG3PAT181,0.0,0.0,0.0
APRAUR,0.0,0.0,0.0
APRTO2,0.0,0.0,0.0
APSR,0.0,0.0,0.0
APTA1i,0.0,0.0,0.0
APTNAT,0.0,0.0,0.0
ARABRr,0.0,0.0,0.0
ARBTpts,0.0,0.0,0.0
ARBabc,0.0,0.0,0.0
ARBt2r,0.0,0.0,0.0
ARGDC,0.0,0.0,0.0
ARGDI_1,0.0,0.0,0.0
ARGDr,0.0,0.0,0.0
ARGN_1,0.0,0.0,0.0
ARGSL,0.0,0.0,0.0
ARGSS,0.0,0.0,0.0
ARGabc,0.0,0.0,0.0
ARGt2r,0.1317369282765835,0.13173692827658398,-4.718447854656915e-16
ASAD,-0.038704670455632174,-0.038704670455632306,1.3183898417423734e-16
ASNN,0.0,0.0,0.0
ASNS1,0.0,0.0,0.0
ASNabc,0.0,0.0,0.0
ASNt4,0.10735870221544815,0.10735870221544853,-3.885780586188048e-16
ASP1DC,0.0,0.0,0.0
ASPCT,0.0,0.0,0.0
ASPCT_2,0.0,0.0,0.0
ASPK,0.038704670455632174,0.038704670455632306,-1.3183898417423734e-16
ASPO1,4.67622663363553,4.676226633635525,4.440892098500626e-15
ASPO6,0.0,0.0,0.0
ASPTA,-4.822290006306611,-4.822290006306606,-5.329070518200751e-15
ASPTA6,0.0,0.0,0.0
ASPabc,0.0,0.0,0.0
ASPt2_2pp,0.0,0.0,0.0
ASPt2pp,0.0,0.0,0.0
ASPt2r,0.0,0.0,0.0
ASPtpp,0.0,0.0,0.0
ATAH_1,0.0,0.0,0.0
ATHRDHr,0.0,0.0,0.0
ATPHs,0.0,0.0,0.0
ATPPRT,0.0,0.0,0.0
ATPX5P,0.0,0.0,0.0
BALAALAabcpp,0.0,0.0,0.0
BALAALAtex,0.0,0.0,0.0
BALABALAabcpp,0.0,0.0,0.0
BALABALAtex,0.0,0.0,0.0
BALAGLYabcpp,0.0,0.0,0.0
BALAGLYtex,0.0,0.0,0.0
BALALEUabcpp,0.0,0.0,0.0
BALALEUtex,0.0,0.0,0.0
BALAMDAH,0.0,0.0,0.0
BALAt2pp,0.0,0.0,0.0
BALAt2r,0.0,0.0,0.0
BALAtex,0.0,0.0,0.0
BDH,0.0,0.0,0.0
BETALDHx,0.0,0.0,0.0
BETALDHy,0.0,0.0,0.0
BGLA,0.0,0.0,0.0
BGLA1,0.0,0.0,0.0
BGLK,0.0,0.0,0.0
BG_CELLB,0.0,0.0,0.0
BG_MADG,0.0,0.0,0.0
BG_MBDG,0.0,0.0,0.0
BHBtpp,0.0,0.0,0.0
BLAMDabcpp,0.0,0.0,0.0
BLAMDtex,0.0,0.0,0.0
BPNT_1,0.0,0.0,0.0
BSCT,-4.453701529337627e-05,-4.453701529337644e-05,1.6940658945086007e-19
BTDD_RR,0.0,0.0,0.0
BTNTe,0.0,0.0,0.0
BTNt,0.0,0.0,0.0
BTNt2i,0.0,0.0,0.0
BTS3r,0.0,0.0,0.0
BUTCT,8.824940955626476,8.824940955626476,0.0
BUTCT2,0.0,0.0,0.0
BUTKr,-8.824940955626477,-8.824940955626477,0.0
BUTSO3abcpp,0.0,0.0,0.0
BUTSO3tex,0.0,0.0,0.0
BUTt2rpp,0.0,0.0,0.0
BUTt4pp,0.0,0.0,0.0
BUTtex,0.0,0.0,0.0
BZDH,0.0,0.0,0.0
BZt,4.453701529337628e-05,4.4537015293376446e-05,-1.6940658945086007e-19
C4HP,0.0,0.0,0.0
CA2abc1,0.0,0.0,0.0
CA2tex,0.0,0.0,0.0
CARNabcpp,0.0,0.0,0.0
CARNtex,0.0,0.0,0.0
CAT,0.0,0.0,0.0
CAt4,0.0,0.0,0.0
CBPS,0.0,0.0,0.0
CBPS_1,0.0,0.0,0.0
CD2abc1,0.0,0.0,0.0
CD2abcpp,0.0,0.0,0.0
CD2t3pp,0.0,0.0,0.0
CD2t4,0.0,0.0,0.0
CD2t4pp,0.0,0.0,0.0
CD2t5,0.0,0.0,0.0
CD2t6,0.0,0.0,0.0
CD2tex,0.0,0.0,0.0
CD2tpp,0.0,0.0,0.0
CDGUNPD,0.0,0.0,0.0
CDPMEK,0.00035629612234701016,0.0003562961223470114,-1.2468324983583301e-18
CDPPH,0.0,0.0,0.0
CDPPT160,0.0,0.0,0.0
CELBpts,0.0,0.0,0.0
CELBt2,0.0,0.0,0.0
CELLBabc,0.0,0.0,0.0
CELLBpts_2,0.0,0.0,0.0
CGLYabcpp,0.0,0.0,0.0
CHLabc,0.0,0.0,0.0
CHOLD,0.0,0.0,0.0
CHORM,0.0,0.0,0.0
CHORS,0.0,0.0,0.0
CITt14,0.0023181516460202343,0.002318151646020243,-8.673617379884035e-18
CITt3pp,0.0,0.0,0.0
CITt4pp_1,0.0,0.0,0.0
CITtupp,0.0,0.0,0.0
CLtex,0.0,0.0,0.0
CMCBTFexs,0.0,0.0,0.0
CMPDAi,0.0,0.0,0.0
CO2t,0.0,0.0,0.0
CO2tex,0.0,0.0,0.0
CO2tpp,0.0,0.0,0.0
COBALT2abcpp,0.0,0.0,0.0
COBALT2t3pp,0.0,0.0,0.0
COBALT2tex,0.0,0.0,0.0
COBALTt4pp,0.0,0.0,0.0
COBALTt5,-4.453701529337626e-05,-4.4537015293376426e-05,1.6263032587282567e-19
COabc,0.0,0.0,0.0
COt_1,0.0,0.0,0.0
CPGNexs,0.0,0.0,0.0
CPPPGO,0.0,0.0,0.0
CRO4abcpp,0.0,0.0,0.0
CRO4t3,0.0,0.0,0.0
CRO4t3pp,0.0,0.0,0.0
CRO4tex,0.0,0.0,0.0
CS,0.0,0.0,0.0
CTECOAI6,0.0,0.0,0.0
CTECOAI7,0.0,0.0,0.0
CTECOAI8,0.0,0.0,0.0
CTPS1,0.0,0.0,0.0
CTPS2,0.0,0.0,0.0
CU2abcpp,0.0,0.0,0.0
CU2tex,0.0003157674384300377,0.0003157674384300389,-1.1926223897340549e-18
CU2tpp,0.00031576743843003766,0.00031576743843003886,-1.1926223897340549e-18
CYS,0.041043531813763814,0.04104353181376398,-1.6653345369377348e-16
CYSDS,0.0,0.0,0.0
CYSGL,0.0,0.0,0.0
CYSK2_I,0.0,0.0,0.0
CYSS,0.0,0.0,0.0
CYSS_2,0.0,0.0,0.0
CYSTGL,0.0,0.0,0.0
CYSTL,0.0,0.0,0.0
CYSTS,0.0,7.490705637093783e-18,-7.490705637093783e-18
CYST_II,0.0,0.0,0.0
CYSabc,0.0,0.0,0.0
CYSabc2pp,0.0,0.0,0.0
CYSabcpp,0.0,0.0,0.0
CYStpp,0.0,0.0,0.0
CYTBD2pp,0.0,0.0,0.0
CYTB_B2,0.0,0.0,0.0
CYTB_B3,1.6659733652731559,1.6659733652731705,-1.4654943925052066e-14
CYTD,0.0,0.0,0.0
CYTDH,0.0,0.0,0.0
CYTDK1,0.07149304379969221,0.07149304379969244,-2.3592239273284576e-16
CYTDK2,0.0,0.0,0.0
CYTDt2,0.07149304379969221,0.07149304379969244,-2.3592239273284576e-16
CYTDtex,0.0,0.0,0.0
CYTK1,0.34575198397630325,0.34575198397630447,-1.2212453270876722e-15
CYTK2,0.0,0.0,0.0
CYTOM,0.0,0.0,0.0
Clt,0.0023181516460202348,0.0023181516460202434,-8.673617379884035e-18
Cobalt2abcppI,0.0,0.0,0.0
Cotpp,0.0,0.0,0.0
Cut1,0.0,0.0,0.0
D5KGK,0.0,0.0,0.0
D5KGPA,0.0,0.0,0.0
DAAOP,0.0,0.0,0.0
DABAAT2,0.0,0.0,0.0
DACL,0.0,0.0,0.0
DADK,0.0,0.0,0.0
DADNK,0.0,0.0,0.0
DADNK_1,0.0,0.0,0.0
DAGK,0.0,0.0,0.0
DAGK160,0.0,0.0,0.0
DAGK_BS,0.0,0.0,0.0
DALAALAD,0.0,0.0,0.0
DALADALAD,0.0,0.0,0.0
DALAGLYD,0.0,0.0,0.0
DALALEUD,0.0,0.0,0.0
DALAOX,0.0,0.0,0.0
DALAt2pp,0.0,0.0,0.0
DALAt2r,0.0,0.0,0.0
DAPAT,0.0,0.0,0.0
DAPDA,0.0,0.0,0.0
DAPDC,0.0,0.0,0.0
DAPE,0.004453701529337627,0.004453701529337642,-1.5612511283791264e-17
DASYN160,0.0,0.0,0.0
DASYN161,0.0,0.0,0.0
DASYN180,0.0,0.0,0.0
DASYN181,0.0,0.0,0.0
DATPHs,0.0,0.0,0.0
DB4PS,0.0,0.0,0.0
DCAtex,0.0,0.0,0.0
DCMPDA,0.0,0.0,0.0
DCYTD,0.07583317594003179,0.07583317594003203,-2.3592239273284576e-16
DCYTt2,0.07583317594003178,0.07583317594003203,-2.498001805406602e-16
DDCAtexi,0.0,0.0,0.0
DDGLCNt2r,0.0,0.0,0.0
DDGLK,0.0,0.0,0.0
DDPA,0.0,0.0,0.0
DGK1,0.0,0.0,0.0
DGNSK,0.0,0.0,0.0
DGNSK_1,0.0,0.0,0.0
DGUNC,0.0,0.0,0.0
DH23t,0.0,0.0,0.0
DHACOAH,0.0,0.0,0.0
DHAD1,0.0,0.0,0.0
DHAD2,0.0,0.0,0.0
DHAD3,0.0,0.0,0.0
DHAK,0.0,0.0,0.0
DHAPT,0.0,0.0,0.0
DHBD,0.0,0.0,0.0
DHBSZ3FEexs,0.0,0.0,0.0
DHDPRy,0.0044537015293376276,0.004453701529337643,-1.5612511283791264e-17
DHDPS,0.0044537015293376276,0.004453701529337644,-1.6479873021779667e-17
DHFR,0.011951508053977522,0.011951508053977565,-4.336808689942018e-17
DHFS,0.0,0.0,0.0
DHNAOT_1,4.453701529337627e-05,4.453701529337643e-05,-1.6263032587282567e-19
DHNCOAS,0.0,0.0,0.0
DHNCOAT,0.0,0.0,0.0
DHNPA_1,0.0,0.0,0.0
DHORDi,0.0,0.0,0.0
DHORTS,0.0,0.0,0.0
DHPACCOAHIT,0.0,0.0,0.0
DHPPDA,0.0,0.0,0.0
DHPS,0.0,0.0,0.0
DHPTDCs2,0.0,0.0,0.0
DHQS,0.0,0.0,0.0
DHQTi,0.0,0.0,0.0
DINSK,0.0,0.0,0.0
DIPEPabc1,0.0,0.0,0.0
DIPEPabc10,0.0,0.0,0.0
DIPEPabc12,0.0,0.0,0.0
DIPEPabc13,0.0,0.0,0.0
DIPEPabc14,0.0,0.0,0.0
DIPEPabc15,0.0,0.0,0.0
DIPEPabc3,0.0,0.0,0.0
DIPEPabc8,0.0,0.0,0.0
DKDID,0.0,0.0,0.0
DKMD2K,0.0,0.0,0.0
DM1PE,0.0,0.0,0.0
DMATT,4.453701529337627e-05,4.4537015293376426e-05,-1.5585406229479126e-19
DMPPS,4.453701529337627e-05,4.453701529337643e-05,-1.6263032587282567e-19
DNADDP,0.0,0.0,0.0
DNMPPA,0.0,0.0,0.0
DNTAep,0.0,0.0,0.0
DNTPPA,0.0,0.0,0.0
DPCOAK,0.0002565332080898385,0.0002565332080898646,-2.6075062248276382e-17
DPR,0.0,0.0,0.0
DRBK,0.0,0.0,0.0
DRIBabc,0.0,0.0,0.0
DRPA,0.07583317594003179,0.07583317594003203,-2.3592239273284576e-16
DSERDHr,0.0,0.0,0.0
DSERt2,0.0,0.0,0.0
DSERt2pp,0.0,0.0,0.0
DSERtex,0.0,0.0,0.0
DTMPK,0.011653555421664833,0.011653555421664874,-4.163336342344337e-17
DURIK1,0.0,0.0,0.0
DURIPP,0.07583317594003179,0.07583317594003204,-2.498001805406602e-16
DURIPP_1,0.0,0.0,0.0
DUTPDP,0.0,0.0,0.0
DXPRIi,0.0003562961223470101,0.00035629612234701146,-1.3552527156068805e-18
DXPS,0.00035629612234701016,0.00035629612234701146,-1.3010426069826053e-18
E4PD,0.0,0.0,0.0
ECOAH1,0.003384813162296595,0.003384813162296607,-1.214306433183765e-17
ECOAH1_1,0.0,0.0,0.0
ECOAH2,0.002315924795255566,0.002315924795255574,-8.239936510889834e-18
ECOAH2c,0.0,0.0,0.0
ECOAH3,0.002315924795255566,0.002315924795255574,-8.239936510889834e-18
ECOAH4,0.002315924795255566,0.002315924795255574,-8.239936510889834e-18
ECOAH5,0.0,0.0,0.0
ECOAH5_1,0.002315924795255566,0.002315924795255574,-8.239936510889834e-18
ECOAH6,0.0023159247952555654,0.0023159247952555737,-8.239936510889834e-18
ECOAH7,0.0017814806117350504,0.0017814806117350571,-6.7220534694101275e-18
ECOAH8,0.0,0.0,0.0
ECOAH9ir,0.0,0.0,0.0
EDA,0.0,0.0,0.0
ENO,9.999999999999986,10.0,-1.4210854715202004e-14
ETHSO3abcpp,0.0,0.0,0.0
ETHSO3tex,0.0,0.0,0.0
ETOHtex,0.0,0.0,0.0
ETOHtrpp,0.0,0.0,0.0
F1PP,0.0,0.0,0.0
F6PP,0.0,0.0,0.0
FA80ACPHi,0.0,0.0,0.0
FACOAE120,0.0,0.0,0.0
FACOAE140,0.0,0.0,0.0
FACOAE160,0.0,0.0,0.0
FACOAE161,0.0,0.0,0.0
FACOAE180,0.0,0.0,0.0
FACOAL100t2pp,0.0,0.0,0.0
FACOAL120t2pp,0.0,0.0,0.0
FACOAL140,0.0,0.0,0.0
FACOAL140_ISO,0.000178148061173505,0.00017814806117350565,-6.505213034913027e-19
FACOAL140t2pp,0.0,0.0,0.0
FACOAL141t2pp,0.0,0.0,0.0
FACOAL150_ISO,0.0035629612234701004,0.003562961223470114,-1.3444106938820255e-17
FACOAL150_anteiso,0.006057034079899169,0.006057034079899191,-2.168404344971009e-17
FACOAL160,0.0,0.0,0.0
FACOAL160_ISO,0.0008907403058675251,0.0008907403058675282,-3.144186300207963e-18
FACOAL160t2pp,0.0,0.0,0.0
FACOAL161,0.0,0.0,0.0
FACOAL161t2pp,0.0,0.0,0.0
FACOAL170_ISO,0.0012470364282145352,0.0012470364282145398,-4.553649124439119e-18
FACOAL170_anteiso,0.0030285170399495845,0.003028517039949596,-1.1275702593849246e-17
FACOAL180_2,0.0005344441835205149,0.000534444183520517,-2.0599841277224584e-18
FACOAL180t2pp,0.0,0.0,0.0
FACOAL181,0.0,0.0,0.0
FACOAL181t2pp,0.0,0.0,0.0
FACOAL60t2pp,0.0,0.0,0.0
FACOAL80t2pp,0.0,0.0,0.0
FADH2D,0.8329644141289312,0.8329644141289385,-7.327471962526033e-15
FADMQOR,4.453701529337626e-05,4.4537015293376426e-05,-1.6263032587282567e-19
FALDep,9.999999999999998,9.999999999999998,0.0
FAS140,0.0,0.0,0.0
FBA,0.0,0.0,0.0
FBA2,0.0,0.0,0.0
FBA3,1.783207416868424,1.7832074168684338,-9.769962616701378e-15
FBP,0.0,0.0,0.0
FCLT_2,0.0,0.0,0.0
FDH,0.0,0.0,0.0
FDMO,0.0,0.0,0.0
FDMO3,0.0,0.0,0.0
FDMO3_1,0.0,0.0,0.0
FDMO4,0.0,0.0,0.0
FDMO4_1,0.0,0.0,0.0
FDMO6,0.0,0.0,0.0
FE2Gabcpp,0.0,0.0,0.0
FE2abc,0.0,0.0,0.0
FE2abcpp,0.0,0.0,0.0
FE2t,0.0029906605769502164,0.002990660576950227,-1.0842021724855044e-17
FE2t3pp,0.0,0.0,0.0
FE2t4pp,0.0,0.0,0.0
FE2tex,0.0,0.0,0.0
FE3DCITexs,4.99884092417699,4.9988409241769896,8.881784197001252e-16
FE3Gabcpp,0.0,0.0,0.0
FE3PYOVDL2,-7.914164380724983,-7.914164380725031,4.796163466380676e-14
FE3abc,0.0,0.0,0.0
FE3abcpp,0.0,0.0,0.0
FE3t,0.003477450154106819,0.003477450154106831,-1.214306433183765e-17
FE3tex,0.0,0.0,0.0
FEDCabc,0.0,0.0,0.0
FEENTERexs,0.0,0.0,0.0
FEOXAMexs,0.0,0.0,0.0
FFSD,0.0,0.0,0.0
FFSD1r,0.0,0.0,0.0
FGLU_1,0.0,0.0,0.0
FMNAT,9.931754410422906e-05,9.931754410422943e-05,-3.6591823321385775e-19
FMNRx,0.0,0.0,0.0
FMNRx2,0.0,0.0,0.0
FMNRy,0.0,0.0,0.0
FOLD3,0.0,0.0,0.0
FOLR2,0.0002979526323126882,0.00029795263231268933,-1.1384122811097797e-18
FOMETRi,0.0,0.0,0.0
FORAMD,0.0,0.0,0.0
FORtex,0.0,0.0,0.0
FRD2,0.0,0.0,0.0
FRD3,0.4813350370242169,0.48133503702422614,-9.2148511043888e-15
FRDO,0.0,0.0,0.0
FRDx,0.0,0.0,0.0
FRUK,0.0,0.0,0.0
FRUpts,0.0,0.0,0.0
FRUpts2,0.0,0.0,0.0
FTHFCL,0.0,0.0,0.0
FTHFLi,0.0,0.0,0.0
FUM,0.3516739141200076,0.35167391412000565,1.942890293094024e-15
FUMAC,0.0,0.0,0.0
G1PACT,0.06502404232832935,0.06502404232832959,-2.3592239273284576e-16
G1PP,0.0,0.0,0.0
G1SAT,0.0,0.0,0.0
G3PAT160,0.0,0.0,0.0
G3PAT161,0.0,0.0,0.0
G3PAT180,0.0,0.0,0.0
G3PAT181,0.0,0.0,0.0
G3PCT,0.273902644054264,0.27390264405426495,-9.43689570931383e-16
G3PD1ir,0.2828100471129392,0.2828100471129403,-1.0547118733938987e-15
G3PD4,0.0,0.0,0.0
G3PEabcpp,0.0,0.0,0.0
G3POA_BS,0.00890740305867525,0.008907403058675283,-3.2959746043559335e-17
G3PT,0.0,0.0,0.0
G5SADs,0.0,0.0,0.0
G5SD,0.0,0.0,0.0
G6PBDH,0.0,0.0,0.0
G6PDA,0.0,0.0,0.0
G6PDH2r,0.0,0.0,0.0
G6PI,0.0,0.0,0.0
G6PP,0.0,0.0,0.0
GALK2,0.0,0.0,0.0
GALKr,-9.90869911864848,-9.908699118648578,9.769962616701378e-14
GALM,0.0,0.0,0.0
GALM1,0.0,0.0,0.0
GALM2,0.0,0.0,0.0
GALS3,0.0,0.0,0.0
GALT,-9.90869911864848,-9.908699118648578,9.769962616701378e-14
GALTpts,0.0,0.0,0.0
GALURDH,0.0,0.0,0.0
GALURt2rpp,0.0,0.0,0.0
GALURtex,0.0,0.0,0.0
GALUi,9.9999999999999,10.0,-9.947598300641403e-14
GALabc,0.0,0.0,0.0
GALabcpp,0.0,0.0,0.0
GALpts,-9.908699118648434,-9.908699118648576,1.4210854715202004e-13
GALt2_3,0.0,0.0,0.0
GALt2pp,0.0,0.0,0.0
GAMpts,0.06502404232832935,0.0650240423283296,-2.498001805406602e-16
GAPD,9.999999999999982,10.0,-1.7763568394002505e-14
GAPDi_nadp,0.0,0.0,0.0
GARFT,0.0,0.0,0.0
GCALDD,0.0,0.0,0.0
GCCa,0.0,0.0,0.0
GCCa_1,0.0,0.0,0.0
GCCb,0.0,0.0,0.0
GCCb_1,0.0,0.0,0.0
GCCc,0.0,0.0,0.0
GCCc_1,0.0,0.0,0.0
GDH1,0.0,0.0,0.0
GDPTPDP,0.0,0.0,0.0
GF6PTA,0.0,0.0,0.0
GHMT2r,0.01185219050987329,0.011852190509873335,-4.5102810375396984e-17
GK1,0.10782990383725208,0.10782990383725248,-4.0245584642661925e-16
GK2,0.0,0.0,0.0
GLCADpts,0.0,0.0,0.0
GLCAt2,0.0,0.0,0.0
GLCDpp,0.0,0.0,0.0
GLCNt2ir,0.0,0.0,0.0
GLCNt2r,0.0,0.0,0.0
GLCNt2rpp,0.0,0.0,0.0
GLCRt1,0.0,0.0,0.0
GLCURDH,0.0,0.0,0.0
GLCURt2rpp,0.0,0.0,0.0
GLCURtex,0.0,0.0,0.0
GLCabc,0.0,0.0,0.0
GLCabcpp,0.0,0.0,0.0
GLCpts,0.0,0.0,0.0
GLCptspp,0.0,0.0,0.0
GLCt2pp,0.0,0.0,0.0
GLGC,0.0,0.0,0.0
GLNS,0.11730292699015318,0.11730292699015361,-4.3021142204224816e-16
GLNabc,0.0,0.0,0.0
GLTPD,0.0,0.0,0.0
GLU5K,0.0,0.0,0.0
GLUDC,0.0,0.0,0.0
GLUDxi,0.0,0.0,0.0
GLUDy,-5.367540179883568,-5.367540179883571,3.552713678800501e-15
GLUDy_1,0.0,0.0,0.0
GLUKA_1,0.0,0.0,0.0
GLUN,0.0,0.0,0.0
GLUPRT,0.0,0.0,0.0
GLUR,-0.08684717982208372,-0.08684717982208404,3.191891195797325e-16
GLUSfx,0.0,0.0,0.0
GLUSx,0.0,0.0,0.0
GLUSy,0.0,0.0,0.0
GLUTARH,0.0,0.0,0.0
GLUTRR,0.0,0.0,0.0
GLUTRS,0.0,0.0,0.0
GLUabc,0.0,0.0,0.0
GLUt2r,0.2365427687754129,0.23654276877541577,-2.886579864025407e-15
GLUt2rpp,0.0,0.0,0.0
GLUt4,0.0,0.0,0.0
GLUt4pp,0.0,0.0,0.0
GLUtex,0.0,0.0,0.0
GLXCBL,0.0,0.0,0.0
GLXO1,0.0,0.0,0.0
GLYALDDr,0.0,0.0,0.0
GLYALDt,-10.0,-10.0,0.0
GLYAT,-0.1699532503595238,-0.16995325035952444,6.38378239159465e-16
GLYBabc,0.0,0.0,0.0
GLYBt2r,0.0,0.0,0.0
GLYBt3pp,0.0,0.0,0.0
GLYBtex,0.0,0.0,0.0
GLYC3Pabcpp,0.0,0.0,0.0
GLYCDH,0.0,0.0,0.0
GLYCK,0.0,0.0,0.0
GLYCL,0.0,0.0,0.0
GLYCLTDx,0.0,0.0,0.0
GLYCTO1,0.0,0.0,0.0
GLYCTO3,0.0,0.0,0.0
GLYCYSAP,0.0,0.0,0.0
GLYCYSabc,0.0,0.0,0.0
GLYCt,-10.0,-10.0,0.0
GLYCtex,0.0,0.0,0.0
GLYCtpp,0.0,0.0,0.0
GLYGLNabcpp,0.0,0.0,0.0
GLYGLNtex,0.0,0.0,0.0
GLYGLNtr,0.0,0.0,0.0
GLYGLUabcpp,0.0,0.0,0.0
GLYGLUtex,0.0,0.0,0.0
GLYGLYCNc,0.0,0.0,0.0
GLYGLYGLNtr,0.0,0.0,0.0
GLYGLYabcpp,0.0,0.0,0.0
GLYGLYtex,0.0,0.0,0.0
GLYK,0.0,0.0,0.0
GLYLEUAP,0.0,0.0,0.0
GLYLEUtr,0.0,0.0,0.0
GLYMETabcpp,0.0,0.0,0.0
GLYMETtex,0.0,0.0,0.0
GLYMETtr,0.0,0.0,0.0
GLYO1,0.0,0.0,0.0
GLYOX,0.0,0.0,0.0
GLYOX_1,0.0,0.0,0.0
GLYPHEAP,0.0,0.0,0.0
GLYPHEHYc,0.0,0.0,0.0
GLYPHEabcpp,0.0,0.0,0.0
GLYPHEtex,0.0,0.0,0.0
GLYPHEtr,0.0,0.0,0.0
GLYSERabcpp,0.0,0.0,0.0
GLYSERtex,0.0,0.0,0.0
GLYTYRAP,0.0,0.0,0.0
GLYTYRabc,0.0,0.0,0.0
GLYabc,0.0,0.0,0.0
GLYt2pp,0.0,0.0,0.0
GLYt2r,0.0,0.0,0.0
GLYt4,0.0,0.0,0.0
GLYtex,0.0,0.0,0.0
GMPR,0.0,0.0,0.0
GMPS2,0.0,0.0,0.0
GND,0.0,0.0,0.0
GNK_1,0.0,0.0,0.0
GNKr,0.0,0.0,0.0
GNNUC,0.0,0.0,0.0
GNP,0.0,0.0,0.0
GPDDA2,0.0,0.0,0.0
GPDDA4,0.0,0.0,0.0
GRTT,4.453701529337627e-05,4.453701529337643e-05,-1.6263032587282567e-19
GSNt2pp,9.482488789694019,9.482488789694061,-4.263256414560601e-14
GTHOr,0.0,0.0,0.0
GTHPe,4.573476575827927,4.573476575827956,-2.930988785010413e-14
GTHPi,0.0,0.0,0.0
GTHRDH_syn,0.0,0.0,0.0
GTHRDHpp,0.0,0.0,0.0
GTHRDabc2pp,0.0,0.0,0.0
GTHRDabcpp,0.0,0.0,0.0
GTHRDt2_1,0.0,0.0,0.0
GTPCI,0.0,0.0,0.0
GTPCII,0.0,0.0,0.0
GTPDPK,0.0,0.0,0.0
GTPDPK_1,0.0,0.0,0.0
GTPHs,0.0,0.0,0.0
GUACYC,0.0,0.0,0.0
GUAPRT,0.10782990383725208,0.10782990383725247,-3.885780586188048e-16
GUAt2pp,0.0,0.0,0.0
GUAt2r,0.0,0.0,0.0
GUAtex,0.0,0.0,0.0
GUI2,0.0,0.0,0.0
GalMr,0.0,0.0,0.0
H2CO3D2,0.0,0.0,0.0
H2Ot,0.0,0.0,0.0
H2Otex,19.146953151655854,19.146953151655914,-6.039613253960852e-14
H2Otpp,0.0,0.0,0.0
H2SO,0.0,0.0,0.0
H2St1,-0.07529450074005836,-0.07529450074005867,3.0531133177191805e-16
H2tex,0.0,0.0,0.0
H2tpp,0.0,0.0,0.0
HACD1,0.003384813162296595,0.0033848131622966067,-1.1709383462843448e-17
HACD1_1,0.0,0.0,0.0
HACD1i,0.0,0.0,0.0
HACD2,0.002315924795255566,0.0023159247952555745,-8.673617379884035e-18
HACD3,0.002315924795255566,0.002315924795255574,-8.239936510889834e-18
HACD4,0.002315924795255566,0.002315924795255574,-8.239936510889834e-18
HACD5,0.002315924795255566,0.0023159247952555745,-8.673617379884035e-18
HACD6,0.0023159247952555654,0.002315924795255574,-8.673617379884035e-18
HACD7,0.0017814806117350502,0.0017814806117350571,-6.938893903907228e-18
HACD8,0.0,0.0,0.0
HACD8i,0.0,0.0,0.0
HACD9,0.0,0.0,0.0
HACOADr,0.0,0.0,0.0
HADPCOADH,0.0,0.0,0.0
HCO3E,0.08426403293506786,0.08426403293506818,-3.191891195797325e-16
HCYSMT,0.0,0.0,0.0
HCYSMT2,0.03429550594158792,0.034295505941588034,-1.1102230246251565e-16
HDECH,0.0,0.0,0.0
HEMEOS_1,0.0,0.0,0.0
HETZK,0.0,0.0,0.0
HEX1,4.250586057331668,4.2505860573317245,-5.684341886080802e-14
HEX4,0.0,0.0,0.0
HEX7,0.0,0.0,0.0
HEXSabc,0.0,0.0,0.0
HEXt2rpp,0.0,0.0,0.0
HG2abcpp,0.0,0.0,0.0
HG2t3pp,0.0,0.0,0.0
HG2tex,0.0,0.0,0.0
HGNTOR,0.0,0.0,0.0
HGt,0.0,0.0,0.0
HIBD,0.0,0.0,0.0
HIBHr,0.0,0.0,0.0
HISDr,0.0,0.0,0.0
HISGLYabcpp,0.0,0.0,0.0
HISGLYtex,0.0,0.0,0.0
HISHISabcpp,0.0,0.0,0.0
HISHIStex,0.0,0.0,0.0
HISTD,0.0,0.0,0.0
HISTP,0.0,0.0,0.0
HISTP_1,0.0,0.0,0.0
HISabc,0.0,0.0,0.0
HISt2r,0.0421934775486388,0.04219347754863896,-1.5959455978986625e-16
HKM1PP,0.0,0.0,0.0
HMBS,0.0,0.0,0.0
HMGL,0.0,0.0,0.0
HMGL_2,0.0,0.0,0.0
HMPK1,0.0,0.0,0.0
HMPPtr,0.0,0.0,0.0
HMR_9610,0.0,0.0,0.0
HOXPRx,0.0,0.0,0.0
HPHACA,0.0,0.0,0.0
HPPK,0.0,0.0,0.0
HQNt6,0.0,0.0,0.0
HSDxi,0.0,0.0,0.0
HSDy,-0.03425096892629454,-0.034250968926294666,1.249000902703301e-16
HSERTA,0.03425096892629455,0.034250968926294666,-1.1796119636642288e-16
HSK,0.0,0.0,0.0
HSTPT,0.0,0.0,0.0
HSTPTr,0.0,0.0,0.0
HXANt2pp,0.0,0.0,0.0
HXANt2r,0.0,0.0,0.0
HXAtex,0.0,0.0,0.0
HXCT,0.0,0.0,0.0
HXPRT,0.0,0.0,0.0
HYPOE,0.0,0.0,0.0
HYXNtex,0.0,0.0,0.0
Htex,10.051314056130712,10.051314056130709,3.552713678800501e-15
IBTMr,0.00106888836704103,0.0010688883670410341,-4.119968255444917e-18
ICDHyr,0.0023181516460202343,0.002318151646020243,-8.673617379884035e-18
ICHORS,0.0,0.0,0.0
ICHORT,0.0,0.0,0.0
ICITt4pp,0.0,0.0,0.0
ICITtex,0.0,0.0,0.0
ICITtupp,0.0,0.0,0.0
ICL,0.0,0.0,0.0
ID3ACALDt,0.0,0.0,0.0
IG3PS_1,0.0,0.0,0.0
IGPDH_1,0.0,0.0,0.0
IGPS,0.0,0.0,0.0
ILEDHr,0.0,0.0,0.0
ILETA,0.009085551119848755,0.009085551119848788,-3.2959746043559335e-17
ILEabc,0.0,0.0,0.0
ILEabcpp,0.0,0.0,0.0
ILEt2r,0.13847849628154188,0.13847849628154238,-4.996003610813204e-16
ILEtex,0.0,0.0,0.0
IMPC,0.0,0.0,0.0
IMPD,0.0,0.0,0.0
IND3ACtex,0.0,0.0,0.0
IND3ACtpp,0.0,0.0,0.0
INOSR,0.0,0.0,0.0
INS2D,0.0,0.0,0.0
INSCR,0.0,0.0,0.0
INSH,0.0,0.0,0.0
INSTabc,0.0,0.0,0.0
INSTt2,0.0,0.0,0.0
IPDDI,0.0,0.0,0.0
IPDPS,0.00031175910705363386,0.000311759107053635,-1.1384122811097797e-18
IPMD,0.0,0.0,0.0
IPPMIa,0.0,0.0,0.0
IPPMIb,0.0,0.0,0.0
IPPS,0.0,0.0,0.0
ISETACabcpp,0.0,0.0,0.0
ISETACtex,0.0,0.0,0.0
ITCY,0.0,0.0,0.0
IZPN,0.0,0.0,0.0
IZPN_1,0.0,0.0,0.0
KARA1,0.0,0.0,0.0
KARA2,0.0,0.0,0.0
KAS1,0.000178148061173505,0.00017814806117350568,-6.776263578034403e-19
KAS11,0.0012470364282145354,0.0012470364282145398,-4.336808689942018e-18
KAS12,0.003028517039949585,0.003028517039949596,-1.0842021724855044e-17
KAS13,0.0005344441835205149,0.000534444183520517,-2.0599841277224584e-18
KAS17,0.0,0.0,0.0
KAS2,0.0,0.0,0.0
KAS3,0.003562961223470101,0.0035629612234701143,-1.3444106938820255e-17
KAS4,0.006057034079899171,0.006057034079899192,-2.0816681711721685e-17
KAS6,0.0008907403058675251,0.0008907403058675284,-3.2526065174565133e-18
KAS7,0.0,0.0,0.0
KAS8,0.0,0.0,0.0
Kabc,0.0,0.0,0.0
Kabcpp,0.0,0.0,0.0
Kt1,0.08693313626159993,0.08693313626160024,-3.0531133177191805e-16
Kt2r,0.0,0.0,0.0
Kt3r,0.0,0.0,0.0
Ktex,0.0,0.0,0.0
LALALGLUtex,0.0,0.0,0.0
LALGP,0.0,0.0,0.0
LCADi,0.0,0.0,0.0
LDGUNPD,0.0,0.0,0.0
LDH_D,0.0,0.0,0.0
LDH_L,0.0,0.0,0.0
LEULEULAPc,0.0,0.0,0.0
LEULEUabcpp,0.0,0.0,0.0
LEULEUtex,0.0,0.0,0.0
LEUTA,0.0,0.0,0.0
LEUabc,0.0,0.0,0.0
LEUabcpp,0.0,0.0,0.0
LEUt2r,0.0,0.0,0.0
LEUt3pp,0.01701855018912549,0.017018550189122444,3.0461744238152733e-15
LEUtex,-0.01701855018912549,-0.017018550189122444,-3.0461744238152733e-15
LGTHL,0.0,0.0,0.0
LIPAMPL,0.0,0.0,0.0
LIPATPT_2,0.0,0.0,0.0
LIPO1S24_BS,2.226850764668813e-05,2.2268507646688213e-05,-8.131516293641283e-20
LIPO2S24_BS,2.226850764668813e-05,2.2268507646688213e-05,-8.131516293641283e-20
LIPO3S24_BS,2.2268507646688135e-05,2.2268507646688216e-05,-8.131516293641283e-20
LIPO4S24_BS,2.226850764668813e-05,2.2268507646688213e-05,-8.131516293641283e-20
LIPOPBt,0.0,0.0,0.0
LLEUDr,-0.21767161056052647,-0.21767161056052417,-2.3037127760972e-15
LPLIPAL1A160pp,0.0,0.0,0.0
LPLIPAL1A161pp,0.0,0.0,0.0
LPLIPAL1E180pp,0.0,0.0,0.0
LPLIPAL2E161,0.0,0.0,0.0
LPLIPAL2G181,0.0,0.0,0.0
LSERDHr,0.0,0.0,0.0
LTHRK,0.0,0.0,0.0
LYSDC,0.0,0.0,0.0
LYSGLUGLYtr,0.0,0.0,0.0
LYSabc,0.0,0.0,0.0
LYSabcpp,0.1528336670509029,0.15283366705090348,-5.828670879282072e-16
LYSt3pp,0.0,0.0,0.0
LYSt3r,0.0,0.0,0.0
LYStex,0.15283366705090293,0.15283366705090348,-5.551115123125783e-16
M1PD,0.0,0.0,0.0
MACACI,0.0,0.0,0.0
MACCOAT,0.0,0.0,0.0
MAL6PG,4.250586057331668,4.2505860573317245,-5.684341886080802e-14
MALDDH,0.0,0.0,0.0
MALDt2_2pp,0.0,0.0,0.0
MALDtex,0.0,0.0,0.0
MALS,0.0,0.0,0.0
MALT,0.0,0.0,0.0
MALTTRabc,0.0,0.0,0.0
MALTTTRabc,0.0,0.0,0.0
MALTabc,0.0,0.0,0.0
MALTpts,0.0,0.0,0.0
MALTt2,4.250586057331668,4.2505860573317245,-5.684341886080802e-14
MALt4,0.0,0.0,0.0
MAN6PI,0.0,0.0,0.0
MANGLYCptspp,0.0,0.0,0.0
MANGLYCtex,0.0,0.0,0.0
MANPGH,0.0,0.0,0.0
MANpts,0.0,0.0,0.0
MANt2,0.0,0.0,0.0
MBCOAi,0.0,0.0,0.0
MCA,0.0,0.0,0.0
MCBTFUexs,0.0,0.0,0.0
MCCC,0.0,0.0,0.0
MCITL2,0.0,0.0,0.0
MCITS,0.0,0.0,0.0
MCSNAH,0.0,0.0,0.0
MCTC_1,0.0,0.0,0.0
MCTP1App,0.0,0.0,0.0
MCTP1Bpp,0.0,0.0,0.0
MCTP2App,0.0,0.0,0.0
MDDCP1pp,0.0,0.0,0.0
MDDCP2pp,0.0,0.0,0.0
MDDCP3pp,0.0,0.0,0.0
MDDCP4pp,0.0,0.0,0.0
MDDCP5pp,0.0,0.0,0.0
MDDEP1pp,0.0,0.0,0.0
MDDEP2pp,0.0,0.0,0.0
MDDEP3pp,0.0,0.0,0.0
MDDEP4pp,0.0,0.0,0.0
MDH,0.35167391412000765,0.3516739141200057,1.942890293094024e-15
MDNTHAep,0.0,0.0,0.0
MDRPD,0.0,0.0,0.0
ME2,0.0,0.0,0.0
MECDPDH2,0.00035629612234701016,0.00035629612234701146,-1.3010426069826053e-18
MECDPS,0.00035629612234701016,0.0003562961223470114,-1.2468324983583301e-18
MELIBabc,0.0,0.0,0.0
MEOHtex,0.0,0.0,0.0
MEOHtrpp,0.0,0.0,0.0
MEPCT,0.0003562961223470102,0.0003562961223470114,-1.1926223897340549e-18
METAT,0.00014385455939760534,0.00014385455939760586,-5.149960319306146e-19
METB1,0.0,0.0,0.0
METDabc,0.0,0.0,0.0
METGL,0.0,0.0,0.0
METOX1s,0.0,0.0,0.0
METOX2s,0.0,0.0,0.0
METS,0.0,0.0,0.0
METSOX1abc,0.0,0.0,0.0
METSOX2abc,0.0,0.0,0.0
METSOXR1,0.0,0.0,0.0
METSOXR2,0.0,0.0,0.0
METSR_R1,0.0,0.0,0.0
METSR_R2,0.0,-9.37993921404592e-18,9.37993921404592e-18
METSR_S1,0.0,0.0,0.0
METSR_S2,0.0,0.0,0.0
METSRabc,0.0,0.0,0.0
METSabc,0.0,0.0,0.0
METabc,0.0,0.0,0.0
METabcpp,0.0,0.0,0.0
METt3pp,0.0,0.0,0.0
METte,0.0,0.0,0.0
MFUMt8,0.0,0.0,0.0
MG2tex,0.0,0.0,0.0
MGCH,0.0,0.0,0.0
MGSA,0.0,0.0,0.0
MGt5,-0.00386358607670039,-0.0038635860767004043,1.431146867680866e-17
MHPGLUT,0.0,0.0,0.0
MHPGLUT2,0.0,0.0,0.0
MI1PP,0.0,0.0,0.0
MLDCP1App,0.0,0.0,0.0
MLDCP1Bpp,0.0,0.0,0.0
MLDCP2App,0.0,0.0,0.0
MLDCP2Bpp,0.0,0.0,0.0
MLDCP3App,0.0,0.0,0.0
MLDEP1pp,0.0,0.0,0.0
MLDEP2pp,0.0,0.0,0.0
MLTG1,0.0,0.0,0.0
MLTG2,0.0,0.0,0.0
MLTGY1pp,0.0,0.0,0.0
MLTGY2pp,0.0,0.0,0.0
MLTGY3pp,0.0,0.0,0.0
MLTGY4pp,0.0,0.0,0.0
MMCD,0.0,0.0,0.0
MME,0.0,0.0,0.0
MMETt2pp,0.03429550594158792,0.034295505941588034,-1.1102230246251565e-16
MMETtex,0.034295505941587916,0.034295505941588034,-1.1796119636642288e-16
MMM,0.0,0.0,0.0
MMM2,0.0,0.0,0.0
MMSAD1,0.0,0.0,0.0
MMSAD2,0.0,0.0,0.0
MMSAD3,0.0,0.0,0.0
MMSDHir,0.0,0.0,0.0
MN2t3pp,0.0,0.0,0.0
MN6PP,0.0,0.0,0.0
MNLpts,0.0,0.0,0.0
MNLptspp,0.0,0.0,0.0
MNLtex,0.0,0.0,0.0
MNabc,0.0,0.0,0.0
MNt2,0.00030775077567722994,0.0003077507756772311,-1.1384122811097797e-18
MNtex,0.0,0.0,0.0
MOBDabc,0.0,0.0,0.0
MOBDabc_rev,0.0,0.0,0.0
MOBDabcpp,0.0,0.0,0.0
MOBDtex,0.0,0.0,0.0
MOHMT,0.0,0.0,0.0
MPTG,0.0,0.0,0.0
MPTG2,0.0,0.0,0.0
MSO3abc,0.0,0.0,0.0
MSO3abcpp,0.0,0.0,0.0
MSO3tex,0.0,0.0,0.0
MSULR,0.0,0.0,0.0
MTAM_1,0.0,0.0,0.0
MTAN,0.0,0.0,0.0
MTHFC,9.931754410422906e-05,9.931754410422943e-05,-3.6591823321385775e-19
MTHFC_1,0.0,0.0,0.0
MTHFD,9.931754410422905e-05,9.931754410422943e-05,-3.7947076036992655e-19
MTHFD2i,0.0,0.0,0.0
MTHFR3,0.0,0.0,0.0
MTHTHFSs,0.0,0.0,0.0
MTRI,0.0,0.0,0.0
MTRK,0.0,0.0,0.0
MYCTR,0.0,0.0,0.0
MYCTR2,0.0,0.0,0.0
NABTNO,0.0,0.0,0.0
NACt,-9.998985446791618,-9.998985446791615,-3.552713678800501e-15
NADDP,0.0,0.0,0.0
NADDPp_1,-0.001014553208380715,-0.001014553208383133,2.417987685077172e-15
NADH10,0.0,0.0,0.0
NADH4,0.0,0.0,0.0
NADH5,0.0,0.0,0.0
NADH9,0.48133503702421687,0.4813350370242261,-9.2148511043888e-15
NADHPO,0.0,0.0,0.0
NADK,0.0001990804583613958,0.0001990804583613965,-7.047314121155779e-19
NADK1,0.0,0.0,0.0
NADK2,0.0,0.0,0.0
NADK3,0.0,0.0,0.0
NADK4,0.0,0.0,0.0
NADK5,0.0,0.0,0.0
NADK_1,0.0,0.0,0.0
NADKd,0.0,0.0,0.0
NADN,0.0,0.0,0.0
NADPHQR2,0.0,0.0,0.0
NADPHQR3,0.0,0.0,0.0
NADS1,0.0,0.0,0.0
NADS2,0.0,0.0,0.0
NADTRHD,0.0,0.0,0.0
NAPRT,-9.998985446791618,-9.998985446791616,-1.7763568394002505e-15
NAabc,0.0,0.0,0.0
NAabcO,0.0,0.0,0.0
NAt3_1,0.3300968436357491,0.33009684363574726,1.8318679906315083e-15
NAt3_2,0.0,0.0,0.0
NAt3pp,0.0,0.0,0.0
NAtex,0.22273814142030102,0.22273814142029877,2.248201624865942e-15
NBAHH_ir,0.0,0.0,0.0
NDP3,0.0,0.0,0.0
NDP7,0.0,0.0,0.0
NDPK1,0.09579733841544062,0.09579733841544097,-3.469446951953614e-16
NDPK2,0.22050454419811763,0.22050454419811844,-8.049116928532385e-16
NDPK3,0.3339759517625817,0.3339759517625829,-1.1657341758564144e-15
NDPK4,0.011653555421664833,0.011653555421664876,-4.336808689942018e-17
NDPK5,0.012032565421811466,0.012032565421811511,-4.5102810375396984e-17
NDPK6,0.0,0.0,0.0
NDPK7,0.012032565421811466,0.012032565421811511,-4.5102810375396984e-17
NDPK8,0.0,0.0,0.0
NDPK9,0.0,0.0,0.0
NH3c,0.0,0.0,0.0
NH4t,0.24853398067821136,0.24853398067822183,-1.04638520070921e-14
NH4tex,0.0,0.0,0.0
NH4tpp,0.0,0.0,0.0
NH4tpp_1,0.0,0.0,0.0
NI2abcpp,0.0,0.0,0.0
NI2t3pp,0.0,0.0,0.0
NI2t4pp,0.0,0.0,0.0
NI2tex,0.0,0.0,0.0
NI2uabcpp,0.0,0.0,0.0
NIabc,0.0,0.0,0.0
NMNAT,0.0,0.0,0.0
NMNDA,9.998985446791618,9.998985446791616,1.7763568394002505e-15
NMNHYD_1,0.0,0.0,0.0
NMNN,0.0,0.0,0.0
NMNP,10.000000000000002,10.0,1.7763568394002505e-15
NMO,0.0,0.0,0.0
NNAM,0.0,0.0,0.0
NNATr,0.0,0.0,0.0
NNDPR,0.0,0.0,0.0
NO2tex,0.0,0.0,0.0
NO3abc,0.0,0.0,0.0
NO3abcpp,0.0,0.0,0.0
NO3t,0.0,0.0,0.0
NO3tex,0.0,0.0,0.0
NODOx,0.0,0.0,0.0
NODOy,0.0,0.0,0.0
NOR_syn_1,0.0,0.0,0.0
NOS1_1,0.0,0.0,0.0
NOS3,0.0,0.0,0.0
NOX,0.0,0.0,0.0
NPHS,4.453701529337627e-05,4.453701529337643e-05,-1.6263032587282567e-19
NTD1,0.0,0.0,0.0
NTD10,0.0,0.0,0.0
NTD12,0.0,0.0,0.0
NTD2,0.0,0.0,0.0
NTD3,0.0,0.0,0.0
NTD4,0.0,0.0,0.0
NTD5,0.0,0.0,0.0
NTD6,0.0,0.0,0.0
NTD7,0.0,0.0,0.0
NTD8,0.0,0.0,0.0
NTD9,0.0,0.0,0.0
NTP1,0.0,0.0,0.0
NTP10,0.0,0.0,0.0
NTP3,0.0,0.0,0.0
NTP5,0.0,0.0,0.0
NTPP1,0.0,0.0,0.0
NTPP10,0.0,0.0,0.0
NTPP10_1,0.0,0.0,0.0
NTPP11,0.0,0.0,0.0
NTPP11_1,0.0,0.0,0.0
NTPP1_1,0.0,0.0,0.0
NTPP2,0.0,0.0,0.0
NTPP2_1,0.0,0.0,0.0
NTPP3,0.0,0.0,0.0
NTPP4,0.0,0.0,0.0
NTPP5,0.0,0.0,0.0
NTPP6,0.0,0.0,0.0
NTPP7,0.0,0.0,0.0
NTPP8,0.0,0.0,0.0
NTPP8_1,0.0,0.0,0.0
NTPP9,0.0,0.0,0.0
NTPP9_1,0.0,0.0,0.0
O2tex,5.509213316272107,5.50921331627211,-2.6645352591003757e-15
O2tpp,5.509213316272108,5.509213316272111,-2.6645352591003757e-15
OAADCS,0.0,0.0,0.0
OBDHc,0.0,0.0,0.0
OCBT,0.0,0.0,0.0
OCBT_1,0.0,0.0,0.0
OCOAT1,0.0,0.0,0.0
OCOAT2r,0.22248160821221113,0.22248160821220886,2.275957200481571e-15
OCTAtex,0.0,0.0,0.0
OCTDPS,4.453701529337627e-05,4.4537015293376426e-05,-1.5585406229479126e-19
OHPBAT,0.0,0.0,0.0
OIVD1r,-0.2176716105605265,-0.2176716105605242,-2.3037127760972e-15
OIVD2,0.0,0.0,0.0
OIVD3,0.009085551119848755,0.009085551119848788,-3.2959746043559335e-17
OMCDC,0.0,0.0,0.0
OMPDC,0.0,0.0,0.0
ORNTA,0.0,0.0,0.0
ORNTAC_1,0.0,0.0,0.0
ORNTA_1,0.0,0.0,0.0
ORPT,0.0,0.0,0.0
OXADC,0.0,0.0,0.0
OXAtpp,0.0,0.0,0.0
OXCOAHDH,0.0,0.0,0.0
OXDHCOAT,0.0,0.0,0.0
OXFOtex,0.0,0.0,0.0
OXGDC,0.0,0.0,0.0
OXPTNDH,0.0,0.0,0.0
P52O,0.0,0.0,0.0
P5CD,0.0,0.0,0.0
P5CR,0.0,0.0,0.0
P5CRx,0.0,0.0,0.0
PA160abcpp,0.0,0.0,0.0
PA161abcpp,0.0,0.0,0.0
PACALDt,0.0,0.0,0.0
PACCOAE,0.0,0.0,0.0
PACCOAL,0.0,0.0,0.0
PANO,0.0,0.0,0.0
PANTS,0.0,0.0,0.0
PAP,0.0,0.0,0.0
PAPPT3,0.004453701529337627,0.004453701529337642,-1.5612511283791264e-17
PAPSR,0.0,0.0,0.0
PAP_BS,0.008907403058675252,0.008907403058675283,-3.122502256758253e-17
PBUTT,8.824940955626477,8.824940955626477,0.0
PC,0.0,0.0,0.0
PDE1,0.0,0.0,0.0
PDE4,0.0,0.0,0.0
PDH,0.0,0.0,0.0
PDHbr,0.0,0.0,0.0
PDHcr,0.0,0.0,0.0
PE160abcpp,0.0,0.0,0.0
PE161abcpp,0.0,0.0,0.0
PE180abcpp,0.0,0.0,0.0
PE181abcpp,0.0,0.0,0.0
PEPA,4.250586057331668,4.2505860573317245,-5.684341886080802e-14
PERD,0.0,0.0,0.0
PFK,0.0,0.0,0.0
PFK_2,0.0,0.0,0.0
PFK_4,1.783207416868424,1.7832074168684338,-9.769962616701378e-15
PG160abcpp,0.0,0.0,0.0
PG161abcpp,0.0,0.0,0.0
PG180abcpp,0.0,0.0,0.0
PG181abcpp,0.0,0.0,0.0
PGAMT,-0.06502404232832935,-0.06502404232832959,2.3592239273284576e-16
PGCD,0.0,1.3242387842572494e-15,-1.3242387842572494e-15
PGI,-1.4988278853365624,-1.4988278853365447,-1.7763568394002505e-14
PGI1c,0.0,0.0,0.0
PGK,-9.999999999999984,-10.0,1.5987211554602254e-14
PGL,0.0,0.0,0.0
PGLYCP,0.0,0.0,0.0
PGLYCP_1,0.0,0.0,0.0
PGM,-9.999999999999984,-10.0,1.5987211554602254e-14
PGMT,-9.9999999999999,-10.0,9.947598300641403e-14
PGMT_2,0.0,0.0,0.0
PGMT_B,0.0,0.0,0.0
PGP181abcpp,0.0,0.0,0.0
PGPP181pp,0.0,0.0,0.0
PGSA181,0.0,0.0,0.0
PHACOAOR,0.0,0.0,0.0
PHEMEt,0.0,0.0,0.0
PHETA1,0.0,0.0,0.0
PHEabc,0.0,0.0,0.0
PHEt2r,0.08251150138327354,0.08251150138327384,-3.0531133177191805e-16
PHHL,0.0,0.0,0.0
PHHL2,0.0,0.0,0.0
PIabc,0.0,0.0,0.0
PIt2r,0.0,0.0,0.0
PIt2rpp,0.0,0.0,0.0
PIt7,0.0,0.0,0.0
PItex,-9.573476575827927,-9.573476575827957,3.019806626980426e-14
PLCD,0.0,0.0,0.0
PLIPA1E160pp,0.0,0.0,0.0
PLIPA1E161pp,0.0,0.0,0.0
PLIPA1E180pp,0.0,0.0,0.0
PLIPA1E181pp,0.0,0.0,0.0
PLIPA1G160pp,0.0,0.0,0.0
PLIPA1G161pp,0.0,0.0,0.0
PLIPA1G180pp,0.0,0.0,0.0
PLIPA1G181pp,0.0,0.0,0.0
PLIPA2A160pp,0.0,0.0,0.0
PLIPA2A161pp,0.0,0.0,0.0
PLIPA2E180pp,0.0,0.0,0.0
PLPS_1,9.931754410422906e-05,9.931754410422943e-05,-3.6591823321385775e-19
PMANM,0.0,0.0,0.0
PMDPHT,0.0,0.0,0.0
PMPK,0.0,0.0,0.0
PNP,0.0,0.0,0.0
PNTK,0.0002565332080898386,0.00025653320808986465,-2.6075062248276382e-17
PNTK_1,0.0,0.0,0.0
PNTOt4pp,0.0002565332080898385,0.00025653320808986465,-2.6129272356900657e-17
PNTOtex,0.0002565332080898385,0.0002565332080898646,-2.6075062248276382e-17
POR_syn,0.0,0.0,0.0
PPA,0.0,0.0,0.0
PPAKr,0.0,0.0,0.0
PPAt2pp,0.0,0.0,0.0
PPAt4pp,0.0,0.0,0.0
PPAtex,0.0,0.0,0.0
PPBNGS,0.0,0.0,0.0
PPC,0.0,0.0,0.0
PPCDC,0.0002565332080898385,0.00025653320808986465,-2.6129272356900657e-17
PPCK,0.20561054144892726,0.2056105414489249,2.3592239273284576e-15
PPCOAC,0.0,0.0,0.0
PPDD,0.0,0.0,0.0
PPM,0.19886222698645534,0.19886222698644118,1.4155343563970746e-14
PPM2,0.07583317594003179,0.07583317594003203,-2.3592239273284576e-16
PPNCL,0.0002565332080898386,0.00025653320808986465,-2.6075062248276382e-17
PPND,0.0,0.0,0.0
PPNDH,0.0,0.0,0.0
PPOR,0.0,0.0,0.0
PPPGO,0.0,0.0,0.0
PPRDNDH,0.0,0.0,0.0
PPTGS_BS,0.004453701529337627,0.004453701529337642,-1.5612511283791264e-17
PRAGSr,0.0,0.0,0.0
PRAIS_1,0.0,0.0,0.0
PRAIi,0.0,0.0,0.0
PRAMPC_1,0.0,0.0,0.0
PRASCSi,0.0,0.0,0.0
PRATPP,0.0,0.0,0.0
PRFGS,0.0,0.0,0.0
PRFGS_1,0.0,0.0,0.0
PRMICI,0.0,0.0,0.0
PRO1x,0.0,0.0,0.0
PROAKGOX1,0.0,0.0,0.0
PROGLYabcpp,0.0,0.0,0.0
PROGLYtex,0.0,0.0,0.0
PROHISGLUtr,0.0,0.0,0.0
PROabc,0.0,0.0,0.0
PROt2r,0.09845129915677289,0.09845129915677325,-3.608224830031759e-16
PROt2rpp,0.0,0.0,0.0
PROt4,0.0,0.0,0.0
PROt4pp,0.0,0.0,0.0
PROtex,0.0,0.0,0.0
PRPPS,-9.724290043865134,-9.724290043865144,1.0658141036401503e-14
PSCVT,0.0,0.0,0.0
PSD161,0.0,0.0,0.0
PSD180,0.0,0.0,0.0
PSERT,1.2530817527266274e-15,1.3242387842572496e-15,-7.115703153062218e-17
PSP_L,0.0,0.0,0.0
PSSA161,0.0,0.0,0.0
PSSA180,0.0,0.0,0.0
PSUDS,0.0,0.0,0.0
PTA2,0.0,0.0,0.0
PTAr,0.0,0.0,0.0
PTHPS,0.0,0.0,0.0
PTHPS_1,0.0,0.0,0.0
PTHRP,0.0,0.0,0.0
PTPATi,0.0002565332080898386,0.00025653320808986465,-2.6075062248276382e-17
PTRCAT1,0.0,0.0,0.0
PTRCTA,0.0,0.0,0.0
PTRCTA2,0.0,0.0,0.0
PTRCabc,0.0,0.0,0.0
PTRCabcpp,0.0,0.0,0.0
PUNP1,0.09103232314920325,0.0910323231491887,1.454392162258955e-14
PUNP2,0.0,0.0,0.0
PUNP3,0.10782990383725206,0.10782990383725245,-3.885780586188048e-16
PUNP4,0.0,0.0,0.0
PUNP5,0.0,0.0,0.0
PUNP6,0.0,0.0,0.0
PUNP7,0.0,0.0,0.0
PYDXK_1,0.0,0.0,0.0
PYDXPP,0.0,0.0,0.0
PYK,20.044831916239726,20.044831916239833,-1.0658141036401503e-13
PYNP1,0.0,0.0,0.0
PYNP1_1,0.0,0.0,0.0
PYNP2r,0.0,0.0,0.0
PYNP2r_1,0.0,0.0,0.0
PYRt2rpp,0.0,0.0,0.0
PYRt4pp,0.0,0.0,0.0
PYRtex,0.0,0.0,0.0
QMO2,0.0,0.0,0.0
QULNS,0.0,0.0,0.0
R5PP,0.0,0.0,0.0
RBFK,9.931754410422906e-05,9.931754410422943e-05,-3.6591823321385775e-19
RBFSa,0.0,0.0,0.0
RBFSa_1,0.0,0.0,0.0
RBFSb,0.0,0.0,0.0
RBK,0.0,0.0,0.0
RECOAH2,0.0,0.0,0.0
RECOAH3,0.0,0.0,0.0
REPHACCOAI,0.0,0.0,0.0
RHA40tex,0.0,0.0,0.0
RHACOAR80,0.0,0.0,0.0
RHCCE,0.0,0.0,0.0
RIBFLVt2,0.00019863508820845813,0.00019863508820845886,-7.318364664277155e-19
RIBabc,0.0,0.0,0.0
RIBabc1,0.0,0.0,0.0
RIBabcpp,0.0,0.0,0.0
RIBtex,0.0,0.0,0.0
RNDR1,0.0,0.0,0.0
RNDR2,0.012032565421811465,0.012032565421811511,-4.683753385137379e-17
RNDR3,0.012032565421811465,0.012032565421811511,-4.683753385137379e-17
RNDR4,0.011653555421664833,0.011653555421664876,-4.336808689942018e-17
RNMK,0.0,0.0,0.0
RNTR1,0.011653555421664833,0.011653555421664876,-4.336808689942018e-17
RNTR2,0.0,0.0,0.0
RNTR3,0.0,0.0,0.0
RNTR4,0.0,0.0,0.0
RPE,13.282035302204985,13.282035302204978,7.105427357601002e-15
RPI,3.2821346197490913,3.282134619749083,8.43769498715119e-15
RU5PS,-10.0,-10.0,0.0
S6PG,0.0,0.0,0.0
SADT,0.0,0.0,0.0
SALCHS2FEexs,0.0,0.0,0.0
SALCHS4FEexs,0.0,0.0,0.0
SALCpts,0.0,0.0,0.0
SCYSSL,0.0,0.0,0.0
SDPDS,0.004453701529337626,0.004453701529337643,-1.734723475976807e-17
SDPTA,-0.004453701529337627,-0.004453701529337643,1.6479873021779667e-17
SERAT,0.0,0.0,0.0
SERD_L,0.0,0.0,0.0
SERGLUGLNtr,0.0,0.0,0.0
SERabc,0.0,0.0,0.0
SERt2r,0.14900303836551962,0.1490030383655202,-5.828670879282072e-16
SHCHD2_1,0.0,0.0,0.0
SHCHF_2,0.0,0.0,0.0
SHGO,0.0,0.0,0.0
SHK3Dr,0.0,0.0,0.0
SHKK,0.0,0.0,0.0
SHSL1,0.0,0.0,0.0
SHSL2,0.0,0.0,0.0
SHSL2r,0.0,0.0,0.0
SHSL3,0.0,0.0,0.0
SHSL4r,0.0,0.0,0.0
SLCYSS,0.0,0.0,0.0
SMIA1,-0.002990660576950217,-0.002990660576950227,1.0408340855860843e-17
SMIA1Eabc,0.0,0.0,0.0
SMIA2abc,0.0,0.0,0.0
SMIB1,0.0,0.0,0.0
SO3abcpp,0.0,0.0,0.0
SO3tex,0.0,0.0,0.0
SO4t2,0.0019320157234266621,0.001932015723426669,-6.938893903907228e-18
SO4tex,0.0,0.0,0.0
SPMDabc,0.0,0.0,0.0
SPMDt3i,0.0,0.0,0.0
SPMS,0.0,0.0,0.0
SPODM,0.0,0.0,0.0
SPP,0.0,0.0,0.0
SSALx,0.0,0.0,0.0
SSALy,0.0,0.0,0.0
SSCOARy,-0.351718451135301,-0.35171845113529915,-1.8318679906315083e-15
STFRNAt,0.0,0.0,0.0
SUCBZL,0.0,0.0,0.0
SUCBZS,0.0,0.0,0.0
SUCBZT1,4.453701529337628e-05,4.453701529337644e-05,-1.6263032587282567e-19
SUCCt2_2pp,0.0,0.0,0.0
SUCD1,0.0,0.0,0.0
SUCD2,0.8330089511442246,0.8330089511442319,-7.327471962526033e-15
SUCD4,0.0,0.0,0.0
SUCD5_BS,0.0,0.0,0.0
SUCOAS,-0.12469406736316545,-0.1246940673631658,3.469446951953614e-16
SUCR,0.0,0.0,0.0
SUCRt2,0.0,0.0,0.0
SUCpts,0.0,0.0,0.0
SULFACabcpp,0.0,0.0,0.0
SULFACtex,0.0,0.0,0.0
SULR,0.0,0.0,0.0
SULabc,0.0,0.0,0.0
SULabcpp,0.0,0.0,0.0
St,0.0,0.0,0.0
TAGURr,0.0,0.0,0.0
TAGabc,0.0,0.0,0.0
TALA,4.857810234234068,4.857810234234053,1.509903313490213e-14
TARTDC,0.0,0.0,0.0
TARTRt7,0.0,0.0,0.0
TARTRt7pp,0.0,0.0,0.0
TARTRtpp,0.0,0.0,0.0
TAURabc,0.0,0.0,0.0
TAURabcpp,0.0,0.0,0.0
TAURtex,0.0,0.0,0.0
TDP,0.0,0.0,0.0
TECA1S45,0.00044537015293376266,0.00044537015293376423,-1.5720931501039814e-18
TECA2S45,0.0004453701529337626,0.00044537015293376423,-1.6263032587282567e-18
TECA3S45,0.0004453701529337626,0.00044537015293376423,-1.6263032587282567e-18
TGBPA,0.0,0.0,0.0
THDPS,0.004453701529337627,0.004453701529337642,-1.5612511283791264e-17
THIORDXi,4.67622663363553,4.676226633635525,4.440892098500626e-15
THMDt2,0.0,0.0,0.0
THMP,0.0,0.0,0.0
THMabc,9.931754410422905e-05,9.931754410422942e-05,-3.6591823321385775e-19
THPAT,0.0,0.0,0.0
THRA,0.09104523888363746,0.09104523888363769,-2.3592239273284576e-16
THRA2,0.0,0.0,0.0
THRD,0.1699532503595238,0.16995325035952444,-6.38378239159465e-16
THRD_L,0.0,0.0,0.0
THRS,0.0,0.0,0.0
THRS_2,0.0,0.0,0.0
THRabc,0.0,0.0,0.0
THRabcpp,0.0,0.0,0.0
THRt2pp,0.0,0.0,0.0
THRt2r,0.37398310723046874,0.37398310723047,-1.27675647831893e-15
THZPSN,0.0,0.0,0.0
THZPSN_1,0.0,0.0,0.0
TKT1,6.641017651102492,6.641017651102485,6.217248937900877e-15
TKT2,6.641017651102494,6.641017651102492,2.6645352591003757e-15
TMDK1,0.0,0.0,0.0
TMDPK_1,9.931754410422906e-05,9.931754410422943e-05,-3.6591823321385775e-19
TMDPP,0.0,0.0,0.0
TMDS,0.011653555421664833,0.011653555421664876,-4.336808689942018e-17
TMN,0.0,0.0,0.0
TMPPP,0.0,0.0,0.0
TNTHAC1,0.0,0.0,0.0
TNTHAC2,0.0,0.0,0.0
TNTR1,0.0,0.0,0.0
TNTR1x,0.0,0.0,0.0
TNTR2,0.0,0.0,0.0
TNTR2x,0.0,0.0,0.0
TNTR3,0.0,0.0,0.0
TNTR4,0.0,0.0,0.0
TNTep,0.0,0.0,0.0
TNTtex,0.0,0.0,0.0
TNTtpp,0.0,0.0,0.0
TPI,1.5003973697554849,1.5003973697554938,-8.881784197001252e-15
TRDR,4.723598875322483,4.723598875322477,6.217248937900877e-15
TRE6PH,0.0,0.0,0.0
TREpts,0.0,0.0,0.0
TRPAS1,0.0,0.0,0.0
TRPS1,0.0,0.0,0.0
TRPS2,0.0,0.0,0.0
TRPS3,0.0,0.0,0.0
TRPabc,0.0,0.0,0.0
TRPt2r,0.025316175603213868,0.02531617560321396,-9.367506770274758e-17
TRSARr,0.0,0.0,0.0
TSULP,0.0,0.0,0.0
TSULabc,0.0,0.0,0.0
TSULabcpp,0.0,0.0,0.0
TSULtex,0.0,0.0,0.0
TTDCAtexi,0.0,0.0,0.0
TTDCEAtexi,0.0,0.0,0.0
TYRTA,0.0,0.0,0.0
TYRabc,0.0,0.0,0.0
TYRt2r,0.06141476260895413,0.06141476260895435,-2.220446049250313e-16
UAAGDS,0.004453701529337626,0.004453701529337642,-1.6479873021779667e-17
UAG2E,0.001336110458801288,0.001336110458801293,-4.9873299934333204e-18
UAG2EMA,0.0,0.0,0.0
UAGCVT,0.004453701529337626,0.0044537015293376414,-1.5612511283791264e-17
UAGDP,0.06502404232832935,0.06502404232832959,-2.3592239273284576e-16
UAGPT2,0.0,0.0,0.0
UAGPT2_1,0.0,0.0,0.0
UAGPT3,0.0044537015293376276,0.004453701529337643,-1.5612511283791264e-17
UAMAGS,0.004453701529337627,0.004453701529337642,-1.5612511283791264e-17
UAMAS,0.004453701529337627,0.004453701529337642,-1.5612511283791264e-17
UAPGR,0.004453701529337627,0.004453701529337642,-1.5612511283791264e-17
UDCPDP,0.004453701529337627,0.004453701529337643,-1.6479873021779667e-17
UDCPDPex,0.0,0.0,0.0
UDPG4E,9.90869911864848,9.908699118648578,-9.769962616701378e-14
UGLYCH,0.0,0.0,0.0
UGMDDS,0.004453701529337626,0.004453701529337643,-1.734723475976807e-17
UGT_BS,0.008907403058675252,0.008907403058675285,-3.2959746043559335e-17
UM3PL,0.0,0.0,0.0
UMPK,0.08162298792817071,0.08162298792817096,-2.498001805406602e-16
UNK5,0.0,0.0,0.0
UPP3MT_2,0.0,0.0,0.0
UPP3S,0.0,0.0,0.0
UPPDC1,0.0,0.0,0.0
UPPRT,0.07583317594003179,0.07583317594003204,-2.498001805406602e-16
URATEt_1,0.0,0.0,0.0
URAt2,0.0,0.0,0.0
URCN,0.0,0.0,0.0
UREA,0.0,0.0,0.0
UREASE,0.0,0.0,0.0
UREA_1,0.0,0.0,0.0
URIC,0.0,0.0,0.0
URIDK2r,-0.011653555421664833,-0.011653555421664876,4.336808689942018e-17
URIH,0.0,0.0,0.0
URIK1,0.0,0.0,0.0
URIK2,0.0,0.0,0.0
URIK3,0.0,0.0,0.0
URIt2,0.0,0.0,0.0
URIt2pp,0.0,0.0,0.0
VALDHr,-9.297064519611144,-9.297064519611144,0.0
VALTA,0.0,0.0,0.0
VALabc,0.0,0.0,0.0
VALabcpp,0.0,0.0,0.0
VALt2r,0.1884637246557584,0.1884637246557584,0.0
VALt2rpp,0.0,0.0,0.0
VALt3pp,0.0,0.0,0.0
VALtex,0.0,0.0,0.0
VECOAH,0.0,0.0,0.0
VNDH_2,0.0,0.0,0.0
VPAMTr,-9.297064519611144,-9.297064519611146,1.7763568394002505e-15
XANt2,0.0,0.0,0.0
XPPT,0.0,0.0,0.0
XTSNH,0.0,0.0,0.0
XYLI1,0.0,0.0,0.0
XYLI2,0.0,0.0,0.0
XYLK,0.0,0.0,0.0
XYLabc,0.0,0.0,0.0
XYLabcpp,0.0,0.0,0.0
XYLt2,0.0,0.0,0.0
XYLtex,0.0,0.0,0.0
YUMPS,0.0,0.0,0.0
ZN2abcpp,0.0,0.0,0.0
ZN2t3pp,0.0,0.0,0.0
ZN2t4,0.0,0.0,0.0
ZN2t4pp,0.0,0.0,0.0
ZN2t5,0.0,0.0,0.0
ZN2t6,0.0,0.0,0.0
ZNabc,0.0,0.0,0.0
ZNabcpp,0.0,0.0,0.0
Zn2tex,0.0,0.0,0.0
r0963,0.00029795263231268814,0.00029795263231268933,-1.1926223897340549e-18
r2136,0.0,0.0,0.0
r2465_1,-0.00015187122215041304,-0.0001518712221504136,5.692061405548898e-19
sink_hemeO_c,0.0,0.0,0.0
sink_lipopb_c,0.0,0.0,0.0
sink_sheme_c,0.0,0.0,0.0
EX_23camp_e,-0.09098778613390986,-0.09098778613389533,-1.4530043834781736e-14
EX_23ccmp_e,0.0,0.0,0.0
EX_23cgmp_e,-9.482488789694019,-9.482488789694061,4.263256414560601e-14
EX_23cump_e,0.0,0.0,0.0
EX_23dhbzs3_e,0.0,0.0,0.0
EX_2ameph_e,0.0,0.0,0.0
EX_2ddglcn_e,0.0,0.0,0.0
EX_2hxmp_e,0.0,0.0,0.0
EX_2m35mdntha_e,0.0,0.0,0.0
EX_2pglyc_e,0.0,0.0,0.0
EX_35dnta_e,0.0,0.0,0.0
EX_3amp_e,0.0,0.0,0.0
EX_3cmp_e,0.0,0.0,0.0
EX_3gmp_e,9.374658885856766,9.374658885856812,-4.618527782440651e-14
EX_3mb_e,-0.2224816082122112,-0.2224816082122089,-2.3037127760972e-15
EX_3ump_e,0.0,0.0,0.0
EX_4abut_e,-0.3517184511353009,-0.3517184511352991,-1.8318679906315083e-15
EX_4ahmmp_e,0.0,0.0,0.0
EX_4hba_e,0.0,0.0,0.0
EX_4hpro_DC_e,0.0,0.0,0.0
EX_4hpro_LT_e,0.0,0.0,0.0
EX_LalaLglu_e,0.0,0.0,0.0
EX_abg4_e,0.0,0.0,0.0
EX_abt__L_e,0.0,0.0,0.0
EX_ac_e,0.0,0.0,0.0
EX_acac_e,0.0,0.0,0.0
EX_acald_e,0.16687841482366925,0.16687841482366972,-4.718447854656915e-16
EX_acgam_e,0.0,0.0,0.0
EX_acmana_e,0.0,0.0,0.0
EX_acon_C_e,0.0,0.0,0.0
EX_actn__R_e,0.0,0.0,0.0
EX_ad_e,0.0,0.0,0.0
EX_agm_e,0.0,0.0,0.0
EX_ala_B_e,0.0,0.0,0.0
EX_ala_L_asp__L_e,0.0,0.0,0.0
EX_ala_L_glu__L_e,0.0,0.0,0.0
EX_ala_L_thr__L_e,0.0,0.0,0.0
EX_ala__D_e,0.0,0.0,0.0
EX_ala__L_e,9.880717913955415,9.88071791395542,-5.329070518200751e-15
EX_ala_gln_e,0.0,0.0,0.0
EX_ala_his_e,0.0,0.0,0.0
EX_ala_leu_e,0.0,0.0,0.0
EX_alaala_e,0.0,0.0,0.0
EX_alagly_e,0.0,0.0,0.0
EX_alahis_e,0.0,0.0,0.0
EX_alaleu_e,0.0,0.0,0.0
EX_alathr_e,0.0,0.0,0.0
EX_alatrp_e,0.0,0.0,0.0
EX_arab__L_e,0.0,0.0,0.0
EX_arbt_e,0.0,0.0,0.0
EX_arg__L_e,-0.1317369282765835,-0.13173692827658398,4.718447854656915e-16
EX_asn__L_e,-0.10735870221544815,-0.10735870221544855,4.0245584642661925e-16
EX_asp__L_e,0.0,0.0,0.0
EX_balaala_e,0.0,0.0,0.0
EX_balabala_e,0.0,0.0,0.0
EX_balagly_e,0.0,0.0,0.0
EX_balaleu_e,0.0,0.0,0.0
EX_balamd_e,0.0,0.0,0.0
EX_bhb_e,0.0,0.0,0.0
EX_btn_e,0.0,0.0,0.0
EX_but_e,0.0,0.0,0.0
EX_butso3_e,0.0,0.0,0.0
EX_bz_e,-4.453701529337628e-05,-4.4537015293376446e-05,1.6940658945086007e-19
EX_ca2_e,-0.0023181516460202343,-0.0023181516460202434,9.107298248878237e-18
EX_carn_e,0.0,0.0,0.0
EX_cellb_e,0.0,0.0,0.0
EX_cgly_e,0.0,0.0,0.0
EX_chol_e,0.0,0.0,0.0
EX_cit_e,-10.0,-10.0,0.0
EX_cl_e,-0.0023181516460202348,-0.0023181516460202434,8.673617379884035e-18
EX_cmcbtt_e,0.0,0.0,0.0
EX_co2_e,0.0,0.0,0.0
EX_co_e,0.0,0.0,0.0
EX_cobalt2_e,-4.453701529337627e-05,-4.4537015293376426e-05,1.5585406229479126e-19
EX_cpgn_e,0.0,0.0,0.0
EX_cpgn_un_e,0.0,0.0,0.0
EX_cu2_e,-0.0003157674384300377,-0.00031576743843003897,1.2468324983583301e-18
EX_cys__L_e,0.0,0.0,0.0
EX_cytd_e,-0.07149304379969221,-0.07149304379969244,2.3592239273284576e-16
EX_d23hb_e,0.0,0.0,0.0
EX_dca_e,0.0,0.0,0.0
EX_dcyt_e,-0.07583317594003179,-0.07583317594003204,2.498001805406602e-16
EX_ddca_e,0.0,0.0,0.0
EX_drib_e,0.0,0.0,0.0
EX_enter_e,0.0,0.0,0.0
EX_ethso3_e,0.0,0.0,0.0
EX_etoh_e,0.0,0.0,0.0
EX_fald_e,9.999999999999998,9.999999999999998,0.0
EX_fcmcbtt_e,0.0,0.0,0.0
EX_fe2_e,0.0,0.0,0.0
EX_fe3_e,2.9118460063938865,2.9118460063939344,-4.796163466380676e-14
EX_fe3dcit_e,4.99884092417699,4.9988409241769896,8.881784197001252e-16
EX_fe3dhbzs3_e,0.0,0.0,0.0
EX_fe3mcbtt_e,0.0,0.0,0.0
EX_fe3pyovd_kt_e,-7.914164380724983,-7.914164380725031,4.796163466380676e-14
EX_feenter_e,0.0,0.0,0.0
EX_feoxam_e,0.0,0.0,0.0
EX_feoxam_un_e,0.0,0.0,0.0
EX_fol_e,-0.00029795263231268814,-0.00029795263231268933,1.1926223897340549e-18
EX_for_e,0.0,0.0,0.0
EX_fru_e,0.0,0.0,0.0
EX_fum_e,0.0,0.0,0.0
EX_gal_bD_e,0.0,0.0,0.0
EX_gal_e,9.908699118648434,9.908699118648576,-1.4210854715202004e-13
EX_galt_e,0.0,0.0,0.0
EX_galur_e,0.0,0.0,0.0
EX_gam_e,-0.06502404232832935,-0.0650240423283296,2.498001805406602e-16
EX_glc__D_e,0.0,0.0,0.0
EX_glc__aD_e,0.0,0.0,0.0
EX_glcn__D_e,0.0,0.0,0.0
EX_glcn_e,0.0,0.0,0.0
EX_glcr_e,0.0,0.0,0.0
EX_glcur_e,0.0,0.0,0.0
EX_gln__L_e,0.0,0.0,0.0
EX_glu__L_e,-0.23654276877541291,-0.23654276877541583,2.914335439641036e-15
EX_gly_asn__L_e,0.0,0.0,0.0
EX_gly_asp__L_e,0.0,0.0,0.0
EX_gly_cys_e,0.0,0.0,0.0
EX_gly_e,0.0,0.0,0.0
EX_gly_gln_e,0.0,0.0,0.0
EX_gly_glu__L_e,0.0,0.0,0.0
EX_gly_leu_e,0.0,0.0,0.0
EX_gly_met_e,0.0,0.0,0.0
EX_gly_phe_e,0.0,0.0,0.0
EX_gly_pro__L_e,0.0,0.0,0.0
EX_gly_tyr_e,0.0,0.0,0.0
EX_glyald_e,10.0,10.0,0.0
EX_glyb_e,0.0,0.0,0.0
EX_glyc_e,-10.0,-10.0,0.0
EX_glygln_e,0.0,0.0,0.0
EX_glyglu_e,0.0,0.0,0.0
EX_glygly_e,0.0,0.0,0.0
EX_glyglygln_e,0.0,0.0,0.0
EX_glymet_e,0.0,0.0,0.0
EX_glyphe_e,0.0,0.0,0.0
EX_glyser_e,0.0,0.0,0.0
EX_gthox_e,4.573476575827927,4.573476575827956,-2.930988785010413e-14
EX_gthrd_e,-9.146953151655856,-9.146953151655914,5.861977570020827e-14
EX_gua_e,0.0,0.0,0.0
EX_h2_e,0.0,0.0,0.0
EX_h2o2_e,-4.573476575827927,-4.573476575827956,2.930988785010413e-14
EX_h2o_e,-10.0,-10.0,0.0
EX_h2s_e,-0.07529450074005836,-0.07529450074005867,3.0531133177191805e-16
EX_h_e,-10.0,-10.0,0.0
EX_hexs_e,0.0,0.0,0.0
EX_his__L_e,-0.0421934775486388,-0.04219347754863896,1.5959455978986625e-16
EX_hisgly_e,0.0,0.0,0.0
EX_hishis_e,0.0,0.0,0.0
EX_hqn_e,0.0,0.0,0.0
EX_hxa_e,0.0,0.0,0.0
EX_hxan_e,0.0,0.0,0.0
EX_icit_e,0.0,0.0,0.0
EX_id3acald_e,0.0,0.0,0.0
EX_ile__L_e,-0.1384784962815419,-0.13847849628154238,4.718447854656915e-16
EX_ind3ac_e,0.0,0.0,0.0
EX_inost_e,0.0,0.0,0.0
EX_isetac_e,0.0,0.0,0.0
EX_istfrnA_e,-0.002990660576950217,-0.002990660576950227,1.0408340855860843e-17
EX_istfrnB_e,0.0,0.0,0.0
EX_k_e,-0.08693313626159992,-0.08693313626160024,3.191891195797325e-16
EX_leu__L_e,0.017018550189125493,0.017018550189122444,3.049643870767227e-15
EX_leuleu_e,0.0,0.0,0.0
EX_lipoate_e,0.0,0.0,0.0
EX_lys__L_e,-0.1528336670509029,-0.15283366705090348,5.828670879282072e-16
EX_lysglugly_e,0.0,0.0,0.0
EX_madg_e,0.0,0.0,0.0
EX_mal__D_e,0.0,0.0,0.0
EX_mal__L_e,0.0,0.0,0.0
EX_malt_e,-4.250586057331668,-4.2505860573317245,5.684341886080802e-14
EX_malttr_e,0.0,0.0,0.0
EX_maltttr_e,0.0,0.0,0.0
EX_man_e,0.0,0.0,0.0
EX_manglyc_e,0.0,0.0,0.0
EX_mbdg_e,0.0,0.0,0.0
EX_mcbtt_e,0.0,0.0,0.0
EX_melib_e,0.0,0.0,0.0
EX_meoh_e,0.0,0.0,0.0
EX_met_L_ala__L_e,0.0,0.0,0.0
EX_met__D_e,0.0,0.0,0.0
EX_met__L_e,0.0,0.0,0.0
EX_metox__R_e,0.0,0.0,0.0
EX_metox_e,0.0,0.0,0.0
EX_metsox_R__L_e,0.0,0.0,0.0
EX_metsox_S__L_e,0.0,0.0,0.0
EX_mg2_e,-0.0038635860767003895,-0.003863586076700404,1.431146867680866e-17
EX_mmet_e,-0.03429550594158792,-0.034295505941588034,1.1102230246251565e-16
EX_mn2_e,-0.00030775077567723,-0.00030775077567723113,1.1384122811097797e-18
EX_mnl_e,0.0,0.0,0.0
EX_mobd_e,0.0,0.0,0.0
EX_mso3_e,0.0,0.0,0.0
EX_mththf_e,0.0,0.0,0.0
EX_nac_e,9.998985446791618,9.998985446791615,3.552713678800501e-15
EX_nh4_e,-0.2485339806782114,-0.24853398067822183,1.0436096431476471e-14
EX_nmn_e,-10.0,-10.0,0.0
EX_no2_e,0.0,0.0,0.0
EX_no3_e,0.0,0.0,0.0
EX_o2_e,-5.509213316272107,-5.50921331627211,2.6645352591003757e-15
EX_octa_e,0.0,0.0,0.0
EX_oxa_e,0.0,0.0,0.0
EX_pacald_e,0.0,0.0,0.0
EX_phe__L_e,-0.08251150138327354,-0.08251150138327383,2.914335439641036e-16
EX_pheme_e,0.0,0.0,0.0
EX_pi_e,9.573476575827929,9.573476575827957,-2.842170943040401e-14
EX_pnto__R_e,-0.0002565332080898386,-0.0002565332080898646,2.6020852139652106e-17
EX_ppa_e,0.0,0.0,0.0
EX_pro__L_e,-0.09845129915677289,-0.09845129915677325,3.608224830031759e-16
EX_progly_e,0.0,0.0,0.0
EX_prohisglu_e,0.0,0.0,0.0
EX_ptrc_e,0.0,0.0,0.0
EX_pyovd_kt_e,7.914164380724983,7.914164380725031,-4.796163466380676e-14
EX_pyr_e,0.0,0.0,0.0
EX_rib__D_e,0.0,0.0,0.0
EX_ribflv_e,-0.00019863508820845815,-0.0001986350882084589,7.318364664277155e-19
EX_s_e,0.0,0.0,0.0
EX_salchs2_e,0.0,0.0,0.0
EX_salchs2fe_e,0.0,0.0,0.0
EX_salchs4_e,0.0,0.0,0.0
EX_salchs4fe_e,0.0,0.0,0.0
EX_salcn_e,0.0,0.0,0.0
EX_ser__D_e,0.0,0.0,0.0
EX_ser__L_e,-0.14900303836551965,-0.1490030383655202,5.551115123125783e-16
EX_serglugly_e,0.0,0.0,0.0
EX_so3_e,0.0,0.0,0.0
EX_so4_e,-0.0019320157234266621,-0.001932015723426669,6.938893903907228e-18
EX_spmd_e,0.0,0.0,0.0
EX_stfrnA_e,0.0029906605769502164,0.0029906605769502268,-1.0408340855860843e-17
EX_stfrnB_e,0.0,0.0,0.0
EX_succ_e,0.0,0.0,0.0
EX_sucr_e,0.0,0.0,0.0
EX_sulfac_e,0.0,0.0,0.0
EX_tagur_e,0.0,0.0,0.0
EX_tartr__L_e,0.0,0.0,0.0
EX_taur_e,0.0,0.0,0.0
EX_thm_e,-9.931754410422906e-05,-9.931754410422942e-05,3.5236570605778894e-19
EX_thr__L_e,-0.37398310723046874,-0.37398310723047007,1.3322676295501878e-15
EX_thymd_e,0.0,0.0,0.0
EX_tnt_e,0.0,0.0,0.0
EX_tre_e,0.0,0.0,0.0
EX_trp__L_e,-0.02531617560321387,-0.025316175603213965,9.367506770274758e-17
EX_tsul_e,0.0,0.0,0.0
EX_ttdca_e,0.0,0.0,0.0
EX_ttdcea_e,0.0,0.0,0.0
EX_tyr__L_e,-0.06141476260895414,-0.06141476260895436,2.1510571102112408e-16
EX_udcpdp_e,0.0,0.0,0.0
EX_udcpp_e,0.0,0.0,0.0
EX_ura_e,0.0,0.0,0.0
EX_urate_e,0.0,0.0,0.0
EX_uri_e,0.0,0.0,0.0
EX_val__L_e,-0.18846372465575842,-0.18846372465575842,0.0
EX_xan_e,0.0,0.0,0.0
EX_xyl__D_e,0.0,0.0,0.0
EX_zn2_e,-0.00015187122215041304,-0.0001518712221504136,5.692061405548898e-19
Growth,0.4453701529337626,0.44537015293376425,-1.6653345369377348e-15
ATPM,8.39,8.39,0.0
AACOAR_syn,0.0,0.0,0.0
PHBS_syn_1,0.0,0.0,0.0
SK_phb_c,0.0,0.0,0.0
