,minimum,maximum
PHBS_syn_1,10.000000000000002,10.0
3OXCOAT,0.0,10.0
AACLAM,0.0,25.776666666666607
AACOAR_syn,10.000000000000002,10.0
ACACT1r,-10.0,15.790925925925876
ACACT2r,-8.944166666666684,0.0016498102086958887
ACACT3r,-8.944166666666655,0.0016498861147664992
APATi,0.0,9.999999999999998
BSCT,-2.7267493155829407e-05,4.1799999999999935
CS,0.0,16.965999999999994
DHNCOAT,0.0,2.7178304966582745e-05
DHPACCOAHIT,0.0,10.000000000000002
DPCOAK,0.0,8.592222222222233
FACOAE120,0.0,5.504102564102563
FACOAE140,0.0,12.88833333333337
FACOAE160,0.0,12.888333333333332
FACOAE161,0.0,12.888333333333323
FACOAE180,0.0,5.155333333333332
FACOAL100t2pp,0.0,8.895040160642568
FACOAL120t2pp,0.0,8.139900941059926
FACOAL140,0.0,12.888333333333259
FACOAL140_ISO,0.0,0.00013001456838431858
FACOAL140t2pp,0.0,7.148460323726808
FACOAL141t2pp,0.0,7.232219730698807
FACOAL150_ISO,0.0,0.0026020226426718206
FACOAL150_anteiso,0.0,0.004423438492542069
FACOAL160,0.0,12.888333333333257
FACOAL160_ISO,0.0,0.0006505056606679522
FACOAL160t2pp,0.0,6.44416666666665
FACOAL161,0.0,12.888333333333286
FACOAL161t2pp,0.0,5.155333333333311
FACOAL170_ISO,0.0,0.0009107079249351338
FACOAL170_anteiso,0.0,0.002211719246271044
FACOAL180_2,0.0,0.00039030339640077255
FACOAL180t2pp,0.0,5.155333333333329
FACOAL181,0.0,1.7556767676767748
FACOAL181t2pp,0.0,1.480511073253828
FACOAL60t2pp,0.0,8.793333333333365
FACOAL80t2pp,0.0,8.944166666666625
FAS140,0.0,5.504102564102573
G1PACT,0.0,8.592222222222219
G3POA_BS,0.0,0.006505056606679539
GLYAT,-10.0,10.0
Growth,0.0,0.3252528303339764
HIBHr,0.0,9.925968364197528
HSERTA,0.0,7.732999999999977
IPPS,0.0,8.592222222222256
KAS1,0.0,0.00013001503800167926
KAS11,0.0,0.0009107079249351382
KAS12,0.0,0.002211719246271045
KAS13,0.0,0.00039030339640077255
KAS17,0.0,1.7556767676767622
KAS2,0.0,2.1564764267989958
KAS3,0.0,0.0026020226426718106
KAS4,0.0,0.0044234384925420905
KAS6,0.0,0.0006505056606679547
KAS7,0.0,1.9355456570155725
KAS8,0.0,1.9355456570155742
MACCOAT,0.0,11.120909090909084
MALS,0.0,9.644000000000004
MCITS,0.0,16.95083333333332
MMSAD1,0.0,9.92596836419753
MMSAD2,0.0,15.136060606060594
MMSAD3,0.0,10.000000000000005
MMSDHir,0.0,9.925968364197525
NPHS,0.0,3.242397499216551e-05
OBDHc,0.0,9.373333333333354
OIVD1r,-10.0,8.271296296296288
OIVD2,0.0,6.022758620689656
OIVD3,0.0,11.120909090909084
OXDHCOAT,0.0,10.000000000000002
PACCOAL,0.0,10.000000000000002
PBUTT,-10.0,10.000000000000002
PDH,0.0,16.44416666666661
PDHbr,0.0,16.44416666666668
POR_syn,0.0,15.518101339285712
PTA2,0.0,25.776666666666653
PTAr,-10.0,10.0
PTRCAT1,0.0,6.412380952380942
SERAT,0.0,15.755873015873014
SSCOARy,-10.0,18.63380952380945
SUCBZL,0.0,4.179999999999994
SUCOAS,-10.0,26.610000000000007
THDPS,0.0,9.999999999999973
THPAT,0.0,0.0
ACACT4r,-8.895040160642552,0.001649975830946419
ACACT5r,-2.542465616738374e-15,8.895040160642598
ACACT5r_1,-8.895040160642568,0.001649975830946414
ACACT6r_1,-7.382142920629279,0.001650155292580544
ACACT7r,-1.9355456570155916,0.0013010113213359027
ACACT8r,0.0,1.7556767676767717
ACGS,0.0,9.316904761906276
ACPS,0.0,8.592222222222238
ACPS1,0.0,8.592222222222233
ACPS1_1,0.0,8.592222222222231
ACS,0.0,25.77666666666669
ACS2,0.0,25.77666666666669
ACS_1,0.0,0.0
ACTD2,0.0,16.444166666666664
AGPATr_BS,0.0,0.0065050566066794805
AKGDH,0.0,10.038196721311492
MTHFC_1,0.0,4.6601869158878655
NADH4,0.0,40.00003452039567
NADH10,0.0,43.044671052631585
NADDPp_1,-10.0,12.888333333333458
NADDP,0.0,12.888333333333327
NABTNO,0.0,6.412380952380943
MYCTR,0.0,0.0
MTRK,0.0,3.1559493670885876
MTHTHFSs,0.0,9.999999999999998
MTHFR3,0.0,2.0621333333333283
MTHFD2i,0.0,4.6601869158878495
MTHFD,-10.0,4.660186915887854
NADH5,0.0,40.00001170742455
MTHFC,0.0,4.660186915887872
MTAN,0.0,3.155949367088603
MTAM_1,0.0,0.0
MSULR,-1.9828205128205032,0.0
MSO3abcpp,0.0,1.9828205128205039
MSO3abc,0.0,1.9828205128205045
MPTG2,0.0,0.6901410934744255
MPTG,0.0,1.0352116402116367
MOHMT,0.0,0.0001873432085574184
MOBDabcpp,0.0,9.316904761904746
NADN,0.0,13.944166666666659
NAt3_2,0.0,63.088016601135855
NAt3_1,0.0,94.63202490170373
NAabcO,0.0,18.633809523809536
NAabc,0.0,18.633809523809482
NAPRT,-9.999999999999996,0.9627777777777715
NADTRHD,0.0,41.0753846153846
NADS2,0.0,5.15533333333332
NADS1,0.0,6.444166666666657
NADPHQR3,0.0,43.044671052631664
NADPHQR2,0.0,40.00001168866807
MOBDabc_rev,0.0,9.316904761904755
NADKd,0.0,0.00014529180496687772
NADK_1,0.0,0.0
NADK5,0.0,0.00014523244137576517
NADK4,0.0,10.000043469747576
NADK3,0.0,10.000043469747572
NADK2,0.0,10.000043469747572
NADK1,0.0,10.000043469747572
NADK,0.0,10.000043469747572
NADHPO,0.0,20.000011795896683
NADH9,0.0,24.376708333333312
METSR_S1,0.0,0.0
MGt5,-0.002821568303147272,0.0
MGSA,0.0,16.40666666666664
MGCH,0.0,10.31066666666666
