glucose,oxygen,growth_rate_1_h,PHB_flux
0.0,0.0,0.3534231770433041,2.5919937397207224
1.4285714285714286,0.0,0.35342317704330467,2.5919937397206803
2.857142857142857,0.0,0.3534231770433041,2.5919937397207384
4.285714285714286,0.0,0.35342317704330484,2.5919937397206874
5.714285714285714,0.0,0.35342317704330484,2.59199373972073
7.142857142857143,0.0,0.3534231770433051,2.5919937397206727
8.571428571428571,0.0,0.35342317704330484,2.59199373972073
10.0,0.0,0.3534231770433051,2.5919937397206727
11.428571428571429,0.0,0.35342317704330484,2.59199373972073
12.857142857142858,0.0,0.3534231770433051,2.5919937397206727
14.285714285714286,0.0,0.35342317704330484,2.59199373972073
15.714285714285715,0.0,0.3534231770433051,2.5919937397206727
17.142857142857142,0.0,0.35342317704330484,2.59199373972073
18.571428571428573,0.0,0.3534231770433051,2.5919937397206727
20.0,0.0,0.35342317704330484,2.59199373972073
0.0,1.7857142857142858,0.36503237547978157,2.7522170834251036
1.4285714285714286,1.7857142857142858,0.36503237547978157,2.752217083425212
2.857142857142857,1.7857142857142858,0.36503237547978157,2.7522170834252684
4.285714285714286,1.7857142857142858,0.3650323754797814,2.7522170834252484
5.714285714285714,1.7857142857142858,0.36503237547978157,2.7522170834252657
7.142857142857143,1.7857142857142858,0.3650323754797818,2.752217083425235
8.571428571428571,1.7857142857142858,0.36503237547978096,2.7522170834253297
10.0,1.7857142857142858,0.3650323754797809,2.752217083425299
11.428571428571429,1.7857142857142858,0.3650323754797813,2.7522170834253172
12.857142857142858,1.7857142857142858,0.365032375479782,2.752217083425201
14.285714285714286,1.7857142857142858,0.36503237547978085,2.7522170834253235
15.714285714285715,1.7857142857142858,0.3650323754797809,2.7522170834253066
17.142857142857142,1.7857142857142858,0.3650323754797819,2.7522170834252666
18.571428571428573,1.7857142857142858,0.365032375479782,2.7522170834252
20.0,1.7857142857142858,0.36503237547978085,2.752217083425329
0.0,3.5714285714285716,0.3721667012325888,2.709754954240463
1.4285714285714286,3.5714285714285716,0.37216670123258844,2.7097549542405113
2.857142857142857,3.5714285714285716,0.37216670123258827,2.709754954240525
4.285714285714286,3.5714285714285716,0.3721667012325889,2.7097549542404886
5.714285714285714,3.5714285714285716,0.3721667012325886,2.7097549542405193
7.142857142857143,3.5714285714285716,0.37216670123258927,2.7097549542404726
8.571428571428571,3.5714285714285716,0.37216670123258894,2.7097549542404855
10.0,3.5714285714285716,0.3721667012325893,2.7097549542404478
11.428571428571429,3.5714285714285716,0.37216670123258877,2.709754954240502
12.857142857142858,3.5714285714285716,0.37216670123258894,2.7097549542404837
14.285714285714286,3.5714285714285716,0.372166701232589,2.7097549542404757
15.714285714285715,3.5714285714285716,0.37216670123258916,2.7097549542404797
17.142857142857142,3.5714285714285716,0.37216670123258877,2.709754954240502
18.571428571428573,3.5714285714285716,0.37216670123258894,2.7097549542404837
20.0,3.5714285714285716,0.372166701232589,2.7097549542404757
0.0,5.357142857142858,0.37216670123258905,2.9844802289657495
1.4285714285714286,5.357142857142858,0.37216670123258916,2.9844802289657326
2.857142857142857,5.357142857142858,0.3721667012325893,2.984480228965786
4.285714285714286,5.357142857142858,0.3721667012325894,2.984480228965912
5.714285714285714,5.357142857142858,0.3721667012325894,2.9844802289657095
7.142857142857143,5.357142857142858,0.372166701232589,2.9844802289659214
8.571428571428571,5.357142857142858,0.3721667012325894,2.9844802289657095
10.0,5.357142857142858,0.372166701232589,2.9844802289659214
11.428571428571429,5.357142857142858,0.3721667012325894,2.9844802289657095
12.857142857142858,5.357142857142858,0.372166701232589,2.9844802289659214
14.285714285714286,5.357142857142858,0.3721667012325894,2.9844802289657095
15.714285714285715,5.357142857142858,0.372166701232589,2.9844802289659214
17.142857142857142,5.357142857142858,0.3721667012325894,2.9844802289657095
18.571428571428573,5.357142857142858,0.372166701232589,2.9844802289659214
20.0,5.357142857142858,0.3721667012325894,2.9844802289657095
0.0,7.142857142857143,0.372166701232589,3.2592055036909975
1.4285714285714286,7.142857142857143,0.37216670123258894,3.259205503691045
2.857142857142857,7.142857142857143,0.3721667012325888,3.259205503691009
4.285714285714286,7.142857142857143,0.3721667012325887,3.259205503691076
5.714285714285714,7.142857142857143,0.37216670123258866,3.2592055036910637
7.142857142857143,7.142857142857143,0.37216670123258905,3.2592055036910534
8.571428571428571,7.142857142857143,0.37216670123258866,3.2592055036910637
10.0,7.142857142857143,0.37216670123258905,3.2592055036910534
11.428571428571429,7.142857142857143,0.37216670123258866,3.2592055036910637
12.857142857142858,7.142857142857143,0.37216670123258905,3.2592055036910534
14.285714285714286,7.142857142857143,0.37216670123258866,3.2592055036910637
15.714285714285715,7.142857142857143,0.37216670123258905,3.2592055036910534
17.142857142857142,7.142857142857143,0.37216670123258866,3.2592055036910637
18.571428571428573,7.142857142857143,0.37216670123258905,3.2592055036910534
20.0,7.142857142857143,0.37216670123258866,3.2592055036910637
0.0,8.928571428571429,0.3721667012325889,3.313838618576993
1.4285714285714286,8.928571428571429,0.3721667012325892,3.3138386185769906
2.857142857142857,8.928571428571429,0.37216670123259,3.3138386185769138
4.285714285714286,8.928571428571429,0.372166701232589,3.313838618577023
5.714285714285714,8.928571428571429,0.37216670123258927,3.313838618577029
7.142857142857143,8.928571428571429,0.37216670123258894,3.3138386185770297
8.571428571428571,8.928571428571429,0.3721667012325897,3.3138386185769706
10.0,8.928571428571429,0.3721667012325897,3.313838618576928
11.428571428571429,8.928571428571429,0.3721667012325891,3.3138386185770172
12.857142857142858,8.928571428571429,0.3721667012325895,3.313838618576987
14.285714285714286,8.928571428571429,0.3721667012325893,3.3138386185769906
15.714285714285715,8.928571428571429,0.3721667012325897,3.313838618576928
17.142857142857142,8.928571428571429,0.3721667012325891,3.3138386185770172
18.571428571428573,8.928571428571429,0.3721667012325895,3.313838618576987
20.0,8.928571428571429,0.3721667012325893,3.3138386185769906
0.0,10.714285714285715,0.3721667012325895,3.313838618576975
1.4285714285714286,10.714285714285715,0.37216670123258916,3.313838618576953
2.857142857142857,10.714285714285715,0.37216670123258916,3.313838618576956
4.285714285714286,10.714285714285715,0.3721667012325895,3.313838618576956
5.714285714285714,10.714285714285715,0.3721667012325892,3.3138386185769497
7.142857142857143,10.714285714285715,0.37216670123258894,3.3138386185769684
8.571428571428571,10.714285714285715,0.37216670123258944,3.3138386185769404
10.0,10.714285714285715,0.3721667012325893,3.3138386185769315
11.428571428571429,10.714285714285715,0.37216670123258955,3.3138386185770004
12.857142857142858,10.714285714285715,0.372166701232589,3.313838618576971
14.285714285714286,10.714285714285715,0.3721667012325897,3.313838618576909
15.714285714285715,10.714285714285715,0.3721667012325897,3.313838618576906
17.142857142857142,10.714285714285715,0.3721667012325897,3.313838618576909
18.571428571428573,10.714285714285715,0.3721667012325897,3.313838618576906
20.0,10.714285714285715,0.3721667012325897,3.313838618576909
0.0,12.5,0.3721667012325895,3.313838618576969
1.4285714285714286,12.5,0.3721667012325894,3.3138386185770266
2.857142857142857,12.5,0.3721667012325893,3.3138386185769457
4.285714285714286,12.5,0.3721667012325893,3.3138386185769475
5.714285714285714,12.5,0.37216670123258955,3.313838618576941
7.142857142857143,12.5,0.37216670123259005,3.3138386185769364
8.571428571428571,12.5,0.37216670123258955,3.3138386185769977
10.0,12.5,0.3721667012325891,3.3138386185769497
11.428571428571429,12.5,0.3721667012325893,3.3138386185768858
12.857142857142858,12.5,0.3721667012325892,3.3138386185768947
14.285714285714286,12.5,0.3721667012325889,3.3138386185770212
15.714285714285715,12.5,0.3721667012325894,3.313838618576979
17.142857142857142,12.5,0.37216670123258966,3.3138386185770328
18.571428571428573,12.5,0.3721667012325894,3.3138386185768947
20.0,12.5,0.3721667012325892,3.3138386185769777
0.0,14.285714285714286,0.3721667012325893,3.313838618576985
1.4285714285714286,14.285714285714286,0.3721667012325891,3.3138386185769373
2.857142857142857,14.285714285714286,0.37216670123258927,3.3138386185769924
4.285714285714286,14.285714285714286,0.3721667012325885,3.3138386185770736
5.714285714285714,14.285714285714286,0.37216670123258905,3.313838618577011
7.142857142857143,14.285714285714286,0.3721667012325891,3.313838618576978
8.571428571428571,14.285714285714286,0.3721667012325903,3.3138386185768884
10.0,14.285714285714286,0.3721667012325887,3.3138386185770723
11.428571428571429,14.285714285714286,0.3721667012325888,3.3138386185769773
12.857142857142858,14.285714285714286,0.3721667012325891,3.3138386185769693
14.285714285714286,14.285714285714286,0.3721667012325889,3.3138386185769284
15.714285714285715,14.285714285714286,0.372166701232589,3.313838618578885
17.142857142857142,14.285714285714286,0.3721667012325893,3.3138386185769324
18.571428571428573,14.285714285714286,0.37216670123258916,3.3138386185769626
20.0,14.285714285714286,0.37216670123258927,3.3138386185770274
0.0,16.071428571428573,0.37216670123258916,3.313838618576966
1.4285714285714286,16.071428571428573,0.37216670123258927,3.313838618576968
2.857142857142857,16.071428571428573,0.3721667012325892,3.31383861857696
4.285714285714286,16.071428571428573,0.37216670123258955,3.3138386185770314
5.714285714285714,16.071428571428573,0.37216670123258916,3.3138386185769613
7.142857142857143,16.071428571428573,0.3721667012325891,3.3138386185769693
8.571428571428571,16.071428571428573,0.37216670123258905,3.3138386185770314
10.0,16.071428571428573,0.3721667012325894,3.313838618576963
11.428571428571429,16.071428571428573,0.3721667012325896,3.313838618576915
12.857142857142858,16.071428571428573,0.37216670123258955,3.313838618576949
14.285714285714286,16.071428571428573,0.3721667012325892,3.3138386185769173
15.714285714285715,16.071428571428573,0.37216670123258916,3.3138386185769733
17.142857142857142,16.071428571428573,0.37216670123258955,3.3138386185769284
18.571428571428573,16.071428571428573,0.3721667012325894,3.313838618577029
20.0,16.071428571428573,0.3721667012325895,3.313838618576914
0.0,17.857142857142858,0.37216670123258916,3.3138386185770057
1.4285714285714286,17.857142857142858,0.3721667012325884,3.313838618577032
2.857142857142857,17.857142857142858,0.37216670123258944,3.3138386185769835
4.285714285714286,17.857142857142858,0.3721667012325894,3.31383861857693
5.714285714285714,17.857142857142858,0.3721667012325891,3.3138386185770816
7.142857142857143,17.857142857142858,0.3721667012325896,3.313838618576922
8.571428571428571,17.857142857142858,0.3721667012325896,3.313838618576918
10.0,17.857142857142858,0.37216670123258905,3.3138386185769733
11.428571428571429,17.857142857142858,0.37216670123258916,3.313838618576976
12.857142857142858,17.857142857142858,0.37216670123258966,3.313838618576865
14.285714285714286,17.857142857142858,0.37216670123258966,3.3138386185769684
15.714285714285715,17.857142857142858,0.37216670123258877,3.313838618576927
17.142857142857142,17.857142857142858,0.3721667012325891,3.31383861857702
18.571428571428573,17.857142857142858,0.37216670123258877,3.313838618576927
20.0,17.857142857142858,0.3721667012325891,3.31383861857702
0.0,19.642857142857142,0.37216670123258877,3.313838618576927
1.4285714285714286,19.642857142857142,0.3721667012325891,3.31383861857702
2.857142857142857,19.642857142857142,0.37216670123258877,3.313838618576927
4.285714285714286,19.642857142857142,0.3721667012325891,3.31383861857702
5.714285714285714,19.642857142857142,0.37216670123258877,3.313838618576927
7.142857142857143,19.642857142857142,0.3721667012325891,3.31383861857702
8.571428571428571,19.642857142857142,0.37216670123258877,3.313838618576927
10.0,19.642857142857142,0.3721667012325891,3.31383861857702
11.428571428571429,19.642857142857142,0.37216670123258877,3.313838618576927
12.857142857142858,19.642857142857142,0.3721667012325891,3.31383861857702
14.285714285714286,19.642857142857142,0.37216670123258877,3.313838618576927
15.714285714285715,19.642857142857142,0.3721667012325891,3.31383861857702
17.142857142857142,19.642857142857142,0.37216670123258877,3.313838618576927
18.571428571428573,19.642857142857142,0.3721667012325891,3.31383861857702
20.0,19.642857142857142,0.37216670123258877,3.313838618576927
0.0,21.42857142857143,0.3721667012325891,3.31383861857702
1.4285714285714286,21.42857142857143,0.37216670123258877,3.313838618576927
2.857142857142857,21.42857142857143,0.3721667012325891,3.31383861857702
4.285714285714286,21.42857142857143,0.37216670123258877,3.313838618576927
5.714285714285714,21.42857142857143,0.3721667012325891,3.31383861857702
7.142857142857143,21.42857142857143,0.37216670123258877,3.313838618576927
8.571428571428571,21.42857142857143,0.3721667012325891,3.31383861857702
10.0,21.42857142857143,0.37216670123258877,3.313838618576927
11.428571428571429,21.42857142857143,0.3721667012325891,3.31383861857702
12.857142857142858,21.42857142857143,0.37216670123258877,3.313838618576927
14.285714285714286,21.42857142857143,0.3721667012325891,3.31383861857702
15.714285714285715,21.42857142857143,0.37216670123258877,3.313838618576927
17.142857142857142,21.42857142857143,0.3721667012325891,3.31383861857702
18.571428571428573,21.42857142857143,0.37216670123258877,3.313838618576927
20.0,21.42857142857143,0.3721667012325891,3.31383861857702
0.0,23.214285714285715,0.37216670123258877,3.313838618576927
1.4285714285714286,23.214285714285715,0.3721667012325891,3.31383861857702
2.857142857142857,23.214285714285715,0.37216670123258877,3.313838618576927
4.285714285714286,23.214285714285715,0.3721667012325891,3.31383861857702
5.714285714285714,23.214285714285715,0.37216670123258877,3.313838618576927
7.142857142857143,23.214285714285715,0.3721667012325891,3.31383861857702
8.571428571428571,23.214285714285715,0.37216670123258877,3.313838618576927
10.0,23.214285714285715,0.3721667012325891,3.31383861857702
11.428571428571429,23.214285714285715,0.37216670123258877,3.313838618576927
12.857142857142858,23.214285714285715,0.3721667012325891,3.31383861857702
14.285714285714286,23.214285714285715,0.37216670123258877,3.313838618576927
15.714285714285715,23.214285714285715,0.3721667012325891,3.31383861857702
17.142857142857142,23.214285714285715,0.37216670123258877,3.313838618576927
18.571428571428573,23.214285714285715,0.3721667012325891,3.31383861857702
20.0,23.214285714285715,0.37216670123258877,3.313838618576927
0.0,25.0,0.3721667012325892,3.3138386185769297
1.4285714285714286,25.0,0.3721667012325897,3.3138386185769018
2.857142857142857,25.0,0.37216670123258944,3.3138386185768436
4.285714285714286,25.0,0.3721667012325891,3.3138386185769164
5.714285714285714,25.0,0.37216670123258794,3.31383861857705
7.142857142857143,25.0,0.3721667012325899,3.313838618576726
8.571428571428571,25.0,0.37216670123258944,3.3138386185769084
10.0,25.0,0.37216670123259127,3.313838618576868
11.428571428571429,25.0,0.37216670123258816,3.313838618577069
12.857142857142858,25.0,0.37216670123258844,3.3138386185770305
14.285714285714286,25.0,0.3721667012325889,3.313838618576956
15.714285714285715,25.0,0.37216670123258877,3.3138386185769653
17.142857142857142,25.0,0.3721667012325888,3.3138386185769346
18.571428571428573,25.0,0.3721667012325886,3.3138386185770057
20.0,25.0,0.37216670123258866,3.3138386185770514
