reaction_id,reaction_name,imbalance
2AACLPGT160,2 acyl acyl carrier protein glycerophospho glycerol acyltransferase  n C160,{'H': -2.0}
2AACLPGT161,2 acyl acyl carrier protein glycerophospho glycerol acyltransferase  n C160,{'H': -1.0}
2AACLPGT180,2 acyl acyl carrier protein glycerophospho glycerol acyltransferase  n C160,{'H': -2.0}
2AACLPGT181,2 acyl acyl carrier protein glycerophospho glycerol acyltransferase  n C160,{'H': -1.0}
2AACLPPEAT160,2 acyl acyl carrier protein glycerophospho glycerol acyltransferase  n C160,{'H': -1.0}
2AACLPPEAT161,2 acyl acyl carrier protein glycerophospho glycerol acyltransferase  n C160,{'H': -2.0}
2AACLPPEAT180,2 acyl acyl carrier protein glycerophospho glycerol acyltransferase  n C160,{'H': -2.0}
2AACLPPEAT181,2 acyl acyl carrier protein glycerophospho glycerol acyltransferase  n C160,{'H': -1.0}
2S6HCCi,2 succinyl 6 hydroxy 2 4 cyclohexadiene 1 carboxylate synthase,{'H': -2.0}
A6PAG,,{'H': -2.0}
A6PAG2,,{'H': -2.0}
AACLAM,Acetyl adenylate CoA ligase AMP-forming,{'H': 2.0}
AACPS3,Acyl-[acyl-carrier-protein] synthetase  (n-C16:0),{'H': 1.0}
AACPS4,Acyl-[acyl-carrier-protein] synthetase  (n-C16:1),{'H': 2.0}
AACPS5,Acyl-[acyl-carrier-protein] synthetase  (n-C18:1),{'H': 1.0}
AACPS6,Acyl-[acyl-carrier-protein] synthetase  (n-C18:0),{'H': 2.0}
AACPS9,Acyl-[acyl-carrier-protein] synthetase  (n-C8:0),{'H': 2.0}
ACACT5r_1,Acetyl CoA C acyltransferase  decanoyl CoA,{'H': 4.0}
ACACT6r_1,Acetyl CoA C acyltransferase  dodecanoyl CoA,{'H': 4.0}
ACHBS,2-aceto-2-hydroxybutanoate synthase,{'H': -1.0}
ACLS_a,Acetolactate synthase,{'H': -2.0}
ACLS_d,2-alpha-Hydroxyethylthiamine diphosphate lipoamide,{'H': 2.0}
ACM6PH,N-acetylmuramate 6-phosphate hydrolase,{'H': 3.0}
ACMANApts,N-acetyl-D-mannosamine transport via PTS,{'H': -2.0}
ACOAD3,Acyl-CoA dehydrogenase (octanoyl-CoA),{'H': -4.0}
ACOAD4_1,Acyl CoA dehydrogenase  decanoyl CoA,{'H': 4.0}
ACOAD6,Acyl-CoA dehydrogenase (tetradecanoyl-CoA),{'H': -4.0}
ACOAM,Acetate CoA ligase AMP-forming,{'H': -2.0}
ACP1_FMN,Acid phosphatase (FMN),{'H': 2.0}
ACPPAT160,Acyl-(acyl carrier protein):phosphate acyltransferase (C16:0),{'H': -2.0}
ACPPAT161,Acyl-(acyl carrier protein):phosphate acyltransferase (C16:1),{'H': -3.0}
ACPPAT180,Acyl-(acyl carrier protein):phosphate acyltransferase (C18:0),{'H': -3.0}
ACPPAT181,Acyl-(acyl carrier protein):phosphate acyltransferase (C18:1),{'H': -2.0}
ACPS1,Acyl-carrier protein synthase,{'H': -1.0}
ACPS1_1,"CoA:apo-[acyl-carrier-protein] pantetheinephosphotransferase, cytosol",{'H': -1.0}
ACPpds,[acyl-carrier-protein] phosphodiesterase,{'H': 1.0}
ACSERHS,O3-Acetyl-L-serine acetate-lyase (adding hydrogen sulfide),{'H': 2.0}
ADK2,Adenylate kinase (Inorganic triphosphate),{'H': 4.0}
ADMDC,Adenosylmethionine decarboxylase,{'H': 2.0}
ADPDA,N6 acetyl LL 2 6 diaminoheptanedioate amidohydrolase,{'H': 1.0}
ADPRDP,ADPribose diphosphatase,{'H': -2.0}
ADPRDP_1,ADPribose diphosphatase,{'H': -2.0}
ADSL1r,Adenylsuccinate lyase,{'H': 4.0}
ADSS,Adenylosuccinate synthase,{'H': -4.0}
AEPPYRTA,2 aminoethylphosphonate pyruvate transaminase,{'H': -2.0}
AGM3PApp,N-Acetyl-D-glucosamine(anhydrous)N-Acetylmuramyl-tripeptide amidase (periplasm),{'H': 2.0}
AGM3PH,"N-Acetyl-D-glucosamine(anhydrous)N-Acetylmuramyl-tripeptide beta -1,4-N-acetylglucosaminidase",{'H': 2.0}
AGM4PCP,"N-Acetyl-D-glucosamine(anhydrous)N-Acetylmuramyl-tetrapeptide L,D-carboxypeptidase",{'H': -2.0}
AGPAT160,1-hexadecanoyl-sn-glycerol 3-phosphate O-acyltransferase (n-C16:0),{'H': -1.0}
AGPAT161,1-hexadec-7-enoyl-sn-glycerol 3-phosphate O-acyltransferase (n-C16:1),{'H': -2.0}
AGPAT180,1-octadecanoyl-sn-glycerol 3-phosphate O-acyltransferase (n-C18:0),{'H': -4.0}
AGPAT181,1-octadec-7-enoyl-sn-glycerol 3-phosphate O-acyltransferase (n-C18:1),{'H': -3.0}
AGPATr_BS,1 acylglycerol 3 phosphate O acyltransferase,{'H': 3.4799999999999858}
AH6PI,Arabino-3-hexulose-6-P Isomerase,{'H': 2.0}
AHMMPS_1,4 amino 5 hydroxymethyl 2 methylpyrimidine synthetase,{'H': 2.0}
AHSERL4,Cysteine synthase  Thiosulfate,{'H': 2.0}
AIRC1,Phosphoribosylaminoimidazole carboxylase  ATP dependent,{'H': -1.0}
AIRCr,Phosphoribosylaminoimidazole carboxylase,{'H': -1.0}
AMANAPEr,N-acetylmannosamine 6-phosphate epimerase,{'H': 2.0}
AMANK,N-acetyl-D-mannosamine kinase,{'H': -2.0}
AMANK_1,N-acetyl-D-mannosamine kinase,{'H': -2.0}
AMPEP10,Aminopeptidase,{'H': 1.0}
AMPEP11,Aminopeptidase,{'H': -1.0}
AMPEP14,Aminopeptidase,{'H': 1.0}
AMPEP15,Aminopeptidase,{'H': 1.0}
AMPEP18,Aminopeptidase,{'H': 1.0}
AMPEP5,Aminopeptidase,{'H': 1.0}
AMPEP8,Aminopeptidase,{'H': 1.0}
AMPTASEGGLU,Aminopeptidase  Gly Glu,{'H': 1.0}
ANHMK,"1,6-anhydrous-N-Acetylmuramate kinase",{'H': -3.0}
APG3PAT160,Acyl-phosphate:glycerol-3-phosphate acyltransferase (C16:0),{'H': 1.0}
APG3PAT161,Acyl-phosphate:glycerol-3-phosphate acyltransferase (C16:1),{'H': -1.0}
APG3PAT180,Acyl-phosphate:glycerol-3-phosphate acyltransferase (C18:0),{'H': 1.0}
APG3PAT181,Acyl-phosphate:glycerol-3-phosphate acyltransferase (C18:1),{'H': 1.0}
APTA1i,Acetyl L L diaminopimelate aminotransferase,{'H': -1.0}
ARGSL,Argininosuccinate lyase,{'H': 1.0}
ARGSS,Argininosuccinate synthase,{'H': -1.0}
ATPPRT,ATP phosphoribosyltransferase,{'H': -6.0}
BALAMDAH,Beta Alaninamide amidohydrolase,{'H': -1.0}
BGLA1,6-phospho-beta-glucosidase,{'H': 2.0}
BSCT,Benzoylsuccinyl-CoA thiolase,{'H': 5.0}
BTS3r,Biotin synthase,{'H': 1.0}
CDGUNPD,"3,5-cyclic-nucleotide phosphodiesterase",{'H': 2.0}
CDPPT160,CDPPT160,{'H': -1.0}
CELBpts,Cellobiose transport via PEPPyr PTS,{'H': -2.0}
CHORM,Chorismate mutase,{'H': -2.0}
CMCBTFexs,Carboxymycobactin Fe loading reaction  spontaneous,{'H': 3.0}
CPGNexs,Coprogen Fe-loading reaction (spontaneaous),{'H': 1.0}
CYSK2_I,O-Phospho-L-Serine-dependent S-Suflocysteine Synthase,{'H': 1.0}
D5KGK,2-Deoxy-5-Keto-D-gluconate kinase,{'H': -3.0}
D5KGPA,2-Deoxy-5-keto-D-gluconate 6-phosphate aldolase,{'H': 3.0}
DACL,,{'H': 3.0}
DAGK,Diacylglycerol kinase,{'H': -2.0}
DAGK_BS,Diacylglycerol kinase,{'H': -2.0}
DASYN161,CDP-diacylglycerol synthetase (n-C16:1),{'H': 2.0}
DASYN180,CDP-diacylglycerol synthetase (n-C18:0),{'H': 2.0}
DASYN181,CDP-diacylglycerol synthetase (n-C18:1),{'H': 2.0}
DB4PS,"3,4-Dihydroxy-2-butanone-4-phosphate synthase",{'H': -1.0}
DGUNC,Diguanylate cyclase,{'H': -2.0}
DHACOAH,"2,3-dehydroadipyl-CoA hydratase",{'H': 5.0}
DHAD3,Dihydroxy acid dehydratase  2 3 dihydroxy 3 methylpentanoate,{'H': -1.0}
DHBD,"2,3-dihydro-2,3-dihydroxybenzoate dehydrogenase",{'H': 1.0}
DHBSZ3FEexs,23dhbsz3 Fe III sequestration,{'H': 3.0}
DHNCOAS,"1,4-dihydroxy-2-napthoyl-CoA synthase",{'H': 5.0}
DHPACCOAHIT,"1,2-Dihydroxy-1,2-dihydrophenylacetyl-CoA Hydratase/Isomerase/Ketothiolase complex",{'H': 4.0}
DKMD2K,1 2 dihydroxy 3 keto 5 methylthiopentene dioxygenase  2 keto 4 methylthiobutyrate,{'H': 2.0}
DM1PE,2 3 diketo 5 methylthiopentyl 1 phosphate enolase,{'H': -3.0}
DNMPPA,Dihydroneopterin monophosphate dephosphorylase,{'H': 2.0}
DNTPPA,Dihydroneopterin triphosphate pyrophosphatase,{'H': -2.0}
DRPA,Deoxyribose-phosphate aldolase,{'H': -2.0}
DURIPP,Deoxyuridine phosphorylase,{'H': -2.0}
DURIPP_1,Deoxyuridine phosphorylase,{'H': -2.0}
DXPRIi,1-deoxy-D-xylulose reductoisomerase,{'H': -2.0}
DXPS,1-deoxy-D-xylulose 5-phosphate synthase,{'H': 2.0}
ECOAH1_1,3 hydroxyacyl CoA dehydratase  3 hydroxybutanoyl CoA,{'H': 4.0}
ECOAH2c,Enoyl CoA hydratase  bacterial,{'H': -3.0}
ECOAH5_1,3 hydroxyacyl CoA dehydratase  3 hydroxydodecanoyl CoA,{'H': -4.0}
ECOAH6,3-hydroxyacyl-CoA dehydratase (3-hydroxytetradecanoyl-CoA),{'H': -4.0}
ECOAH8,3-hydroxyacyl-CoA dehydratase (3-hydroxyoctadecanoyl-CoA),{'H': 4.0}
EDA,2-dehydro-3-deoxy-phosphogluconate aldolase,{'H': -2.0}
FA80ACPHi,Fatty-acyl-ACP hydrolase,{'H': -2.0}
FACOAL140_ISO,Fatty acid  CoA ligase  Iso C140,{'H': -3.0}
FACOAL141t2pp,Fatty-acid-CoA ligase (tetradecenoate transport via vectoral Co-A coupling),{'H': -4.0}
FACOAL150_ISO,Fatty acid  CoA ligase  Iso C150,{'H': -3.0}
FACOAL150_anteiso,Fatty acid  CoA ligase  anteiso C150,{'H': -3.0}
FACOAL160_ISO,Fatty acid  CoA ligase  Iso C160,{'H': -3.0}
FACOAL170_ISO,Fatty acid  CoA ligase  Iso C170,{'H': -3.0}
FACOAL170_anteiso,Fatty acid  CoA ligase  anteiso C170,{'H': -3.0}
FACOAL180_2,Fatty acid  CoA ligase  octadecanoate,{'H': -4.0}
FBA,Fructose-bisphosphate aldolase,{'H': 2.0}
FBA3,"Sedoheptulose 1,7-bisphosphate D-glyceraldehyde-3-phosphate-lyase",{'H': 4.0}
FBP,Fructose-bisphosphatase,{'H': 4.0}
FE3DCITexs,Dicitrate Fe(III) binding (spontaneous),{'H': -3.0}
FE3PYOVDL2,Ferripyoverdine complex formation  P putida KT2440 specific,{'H': 3.0}
FEENTERexs,Enterobactin Fe(III) binding (spontaneous),{'H': 2.0}
FEOXAMexs,Ferroxamine Fe3-loading reaction (spontaneous),{'H': 3.0}
FFSD,Beta-fructofuranosidase,{'H': 2.0}
FRDO,FRDO,{'H': 1.0}
FRUK,Fructose-1-phosphate kinase,{'H': -4.0}
G1PACT,Glucosamine-1-phosphate N-acetyltransferase,{'H': -2.0}
G3PAT160,Glycerol-3-phosphate acyltransferase (C16:0),{'H': -1.0}
G3PAT161,Glycerol-3-phosphate acyltransferase (C16:1),{'H': -4.0}
G3PAT180,Glycerol-3-phosphate acyltransferase (C18:0),{'H': -2.0}
G3PAT181,Glycerol-3-phosphate acyltransferase (C18:1),{'H': -1.0}
G3POA_BS,Glycerol 3 phosphate O acyltransferase,{'H': 1.48}
GALpts,Galactose transport via PTS,{'H': -2.0}
GAPD,Glyceraldehyde-3-phosphate dehydrogenase,{'H': 2.0}
GAPDi_nadp,Glyceraldehyde-3-phosphate dehydrogenase (NAD(P)+) (phosphorylating),{'H': -2.0}
GARFT,Phosphoribosylglycinamide formyltransferase,{'H': -2.0}
GCCa,Glycine-cleavage complex,{'H': 1.0}
GCCa_1,Glycine-cleavage complex,{'H': 1.0}
GCCb,Glycine cleavage complex,{'H': -1.0}
GCCb_1,Glycine cleavage complex,{'H': -1.0}
GDPTPDP,Guanosine 3'-diphosphate 5'-triphosphate 3'-diphosphatase,{'H': 7.0}
GLCADpts,,{'H': -2.0}
GLTPD,Galactitol-1-phosphate dehydrogenase,{'H': -2.0}
GLUKA_1,Glucokinase/hexokinase (glc-A),{'H': -2.0}
GLUTARH,Glutarate hydroxylase,{'H': -2.0}
GLUTRR,Glutamyl-tRNA reductase,{'H': 3.0}
GLUTRS,Glutamyl-tRNA synthetase,{'H': -3.0}
GLYCYSAP,Gly-Cys aminopeptidase,{'H': -1.0}
GLYCYSabc,Gly-Cys ABC transporters,{'H': 1.0}
GLYLEUAP,Gly-Leu aminopeptidase,{'H': -1.0}
GLYLEUtr,Gly-Leu ABC transporters,{'H': 1.0}
GLYPHEAP,Gly-Phe aminopeptidase,{'H': -1.0}
GLYPHEtr,Gly-Phe ABC transporters,{'H': 1.0}
GLYTYRAP,Gly-Try aminopeptidase,{'H': -1.0}
GLYTYRabc,Gly-Try ABC transporters,{'H': 1.0}
GPDDA4,Glycerophosphodiester phosphodiesterase (Glycerophosphoglycerol),{'H': 1.0}
GTPDPK,GTP diphosphokinase,{'H': -7.0}
GTPDPK_1,ATP:GTP 3'-diphosphotransferase,{'H': -7.0}
GUI2,Glucuronate isomerase (D-galacturonate),{'H': -1.0}
HACD1_1,3 hydroxyacyl CoA dehydrogenase  acetoacetyl CoA,{'H': -4.0}
HACD3,3-hydroxyacyl-CoA dehydrogenase (3-oxooctanoyl-CoA),{'H': -4.0}
HACD8,"3-hydroxyacyl-CoA dehydrogenase (3-oxooctadecanoyl-CoA), peroxisomal",{'H': -4.0}
HACD8i,3-hydroxyacyl-CoA dehydrogenase (3-oxooctadecanoyl-CoA),{'H': 4.0}
HACD9,3 hydroxyacyl CoA dehydrogenase  2 Methylacetoacetyl CoA,{'H': -4.0}
HACOADr,3 hydroxyacyl CoA dehydrogenase,{'H': -1.0}
HCYSMT2,Homocysteine Methyltransferase,{'H': -1.0}
HDECH,,{'H': -2.0}
HEMEOS_1,Heme O synthase,{'H': -2.0}
HEX4,Hexokinase (D-mannose:ATP),{'H': -2.0}
HIBHr,3 hydroxyisobutyryl CoA hydrolase,{'H': 3.0}
HKM1PP,2 hydroxy 3 keto 5 methylthiopentenyl 1 phosphate phophatase,{'H': 1.0}
ICHORT,Isochorismatase,{'H': -1.0}
ILEDHr,Isoleucine dehydrogenase,{'H': -1.0}
KARA2,Ketol-acid reductoisomerase (2-Acetolactate),{'H': 1.0}
KAS1,B-ketoacyl synthetase (Iso-C14:0),{'H': -1.0}
KAS11,B-ketoacyl synthetase (Iso-C17:0),{'H': -1.0}
KAS12,B-ketoacyl synthetase (Anteiso-C17:0),{'H': -1.0}
KAS3,B-ketoacyl synthetase (Iso-C15:0),{'H': -1.0}
KAS4,B-ketoacyl synthetase (Anteiso-C15:0),{'H': -1.0}
KAS6,B-ketoacyl synthetase (Iso-C16:0),{'H': -1.0}
LIPAMPL,Lipoyl-adenylate protein ligase,{'H': 2.0}
LIPATPT_2,Lipoate-ATP adenylate transferase,{'H': -1.0}
LIPO1S24_BS,Lipoteichoic acid synthesis  n24   linked  glucose substituted,{'H': -2400.0}
LIPO2S24_BS,Lipoteichoic acid synthesis  n24   linked  N acetylglucosamine substituted,{'H': -2400.0}
LIPO3S24_BS,Lipoteichoic acid synthesis  n24   unliked  D alanine substituted,{'H': -2400.0}
LIPO4S24_BS,Lipoteichoic acid synthesis  n24   linked  unsubstituted,{'H': -2400.0}
LPLIPAL1A161pp,"Lysophospholipase L1 (2-acylglycerophosphotidate, n-C16:1) (periplasm)",{'H': 2.0}
LPLIPAL2G181,"Lysophospholipase L2 (2-acylglycerophosphoglycerol, n-C18:1)",{'H': -1.0}
MACCOAT,2-Methylacetyl-CoA thiolase,{'H': 4.0}
MAN6PI,Mannose-6-phosphate isomerase,{'H': 2.0}
MANGLYCptspp,2-O-alpha-mannosyl-D-glycerate transport via PEP:Pyr PTS (periplasm),{'H': -3.0}
MANPGH,2-O-alpha-mannosyl-6-phosphate-D-glycerate hydrolase,{'H': 1.0}
MANpts,D-mannose transport via PEP:Pyr PTS,{'H': -2.0}
MCBTFUexs,Mycobactin Fe loading reaction  spontaneous,{'H': 3.0}
MCCC,Methylcrotonoyl-CoA carboxylase,{'H': -5.0}
MCTC_1,,{'H': -5.0}
MCTP1App,Murein crosslinking transpeptidase 1A:(A2pm->D-ala) (periplasm),{'H': -4.0}
MCTP2App,Murein crosslinking transpeptidase 1A:(A2pm->D-ala) (periplasm),{'H': -6.0}
MDDCP2pp,"Murein D,D-carboxypeptidase (murein5px4px4p) (periplasm)",{'H': 6.0}
MDDEP1pp,"Murein D,D-endopeptidase (murein4px4p) (periplasm)",{'H': 4.0}
MDDEP3pp,"Murein D,D-endopeptidase (murein5px4p) (periplasm)",{'H': 4.0}
MEPCT,2-C-methyl-D-erythritol 4-phosphate cytidylyltransferase,{'H': 2.0}
MGCH,Methylglutaconyl-CoA hydratase,{'H': 5.0}
MHPGLUT,5 methyltetrahydropteroyltriglutamate homocysteine S methyltransferase,{'H': 4.0}
MHPGLUT2,5-methyltetrahydropteroyltriglutamate methyltransferase,{'H': 4.0}
MLDCP1App,"Murein L,D-carboxypeptidase (murein5px4p) (periplasm)",{'H': 4.0}
MLDCP3App,"Murein L,D-carboxypeptidase (murein5px3p) (periplasm)",{'H': -4.0}
MLDEP1pp,"Murein L,D-endopeptidase (murein3px3p) (periplasm)",{'H': 4.0}
MLTGY2pp,Murein lytic transglycosylase (murein4p3p) (periplasm),{'H': -2.0}
MLTGY3pp,Murein lytic transglycosylase (murein3p3p) (periplasm),{'H': -4.0}
MLTGY4pp,Murein lytic transglycosylase (murein4px4p4p) (periplasm),{'H': -4.0}
MMSDHir,Methylmalonate semialdehyde dehydrogenase  acylating,{'H': 1.0}
MN6PP,Mannose 6-phosphate phosphatase,{'H': 2.0}
MPTG,Murein polymerizing transglycosylase,{'H': 2.0}
MPTG2,Murein polymerizing transglycosylase 2 (three linked units),{'H': 1.0}
NMNN,NMN nucleosidase,{'H': -2.0}
NMO,Nitronate Monooxygenase,{'H': -4.0}
NOS3,N-omega-Hydroxyarginine NADPH oxygen oxidoreductase,{'H': -4.0}
NPHS,Naphthoate synthase,{'H': 5.0}
OXCOAHDH,"Oxepin-CoA hydrolase/ 3-oxo-5,6-dehydrosuberyl-CoA semialdehyde dehydrogenase (NADP+)",{'H': -1.0}
PAP,Phosphatidate phosphatase,{'H': 2.0}
PAPPT3,"Phospho-N-acetylmuramoyl-pentapeptide-transferase (meso-2,6-diaminopimelate)",{'H': -3.0}
PAP_BS,Phosphatidic acid phosphatase,{'H': 2.0}
PFK,Phosphofructokinase,{'H': -4.0}
PFK_2,Phosphofructokinase,{'H': -2.0}
PFK_4,Phosphofructokinase (s7p),{'H': -4.0}
PGI1c,"Glucose-6-phosphateisomerase,glycosome",{'H': 2.0}
PGPP181pp,"Phosphatidylglycerol phosphate phosphatase (periplasm, n-C18:1)",{'H': 3.0}
PGSA181,Phosphatidylglycerol synthase (n-C18:1),{'H': -3.0}
PHACOAOR,Phenylacetyl-CoA oxygenase/reductase,{'H': -4.0}
PHHL2,,{'H': 2.0}
PLCD,PLCD,{'H': 1.0}
PLIPA1G160pp,"Phospholipase A1 (phosphatidylglycerol, n-C16:0) (periplasm)",{'H': 1.0}
PLIPA1G161pp,"Phospholipase A1 (phosphatidylglycerol, n-C16:1) (periplasm)",{'H': -1.0}
PLPS_1,Pyridoxal-5-phosphate synthase,{'H': 2.0}
PPM,Phosphopentomutase,{'H': -2.0}
PPM2,Phosphopentomutase 2 (deoxyribose),{'H': 2.0}
PPND,Prephenate dehydrogenase,{'H': 2.0}
PPNDH,Prephenate dehydratase,{'H': 2.0}
PPTGS_BS,Peptidoglycan subunit synthesis,{'H': -1.0}
PRAMPC_1,Phosphoribosyl AMP cyclohydrolase,{'H': 4.0}
PRASCSi,Phosphoribosylaminoimidazolesuccinocarboxamide synthase,{'H': 3.0}
PRATPP,Phosphoribosyl-ATP pyrophosphatase,{'H': 2.0}
PRPPS,Phosphoribosylpyrophosphate synthetase,{'H': 2.0}
PSD161,Phosphatidylserine decarboxylase (n-C16:1),{'H': 1.0}
PSD180,Phosphatidylserine decarboxylase (n-C18:0),{'H': 1.0}
PSSA161,Phosphatidylserine syntase (n-C16:1),{'H': -1.0}
PSSA180,Phosphatidylserine syntase (n-C18:0),{'H': -1.0}
PSUDS,Pseudouridylate synthase,{'H': 2.0}
PTHPS,6-pyruvoyltetrahydropterin synthase,{'H': -4.0}
PTHPS_1,6-pyruvoyltetrahydropterin synthase,{'H': -4.0}
PUNP2,Purine-nucleoside phosphorylase (Deoxyadenosine),{'H': -2.0}
PUNP4,Purine-nucleoside phosphorylase (Deoxyguanosine),{'H': -2.0}
PUNP6,Purine-nucleoside phosphorylase (Deoxyinosine),{'H': -2.0}
R5PP,Ribose 5-phosphate phosphatase,{'H': 2.0}
RBFK,Riboflavin kinase,{'H': -2.0}
RBFSa,Riboflavin synthase,{'H': 2.0}
RBFSa_1,Riboflavin synthase,{'H': 2.0}
RBK,Ribokinase,{'H': -2.0}
RECOAH2,3 hydroxyacyl Coa dehydratase   3R  3 hydroxyhexanoyl CoA,{'H': 4.0}
REPHACCOAI,"Ring 1,2-epoxyphenylacetyl-CoA isomerase (oxepin-CoA forming)",{'H': -4.0}
RHACOAR80,3R  3 Hydroxyacyl CoANADP oxidoreductase,{'H': -4.0}
RPI,Ribose-5-phosphate isomerase,{'H': 2.0}
RU5PS,Ribulose-5-P Synthetase,{'H': -2.0}
SALCHS2FEexs,Salmochelin s2 Fe III sequestration,{'H': 3.0}
SALCHS4FEexs,Salmochelin S4 Fe III binding spontaneous,{'H': 3.0}
SCYSSL,S-sulfo-L-cysteine sulfite lyase,{'H': 1.0}
SHCHF_2,Sirohydrochlorin ferrochetalase,{'H': 8.0}
SHGO,S-2-hydroxyglutarate oxidase,{'H': 2.0}
SLCYSS,O-acetyl-L-serine sulfhydrylase,{'H': 1.0}
SMIA1,Staphyloferrin A Mediated Iron Acquisition,{'H': 2.0}
SMIA2abc,Siderophore Mediated Iron Acquisition: Staphyloferrin B transport via ABC,{'H': -2.0}
SMIB1,Staphyloferrin B Mediated Iron Acquisition,{'H': 2.0}
SPMS,Spermidine synthase,{'H': -2.0}
SPP,Sucrose-phosphate phosphatase,{'H': 2.0}
SUCBZL,O-succinylbenzoate-CoA ligase,{'H': -5.0}
SUCBZS,O-succinylbenzoate-CoA synthase,{'H': 2.0}
SUCD2,Succinate dehydrogenase dehydrogenase (menaquinone 8 as acceptor),{'H': 2.0}
SUCpts,Sucrose transport via PEP:Pyr PTS,{'H': -2.0}
TAGURr,Tagaturonate reductase,{'H': -1.0}
TALA,Transaldolase,{'H': 2.0}
TECA1S45,Glycerol teichoic acid  n45   unlinked  unsubstituted,{'H': -45.0}
TECA2S45,Glycerol teichoic acid  n45   unlinked  D ala substituted,{'H': -45.0}
TECA3S45,Glycerol teichoic acid  n45   unlinked  glucose substituted,{'H': -45.0}
TGBPA,Tagatose-bisphosphate aldolase,{'H': 2.0}
TKT2,Transketolase,{'H': -2.0}
TMDPP,Thymidine phosphorylase,{'H': -2.0}
TNTHAC1,2 4 6 dinitrotoluene meisenheimer dihydrideTNT derived hydroxylamines condensation,{'H': 1.0}
TNTHAC2,2 4 6 dinitrotoluene meisenheimer dihydrideTNT derived hydroxylamines condensation,{'H': 1.0}
TNTR1,TNT nitroreductase 4 Hydroxylamino 2 6 dinitrotoluene,{'H': -1.0}
TNTR1x,TNT nitroreductase 4 Hydroxylamino 2 6 dinitrotoluene,{'H': -1.0}
TNTR2,TNT nitroreductase 2 Hydroxylamino 4 6 dinitrotoluene,{'H': -1.0}
TNTR2x,TNT nitroreductase 2 Hydroxylamino 4 6 dinitrotoluene,{'H': -1.0}
TPI,Triose-phosphate isomerase,{'H': -2.0}
TRPS1,Tryptophan synthase (indoleglycerol phosphate),{'H': -2.0}
TRPS3,Tryptophan synthase (indoleglycerol phosphate),{'H': -2.0}
UAGDP,UDP-N-acetylglucosamine diphosphorylase,{'H': 2.0}
UAMAS,UDP-N-acetylmuramoyl-L-alanine synthetase,{'H': 3.0}
UAPGR,UDP-N-acetylenolpyruvoylglucosamine reductase,{'H': -3.0}
UDCPDP,Undecaprenyl-diphosphatase,{'H': 2.0}
UDCPDPex,Undecaprenyl-diphosphatase (periplasm),{'H': 2.0}
UM3PL,UDP-N-acetylmuramate:L-alanyl-gamma-D-glutamyl-meso-diaminopimelate ligase,{'H': 3.0}
UPP3MT_2,Uroporphyrinogen methyltransferase,{'H': -8.0}
YUMPS,YUMP synthetase,{'H': 2.0}
Growth,Biomass reaction,"{'charge': 0.40572400000003306, 'C': -38.83041899999989, 'H': -60.16409599999967, 'N': -10.768223000000091, 'O': -18.219038000000197, 'S': -0.25062599999999996, 'P': -1.4040929999999974, 'Ca': -0.005205, 'Cl': -0.005205, 'Co': -0.0001, 'Cu': -0.000709, 'Fe': -0.014523, 'K': -0.195193, 'Mg': -0.008675, 'Mn': -0.000691, 'Zn': -0.000341}"
