knockouts,n_knockouts,max_growth,min_PHB_at_max_growth
2HXMPt6 + 2INSD,2,0.4453701529337636,0.0
12PPDRDH + AACOAR_syn,2,0.4453701529337635,0.0
13PPDH + AACOAR_syn,2,0.44537015293334664,0.0
13PPDH2 + AACOAR_syn,2,0.4453701529337644,0.0
13PPDH2_1 + AACOAR_syn,2,0.4453701529337644,0.0
23CAMPtex + AACOAR_syn,2,0.4453701529337644,0.0
23CCMPtex + AACOAR_syn,2,0.4453701529337644,0.0
23CGMPtex + AACOAR_syn,2,0.34461914158992,0.0
23CUMPtex + AACOAR_syn,2,0.4453701529337648,0.0
23PDE2pp + AACOAR_syn,2,0.4453701529337636,0.0
AACOAR_syn + XYLt2,2,0.4453701529337636,0.0
AACOAR_syn + XYLabcpp,2,0.4453701529337636,0.0
2INSD + 3AMPt6,2,0.4453701529337632,0.0
2MAHMP + 3AMPt6,2,0.4453701529337632,0.0
2PGLYCt6 + 3AMPt6,2,0.4453701529337632,0.0
2S6HCCi + 3AMPt6,2,0.4453701529337632,0.0
34HPPOR + 3AMPt6,2,0.4453701529337632,0.0
2HXMPt6 + 3CMPt6,2,0.4453701529337636,0.0
2INSD + 3CMPt6,2,0.4453701529337636,0.0
2MAHMP + 3CMPt6,2,0.4453701529337636,0.0
2PGLYCt6 + 3CMPt6,2,0.4453701529337636,0.0
2S6HCCi + 3CMPt6,2,0.4453701529337636,0.0
34HPPOR + 3CMPt6,2,0.4453701529337636,0.0
3AMPt6 + 3CMPt6,2,0.4453701529337639,0.0
2HXMPt6 + 3GMPtex_1,2,0.17156762868766035,0.0
2INSD + 3GMPtex_1,2,0.17156762868766035,0.0
2MAHMP + 3GMPtex_1,2,0.17156762868766035,0.0
2PGLYCt6 + 3GMPtex_1,2,0.17156762868766035,0.0
12PPDRDH + 23CCMPtex,2,0.44537015293376353,0.0
12PPDRDH + 23CAMPtex,2,0.4453701529337638,0.0
12PPDRDH + 13PPDH2_1,2,0.4453701529337638,0.0
12PPDRDH + 13PPDH2,2,0.4453701529337638,0.0
12PPDRDH + 13PPDH,2,0.4453701529337638,0.0
2HXMPt6 + AACOAR_syn,2,0.4453701529337638,0.0
2INSD + AACOAR_syn,2,0.4453701529337638,0.0
2MAHMP + AACOAR_syn,2,0.4453701529337638,0.0
2PGLYCt6 + AACOAR_syn,2,0.4453701529337638,0.0
2S6HCCi + AACOAR_syn,2,0.4453701529337638,0.0
34HPPOR + AACOAR_syn,2,0.4453701529337638,0.0
3AMPt6 + AACOAR_syn,2,0.4453701529337638,0.0
3CMPt6 + AACOAR_syn,2,0.44537015293376436,0.0
3GMPtex_1 + AACOAR_syn,2,0.1715676286876599,0.0
3MBt2pp + AACOAR_syn,2,0.4453701529337636,0.0
3MBt4pp + AACOAR_syn,2,0.4453701529337636,0.0
12PPDRDH + VALtex,2,0.4453701529337628,0.0
12PPDRDH + VECOAH,2,0.4453701529337628,0.0
12PPDRDH + VNDH_2,2,0.4453701529337628,0.0
12PPDRDH + VPAMTr,2,0.4453701529337628,0.0
12PPDRDH + XANt2,2,0.4453701529337628,0.0
12PPDRDH + XPPT,2,0.4453701529337628,0.0
12PPDRDH + XTSNH,2,0.4453701529337628,0.0
12PPDRDH + XYLI1,2,0.4453701529337628,0.0
12PPDRDH + XYLI2,2,0.4453701529337628,0.0
12PPDRDH + XYLK,2,0.4453701529337628,0.0
12PPDRDH + XYLabc,2,0.4453701529337628,0.0
12PPDRDH + XYLabcpp,2,0.4453701529337628,0.0
12PPDRDH + XYLt2,2,0.4453701529337628,0.0
12PPDRDH + 23PDE2pp,2,0.44537015293376303,0.0
12PPDRDH + 23CUMPtex,2,0.44537015293376375,0.0
12PPDRDH + 23CGMPtex,2,0.34461914158991985,0.0
12PPDRDH + 2INSD,2,0.44537015293376375,0.0
12PPDRDH + 2MAHMP,2,0.44537015293376375,0.0
12PPDRDH + 2PGLYCt6,2,0.44537015293376375,0.0
12PPDRDH + 2S6HCCi,2,0.44537015293376375,0.0
12PPDRDH + 34HPPOR,2,0.44537015293376375,0.0
12PPDRDH + 3AMPt6,2,0.44537015293376375,0.0
12PPDRDH + 3CMPt6,2,0.4453701529337648,0.0
12PPDRDH + 3GMPtex_1,2,0.17156762868790626,0.0
12PPDRDH + 3MBt2pp,2,0.4453701529337637,0.0
12PPDRDH + 3MBt4pp,2,0.4453701529337637,0.0
12PPDRDH + 3MBtex,2,0.44537015293376286,0.0
12PPDRDH + 3NTD2pp,2,0.4453701529337628,0.0
12PPDRDH + 3NTD4pp,2,0.4453701529337628,0.0
12PPDRDH + VALt2r,2,0.4453701529337627,0.0
12PPDRDH + VALt2rpp,2,0.4453701529337627,0.0
12PPDRDH + VALt3pp,2,0.4453701529337627,0.0
13PPDH + XPPT,2,0.4453701529337634,0.0
13PPDH + XTSNH,2,0.4453701529337634,0.0
13PPDH + XYLI1,2,0.4453701529337634,0.0
13PPDH + XYLI2,2,0.4453701529337634,0.0
13PPDH + XYLK,2,0.4453701529337634,0.0
13PPDH + XYLabc,2,0.4453701529337634,0.0
13PPDH + XYLabcpp,2,0.4453701529337634,0.0
13PPDH + XYLt2,2,0.4453701529337634,0.0
13PPDH + 23PDE2pp,2,0.44537015293376336,0.0
13PPDH + 23CUMPtex,2,0.44537015293376525,0.0
13PPDH + 23CGMPtex,2,0.34461914158991974,0.0
13PPDH + 23CCMPtex,2,0.4453701529337638,0.0
13PPDH + 23CAMPtex,2,0.44537015293376375,0.0
13PPDH + 13PPDH2_1,2,0.44537015293376375,0.0
13PPDH + 13PPDH2,2,0.44537015293376375,0.0
12PPDRDH + 2HXMPt6,2,0.44537015293376375,0.0
13PPDH + 3AMPt6,2,0.4453701529337635,0.0
13PPDH + 3CMPt6,2,0.44537015293376514,0.0
13PPDH + 3GMPtex_1,2,0.1715676286876591,0.0
13PPDH + 3MBt2pp,2,0.4453701529337641,0.0
13PPDH + 3MBt4pp,2,0.4453701529337641,0.0
13PPDH + 3MBtex,2,0.4453701529337634,0.0
13PPDH + 3NTD2pp,2,0.4453701529337634,0.0
13PPDH + 3NTD4pp,2,0.4453701529337634,0.0
13PPDH + VALt2r,2,0.44537015293376353,0.0
13PPDH + VALt2rpp,2,0.44537015293376353,0.0
13PPDH + VALt3pp,2,0.44537015293376353,0.0
13PPDH + VALtex,2,0.4453701529337634,0.0
13PPDH + VECOAH,2,0.4453701529337634,0.0
13PPDH + VNDH_2,2,0.4453701529337634,0.0
13PPDH + VPAMTr,2,0.4453701529337634,0.0
13PPDH + XANt2,2,0.4453701529337634,0.0
13PPDH2 + XYLK,2,0.44537015293376364,0.0
13PPDH2 + XYLabc,2,0.44537015293376364,0.0
13PPDH2 + XYLabcpp,2,0.44537015293376364,0.0
13PPDH2 + XYLt2,2,0.44537015293376364,0.0
13PPDH2 + 23PDE2pp,2,0.44537015293376336,0.0
13PPDH2 + 23CUMPtex,2,0.44537015293376436,0.0
13PPDH2 + 23CGMPtex,2,0.34461914158991985,0.0
13PPDH2 + 23CCMPtex,2,0.4453701529337635,0.0
13PPDH2 + 23CAMPtex,2,0.4453701529337635,0.0
13PPDH2 + 13PPDH2_1,2,0.4453701529337635,0.0
13PPDH + 2HXMPt6,2,0.4453701529337635,0.0
13PPDH + 2INSD,2,0.4453701529337635,0.0
13PPDH + 2MAHMP,2,0.4453701529337635,0.0
13PPDH + 2PGLYCt6,2,0.4453701529337635,0.0
13PPDH + 2S6HCCi,2,0.4453701529337635,0.0
13PPDH + 34HPPOR,2,0.4453701529337635,0.0
13PPDH2 + 3MBt4pp,2,0.4453701529337643,0.0
13PPDH2 + 3MBtex,2,0.44537015293376364,0.0
13PPDH2 + 3NTD2pp,2,0.44537015293376364,0.0
13PPDH2 + 3NTD4pp,2,0.44537015293376364,0.0
13PPDH2 + VALt2r,2,0.4453701529337635,0.0
13PPDH2 + VALt2rpp,2,0.4453701529337635,0.0
13PPDH2 + VALt3pp,2,0.4453701529337635,0.0
13PPDH2 + VALtex,2,0.44537015293376364,0.0
13PPDH2 + VECOAH,2,0.44537015293376364,0.0
13PPDH2 + VNDH_2,2,0.44537015293376364,0.0
13PPDH2 + VPAMTr,2,0.44537015293376364,0.0
13PPDH2 + XANt2,2,0.44537015293376364,0.0
13PPDH2 + XPPT,2,0.44537015293376364,0.0
13PPDH2 + XTSNH,2,0.44537015293376364,0.0
13PPDH2 + XYLI1,2,0.44537015293376364,0.0
13PPDH2 + XYLI2,2,0.44537015293376364,0.0
13PPDH2_1 + XYLt2,2,0.4453701529337632,0.0
13PPDH2_1 + 23PDE2pp,2,0.4453701529337629,0.0
13PPDH2_1 + 23CUMPtex,2,0.4453701529337634,0.0
13PPDH2_1 + 23CGMPtex,2,0.3446191415899199,0.0
13PPDH2_1 + 23CCMPtex,2,0.4453701529337631,0.0
13PPDH2_1 + 23CAMPtex,2,0.44537015293376286,0.0
13PPDH2 + 2HXMPt6,2,0.44537015293376286,0.0
13PPDH2 + 2INSD,2,0.44537015293376286,0.0
13PPDH2 + 2MAHMP,2,0.44537015293376286,0.0
13PPDH2 + 2PGLYCt6,2,0.44537015293376286,0.0
13PPDH2 + 2S6HCCi,2,0.44537015293376286,0.0
13PPDH2 + 34HPPOR,2,0.44537015293376286,0.0
13PPDH2 + 3AMPt6,2,0.44537015293376286,0.0
13PPDH2 + 3CMPt6,2,0.44537015293376475,0.0
13PPDH2 + 3GMPtex_1,2,0.1715676286876595,0.0
13PPDH2 + 3MBt2pp,2,0.4453701529337643,0.0
13PPDH2_1 + 3NTD4pp,2,0.4453701529337632,0.0
13PPDH2_1 + VALt2r,2,0.445370152933763,0.0
13PPDH2_1 + VALt2rpp,2,0.445370152933763,0.0
13PPDH2_1 + VALt3pp,2,0.445370152933763,0.0
13PPDH2_1 + VALtex,2,0.4453701529337632,0.0
13PPDH2_1 + VECOAH,2,0.4453701529337632,0.0
13PPDH2_1 + VNDH_2,2,0.4453701529337632,0.0
13PPDH2_1 + VPAMTr,2,0.4453701529337632,0.0
13PPDH2_1 + XANt2,2,0.4453701529337632,0.0
13PPDH2_1 + XPPT,2,0.4453701529337632,0.0
13PPDH2_1 + XTSNH,2,0.4453701529337632,0.0
13PPDH2_1 + XYLI1,2,0.4453701529337632,0.0
13PPDH2_1 + XYLI2,2,0.4453701529337632,0.0
13PPDH2_1 + XYLK,2,0.4453701529337632,0.0
13PPDH2_1 + XYLabc,2,0.4453701529337632,0.0
13PPDH2_1 + XYLabcpp,2,0.4453701529337632,0.0
23CAMPtex + 23CUMPtex,2,0.4453701529337632,0.0
23CAMPtex + 23CGMPtex,2,0.3433863014729125,0.0
23CAMPtex + 23CCMPtex,2,0.44537015293376353,0.0
13PPDH2_1 + 2HXMPt6,2,0.44537015293376314,0.0
13PPDH2_1 + 2INSD,2,0.44537015293376314,0.0
13PPDH2_1 + 2MAHMP,2,0.44537015293376314,0.0
13PPDH2_1 + 2PGLYCt6,2,0.44537015293376314,0.0
13PPDH2_1 + 2S6HCCi,2,0.44537015293376314,0.0
13PPDH2_1 + 34HPPOR,2,0.44537015293376314,0.0
13PPDH2_1 + 3AMPt6,2,0.44537015293376314,0.0
13PPDH2_1 + 3CMPt6,2,0.44537015293376336,0.0
13PPDH2_1 + 3GMPtex_1,2,0.17156762868766753,0.0
13PPDH2_1 + 3MBt2pp,2,0.44537015293376236,0.0
13PPDH2_1 + 3MBt4pp,2,0.44537015293376236,0.0
13PPDH2_1 + 3MBtex,2,0.44537015293376325,0.0
13PPDH2_1 + 3NTD2pp,2,0.4453701529337632,0.0
23CAMPtex + VALt2rpp,2,0.4453701529337637,0.0
23CAMPtex + VALt3pp,2,0.4453701529337637,0.0
23CAMPtex + VALtex,2,0.4453701529337638,0.0
23CAMPtex + VECOAH,2,0.4453701529337638,0.0
23CAMPtex + VNDH_2,2,0.4453701529337638,0.0
23CAMPtex + VPAMTr,2,0.4453701529337638,0.0
23CAMPtex + XANt2,2,0.4453701529337638,0.0
23CAMPtex + XPPT,2,0.4453701529337638,0.0
23CAMPtex + XTSNH,2,0.4453701529337638,0.0
23CAMPtex + XYLI1,2,0.4453701529337638,0.0
23CAMPtex + XYLI2,2,0.4453701529337638,0.0
23CAMPtex + XYLK,2,0.4453701529337638,0.0
23CAMPtex + XYLabc,2,0.4453701529337638,0.0
23CAMPtex + XYLabcpp,2,0.4453701529337638,0.0
23CAMPtex + XYLt2,2,0.4453701529337638,0.0
23CAMPtex + 23PDE2pp,2,0.4453701529337658,0.0
23CCMPtex + 23CGMPtex,2,0.34461914158991974,0.0
23CAMPtex + 2HXMPt6,2,0.44537015293376403,0.0
23CAMPtex + 2INSD,2,0.44537015293376403,0.0
23CAMPtex + 2MAHMP,2,0.44537015293376403,0.0
23CAMPtex + 2PGLYCt6,2,0.44537015293376403,0.0
23CAMPtex + 2S6HCCi,2,0.44537015293376403,0.0
23CAMPtex + 34HPPOR,2,0.44537015293376375,0.0
23CAMPtex + 3AMPt6,2,0.4438035924905087,0.0
23CAMPtex + 3CMPt6,2,0.4453701529337635,0.0
23CAMPtex + 3GMPtex_1,2,0.17032516767125777,0.0
23CAMPtex + 3MBt2pp,2,0.4453701529337638,0.0
23CAMPtex + 3MBt4pp,2,0.4453701529337638,0.0
23CAMPtex + 3MBtex,2,0.4453701529337638,0.0
23CAMPtex + 3NTD2pp,2,0.4453701529337638,0.0
23CAMPtex + 3NTD4pp,2,0.4453701529337638,0.0
23CAMPtex + VALt2r,2,0.4453701529337637,0.0
23CCMPtex + VALt3pp,2,0.4453701529337631,0.0
23CCMPtex + VALtex,2,0.4453701529337645,0.0
23CCMPtex + VECOAH,2,0.4453701529337645,0.0
23CCMPtex + VNDH_2,2,0.4453701529337645,0.0
23CCMPtex + VPAMTr,2,0.4453701529337645,0.0
23CCMPtex + XANt2,2,0.4453701529337645,0.0
23CCMPtex + XPPT,2,0.4453701529337645,0.0
23CCMPtex + XTSNH,2,0.4453701529337645,0.0
23CCMPtex + XYLI1,2,0.4453701529337645,0.0
23CCMPtex + XYLI2,2,0.4453701529337645,0.0
23CCMPtex + XYLK,2,0.4453701529337645,0.0
23CCMPtex + XYLabc,2,0.4453701529337645,0.0
23CCMPtex + XYLabcpp,2,0.4453701529337645,0.0
23CCMPtex + XYLt2,2,0.4453701529337645,0.0
23CCMPtex + 23PDE2pp,2,0.44537015293376436,0.0
23CCMPtex + 23CUMPtex,2,0.4453701529337641,0.0
23CCMPtex + 2HXMPt6,2,0.44537015293376364,0.0
23CCMPtex + 2INSD,2,0.44537015293376364,0.0
23CCMPtex + 2MAHMP,2,0.44537015293376364,0.0
23CCMPtex + 2PGLYCt6,2,0.44537015293376364,0.0
23CCMPtex + 2S6HCCi,2,0.44537015293376364,0.0
23CCMPtex + 34HPPOR,2,0.44537015293376364,0.0
23CCMPtex + 3AMPt6,2,0.44537015293376364,0.0
23CCMPtex + 3CMPt6,2,0.4453701529337635,0.0
23CCMPtex + 3GMPtex_1,2,0.1715676286876665,0.0
23CCMPtex + 3MBt2pp,2,0.4453701529337645,0.0
23CCMPtex + 3MBt4pp,2,0.4453701529337645,0.0
23CCMPtex + 3MBtex,2,0.4453701529337645,0.0
23CCMPtex + 3NTD2pp,2,0.4453701529337645,0.0
23CCMPtex + 3NTD4pp,2,0.4453701529337645,0.0
23CCMPtex + VALt2r,2,0.4453701529337631,0.0
23CCMPtex + VALt2rpp,2,0.4453701529337631,0.0
23CGMPtex + VALt3pp,2,0.3446191415899198,0.0
23CGMPtex + VALtex,2,0.3446191415899196,0.0
23CGMPtex + VECOAH,2,0.3446191415899196,0.0
23CGMPtex + VNDH_2,2,0.3446191415899196,0.0
23CGMPtex + VPAMTr,2,0.3446191415899193,0.0
23CGMPtex + XANt2,2,0.3446191415899193,0.0
23CGMPtex + XPPT,2,0.3446191415899193,0.0
23CGMPtex + XTSNH,2,0.3446191415899193,0.0
23CGMPtex + XYLI1,2,0.3446191415899198,0.0
23CGMPtex + XYLI2,2,0.34461914158991974,0.0
23CGMPtex + XYLK,2,0.34461914158991974,0.0
23CGMPtex + XYLabc,2,0.34461914158991974,0.0
23CGMPtex + XYLabcpp,2,0.34461914158991974,0.0
23CGMPtex + XYLt2,2,0.34461914158991974,0.0
23CGMPtex + 23PDE2pp,2,0.34461914158991974,0.0
23CGMPtex + 23CUMPtex,2,0.34461914158991974,0.0
23CGMPtex + 2HXMPt6,2,0.3446191415899191,0.0
23CGMPtex + 2INSD,2,0.3446191415899191,0.0
23CGMPtex + 2MAHMP,2,0.3446191415899191,0.0
23CGMPtex + 2PGLYCt6,2,0.3446191415899191,0.0
23CGMPtex + 2S6HCCi,2,0.3446191415899191,0.0
23CGMPtex + 34HPPOR,2,0.3446191415899191,0.0
23CGMPtex + 3AMPt6,2,0.3446191415899191,0.0
23CGMPtex + 3CMPt6,2,0.3446191415899195,0.0
23CGMPtex + 3GMPtex_1,2,0.1708292277360711,0.0
23CGMPtex + 3MBt2pp,2,0.3446191415899196,0.0
23CGMPtex + 3MBt4pp,2,0.3446191415899196,0.0
23CGMPtex + 3MBtex,2,0.3446191415899196,0.0
23CGMPtex + 3NTD2pp,2,0.3446191415899196,0.0
23CGMPtex + 3NTD4pp,2,0.3446191415899196,0.0
23CGMPtex + VALt2r,2,0.3446191415899198,0.0
23CGMPtex + VALt2rpp,2,0.3446191415899198,0.0
23CUMPtex + VALt2rpp,2,0.4453701529337645,0.0
23CUMPtex + VALt3pp,2,0.4453701529337645,0.0
23CUMPtex + VALtex,2,0.4453701529337642,0.0
23CUMPtex + VECOAH,2,0.4453701529337642,0.0
23CUMPtex + VNDH_2,2,0.4453701529337642,0.0
23CUMPtex + VPAMTr,2,0.4453701529337642,0.0
23CUMPtex + XANt2,2,0.4453701529337642,0.0
23CUMPtex + XPPT,2,0.4453701529337642,0.0
23CUMPtex + XTSNH,2,0.4453701529337642,0.0
23CUMPtex + XYLI1,2,0.4453701529337642,0.0
23CUMPtex + XYLI2,2,0.4453701529337642,0.0
23CUMPtex + XYLK,2,0.4453701529337642,0.0
23CUMPtex + XYLabc,2,0.4453701529337642,0.0
23CUMPtex + XYLabcpp,2,0.4453701529337642,0.0
23CUMPtex + XYLt2,2,0.4453701529337642,0.0
23CUMPtex + 23PDE2pp,2,0.4453701529337638,0.0
23PDE2pp + XYLt2,2,0.4453701529337626,0.0
23CUMPtex + 2HXMPt6,2,0.44537015293376425,0.0
23CUMPtex + 2INSD,2,0.44537015293376425,0.0
23CUMPtex + 2MAHMP,2,0.44537015293376425,0.0
23CUMPtex + 2PGLYCt6,2,0.44537015293376425,0.0
23CUMPtex + 2S6HCCi,2,0.44537015293376425,0.0
23CUMPtex + 34HPPOR,2,0.44537015293376425,0.0
23CUMPtex + 3AMPt6,2,0.44537015293376425,0.0
23CUMPtex + 3CMPt6,2,0.4453701529337634,0.0
23CUMPtex + 3GMPtex_1,2,0.17156762868765996,0.0
23CUMPtex + 3MBt2pp,2,0.4453701529337642,0.0
23CUMPtex + 3MBt4pp,2,0.4453701529337642,0.0
23CUMPtex + 3MBtex,2,0.4453701529337642,0.0
23CUMPtex + 3NTD2pp,2,0.4453701529337642,0.0
23CUMPtex + 3NTD4pp,2,0.4453701529337642,0.0
23CUMPtex + VALt2r,2,0.4453701529337645,0.0
23PDE2pp + 3NTD4pp,2,0.4453701529337626,0.0
23PDE2pp + VALt2r,2,0.44537015293376253,0.0
23PDE2pp + VALt2rpp,2,0.44537015293376253,0.0
23PDE2pp + VALt3pp,2,0.44537015293376253,0.0
23PDE2pp + VALtex,2,0.4453701529337626,0.0
23PDE2pp + VECOAH,2,0.4453701529337626,0.0
23PDE2pp + VNDH_2,2,0.4453701529337626,0.0
23PDE2pp + VPAMTr,2,0.4453701529337626,0.0
23PDE2pp + XANt2,2,0.4453701529337626,0.0
23PDE2pp + XPPT,2,0.4453701529337626,0.0
23PDE2pp + XTSNH,2,0.4453701529337626,0.0
23PDE2pp + XYLI1,2,0.4453701529337626,0.0
23PDE2pp + XYLI2,2,0.4453701529337626,0.0
23PDE2pp + XYLK,2,0.4453701529337626,0.0
23PDE2pp + XYLabc,2,0.4453701529337626,0.0
23PDE2pp + XYLabcpp,2,0.4453701529337626,0.0
XYLK + XYLt2,2,0.4453701529337629,0.0
XYLabc + XYLt2,2,0.4453701529337629,0.0
XYLabcpp + XYLt2,2,0.4453701529337629,0.0
23PDE2pp + 2HXMPt6,2,0.44537015293376336,0.0
23PDE2pp + 2INSD,2,0.44537015293376336,0.0
23PDE2pp + 2MAHMP,2,0.44537015293376336,0.0
23PDE2pp + 2PGLYCt6,2,0.44537015293376336,0.0
23PDE2pp + 2S6HCCi,2,0.44537015293376336,0.0
23PDE2pp + 34HPPOR,2,0.44537015293376336,0.0
23PDE2pp + 3AMPt6,2,0.44537015293376336,0.0
23PDE2pp + 3CMPt6,2,0.4453701529337645,0.0
23PDE2pp + 3GMPtex_1,2,0.17156762868765996,0.0
23PDE2pp + 3MBt2pp,2,0.4453701529337626,0.0
23PDE2pp + 3MBt4pp,2,0.4453701529337626,0.0
23PDE2pp + 3MBtex,2,0.4453701529337626,0.0
23PDE2pp + 3NTD2pp,2,0.4453701529337626,0.0
3MBt4pp + XYLt2,2,0.44537015293376314,0.0
3MBtex + XYLt2,2,0.445370152933763,0.0
3NTD2pp + XYLt2,2,0.4453701529337629,0.0
3NTD4pp + XYLt2,2,0.4453701529337629,0.0
VALt2r + XYLt2,2,0.4453701529337634,0.0
VALt2rpp + XYLt2,2,0.4453701529337634,0.0
VALt3pp + XYLt2,2,0.4453701529337634,0.0
VALtex + XYLt2,2,0.4453701529337629,0.0
VECOAH + XYLt2,2,0.4453701529337629,0.0
VNDH_2 + XYLt2,2,0.4453701529337629,0.0
VPAMTr + XYLt2,2,0.4453701529337629,0.0
XANt2 + XYLt2,2,0.4453701529337629,0.0
XPPT + XYLt2,2,0.4453701529337629,0.0
XTSNH + XYLt2,2,0.4453701529337629,0.0
XYLI1 + XYLt2,2,0.4453701529337629,0.0
XYLI2 + XYLt2,2,0.4453701529337629,0.0
XPPT + XYLabcpp,2,0.4453701529337642,0.0
XTSNH + XYLabcpp,2,0.4453701529337642,0.0
XYLI1 + XYLabcpp,2,0.4453701529337642,0.0
XYLI2 + XYLabcpp,2,0.4453701529337642,0.0
XYLK + XYLabcpp,2,0.4453701529337642,0.0
XYLabc + XYLabcpp,2,0.4453701529337642,0.0
2HXMPt6 + XYLt2,2,0.4453701529337629,0.0
2INSD + XYLt2,2,0.4453701529337629,0.0
2MAHMP + XYLt2,2,0.4453701529337629,0.0
2PGLYCt6 + XYLt2,2,0.4453701529337629,0.0
2S6HCCi + XYLt2,2,0.4453701529337629,0.0
34HPPOR + XYLt2,2,0.4453701529337629,0.0
3AMPt6 + XYLt2,2,0.4453701529337629,0.0
3CMPt6 + XYLt2,2,0.44537015293376386,0.0
3GMPtex_1 + XYLt2,2,0.17156762868786912,0.0
3MBt2pp + XYLt2,2,0.44537015293376314,0.0
3AMPt6 + XYLabcpp,2,0.4453701529337642,0.0
3CMPt6 + XYLabcpp,2,0.4453701529337643,0.0
3GMPtex_1 + XYLabcpp,2,0.17156762868765948,0.0
3MBt2pp + XYLabcpp,2,0.4453701529337642,0.0
3MBt4pp + XYLabcpp,2,0.4453701529337642,0.0
3MBtex + XYLabcpp,2,0.4453701529337642,0.0
3NTD2pp + XYLabcpp,2,0.4453701529337642,0.0
3NTD4pp + XYLabcpp,2,0.4453701529337642,0.0
VALt2r + XYLabcpp,2,0.445370152933764,0.0
VALt2rpp + XYLabcpp,2,0.445370152933764,0.0
VALt3pp + XYLabcpp,2,0.445370152933764,0.0
VALtex + XYLabcpp,2,0.4453701529337642,0.0
VECOAH + XYLabcpp,2,0.4453701529337642,0.0
VNDH_2 + XYLabcpp,2,0.4453701529337642,0.0
VPAMTr + XYLabcpp,2,0.4453701529337642,0.0
XANt2 + XYLabcpp,2,0.4453701529337642,0.0
VALtex + XYLabc,2,0.44537015293376336,0.0
VECOAH + XYLabc,2,0.44537015293376336,0.0
VNDH_2 + XYLabc,2,0.44537015293376336,0.0
VPAMTr + XYLabc,2,0.44537015293376336,0.0
XANt2 + XYLabc,2,0.44537015293376336,0.0
XPPT + XYLabc,2,0.44537015293376336,0.0
XTSNH + XYLabc,2,0.44537015293376336,0.0
XYLI1 + XYLabc,2,0.44537015293376336,0.0
XYLI2 + XYLabc,2,0.44537015293376336,0.0
XYLK + XYLabc,2,0.44537015293376336,0.0
2HXMPt6 + XYLabcpp,2,0.4453701529337642,0.0
2INSD + XYLabcpp,2,0.4453701529337642,0.0
2MAHMP + XYLabcpp,2,0.4453701529337642,0.0
2PGLYCt6 + XYLabcpp,2,0.4453701529337642,0.0
2S6HCCi + XYLabcpp,2,0.4453701529337642,0.0
34HPPOR + XYLabcpp,2,0.4453701529337642,0.0
2INSD + XYLabc,2,0.445370152933764,0.0
2MAHMP + XYLabc,2,0.445370152933764,0.0
2PGLYCt6 + XYLabc,2,0.445370152933764,0.0
2S6HCCi + XYLabc,2,0.445370152933764,0.0
34HPPOR + XYLabc,2,0.445370152933764,0.0
3AMPt6 + XYLabc,2,0.445370152933764,0.0
3CMPt6 + XYLabc,2,0.445370152933764,0.0
3GMPtex_1 + XYLabc,2,0.17156762868765962,0.0
3MBt2pp + XYLabc,2,0.44537015293376336,0.0
3MBt4pp + XYLabc,2,0.44537015293376336,0.0
3MBtex + XYLabc,2,0.44537015293376336,0.0
3NTD2pp + XYLabc,2,0.44537015293376336,0.0
3NTD4pp + XYLabc,2,0.44537015293376336,0.0
VALt2r + XYLabc,2,0.44537015293376353,0.0
VALt2rpp + XYLabc,2,0.44537015293376353,0.0
VALt3pp + XYLabc,2,0.44537015293376353,0.0
3MBtex + XYLK,2,0.4453701529337624,0.0
3NTD2pp + XYLK,2,0.4453701529337624,0.0
3NTD4pp + XYLK,2,0.4453701529337624,0.0
VALt2r + XYLK,2,0.4453701529337626,0.0
VALt2rpp + XYLK,2,0.4453701529337626,0.0
VALt3pp + XYLK,2,0.4453701529337626,0.0
VALtex + XYLK,2,0.4453701529337624,0.0
VECOAH + XYLK,2,0.4453701529337624,0.0
VNDH_2 + XYLK,2,0.4453701529337624,0.0
VPAMTr + XYLK,2,0.4453701529337624,0.0
XANt2 + XYLK,2,0.4453701529337624,0.0
XPPT + XYLK,2,0.4453701529337624,0.0
XTSNH + XYLK,2,0.4453701529337624,0.0
XYLI1 + XYLK,2,0.4453701529337624,0.0
XYLI2 + XYLK,2,0.4453701529337624,0.0
2HXMPt6 + XYLabc,2,0.445370152933764,0.0
VPAMTr + XYLI2,2,0.44537015293376353,0.0
XANt2 + XYLI2,2,0.44537015293376353,0.0
XPPT + XYLI2,2,0.44537015293376353,0.0
XTSNH + XYLI2,2,0.44537015293376353,0.0
XYLI1 + XYLI2,2,0.44537015293376353,0.0
2HXMPt6 + XYLK,2,0.4453701529337637,0.0
2INSD + XYLK,2,0.4453701529337637,0.0
2MAHMP + XYLK,2,0.4453701529337637,0.0
2PGLYCt6 + XYLK,2,0.4453701529337637,0.0
2S6HCCi + XYLK,2,0.4453701529337637,0.0
34HPPOR + XYLK,2,0.4453701529337637,0.0
3AMPt6 + XYLK,2,0.4453701529337637,0.0
3CMPt6 + XYLK,2,0.44537015293376353,0.0
3GMPtex_1 + XYLK,2,0.1715676286876131,0.0
3MBt2pp + XYLK,2,0.4453701529337624,0.0
3MBt4pp + XYLK,2,0.4453701529337624,0.0
2S6HCCi + XYLI2,2,0.4453701529337634,0.0
34HPPOR + XYLI2,2,0.4453701529337634,0.0
3AMPt6 + XYLI2,2,0.4453701529337634,0.0
3CMPt6 + XYLI2,2,0.4453701529337647,0.0
3GMPtex_1 + XYLI2,2,0.17156762868766584,0.0
3MBt2pp + XYLI2,2,0.44537015293376364,0.0
3MBt4pp + XYLI2,2,0.44537015293376364,0.0
3MBtex + XYLI2,2,0.4453701529337632,0.0
3NTD2pp + XYLI2,2,0.44537015293376353,0.0
3NTD4pp + XYLI2,2,0.44537015293376353,0.0
VALt2r + XYLI2,2,0.44537015293376286,0.0
VALt2rpp + XYLI2,2,0.44537015293376286,0.0
VALt3pp + XYLI2,2,0.44537015293376286,0.0
VALtex + XYLI2,2,0.44537015293376353,0.0
VECOAH + XYLI2,2,0.44537015293376353,0.0
VNDH_2 + XYLI2,2,0.44537015293376353,0.0
3NTD2pp + XYLI1,2,0.44537015293376325,0.0
3NTD4pp + XYLI1,2,0.44537015293376325,0.0
VALt2r + XYLI1,2,0.445370152933764,0.0
VALt2rpp + XYLI1,2,0.445370152933764,0.0
VALt3pp + XYLI1,2,0.445370152933764,0.0
VALtex + XYLI1,2,0.44537015293376325,0.0
VECOAH + XYLI1,2,0.44537015293376325,0.0
VNDH_2 + XYLI1,2,0.44537015293376325,0.0
VPAMTr + XYLI1,2,0.44537015293376325,0.0
XANt2 + XYLI1,2,0.44537015293376325,0.0
XPPT + XYLI1,2,0.44537015293376325,0.0
XTSNH + XYLI1,2,0.44537015293376325,0.0
2HXMPt6 + XYLI2,2,0.4453701529337634,0.0
2INSD + XYLI2,2,0.4453701529337634,0.0
2MAHMP + XYLI2,2,0.4453701529337634,0.0
2PGLYCt6 + XYLI2,2,0.4453701529337634,0.0
VNDH_2 + XTSNH,2,0.4453701529337629,0.0
VPAMTr + XTSNH,2,0.4453701529337629,0.0
XANt2 + XTSNH,2,0.4453701529337629,0.0
XPPT + XTSNH,2,0.4453701529337629,0.0
2HXMPt6 + XYLI1,2,0.4453701529337628,0.0
2INSD + XYLI1,2,0.4453701529337628,0.0
2MAHMP + XYLI1,2,0.4453701529337628,0.0
2PGLYCt6 + XYLI1,2,0.4453701529337628,0.0
2S6HCCi + XYLI1,2,0.4453701529337628,0.0
34HPPOR + XYLI1,2,0.4453701529337628,0.0
3AMPt6 + XYLI1,2,0.4453701529337628,0.0
3CMPt6 + XYLI1,2,0.44537015293376464,0.0
3GMPtex_1 + XYLI1,2,0.17156762868786346,0.0
3MBt2pp + XYLI1,2,0.44537015293376325,0.0
3MBt4pp + XYLI1,2,0.44537015293376325,0.0
3MBtex + XYLI1,2,0.44537015293376325,0.0
2PGLYCt6 + XTSNH,2,0.4453701529337636,0.0
2S6HCCi + XTSNH,2,0.4453701529337636,0.0
34HPPOR + XTSNH,2,0.4453701529337636,0.0
3AMPt6 + XTSNH,2,0.4453701529337636,0.0
3CMPt6 + XTSNH,2,0.4453701529337632,0.0
3GMPtex_1 + XTSNH,2,0.17156762868751727,0.0
3MBt2pp + XTSNH,2,0.44537015293376253,0.0
3MBt4pp + XTSNH,2,0.44537015293376253,0.0
3MBtex + XTSNH,2,0.4453701529337628,0.0
3NTD2pp + XTSNH,2,0.4453701529337629,0.0
3NTD4pp + XTSNH,2,0.4453701529337629,0.0
VALt2r + XTSNH,2,0.4453701529337638,0.0
VALt2rpp + XTSNH,2,0.4453701529337638,0.0
VALt3pp + XTSNH,2,0.4453701529337638,0.0
VALtex + XTSNH,2,0.4453701529337629,0.0
VECOAH + XTSNH,2,0.4453701529337629,0.0
3MBt2pp + XPPT,2,0.4453701529337641,0.0
3MBt4pp + XPPT,2,0.4453701529337641,0.0
3MBtex + XPPT,2,0.4453701529337641,0.0
3NTD2pp + XPPT,2,0.4453701529337641,0.0
3NTD4pp + XPPT,2,0.4453701529337641,0.0
VALt2r + XPPT,2,0.44537015293376336,0.0
VALt2rpp + XPPT,2,0.44537015293376336,0.0
VALt3pp + XPPT,2,0.44537015293376336,0.0
VALtex + XPPT,2,0.4453701529337641,0.0
VECOAH + XPPT,2,0.4453701529337641,0.0
VNDH_2 + XPPT,2,0.4453701529337641,0.0
VPAMTr + XPPT,2,0.4453701529337641,0.0
XANt2 + XPPT,2,0.4453701529337641,0.0
2HXMPt6 + XTSNH,2,0.4453701529337636,0.0
2INSD + XTSNH,2,0.4453701529337636,0.0
2MAHMP + XTSNH,2,0.4453701529337636,0.0
VALt2r + XANt2,2,0.44537015293376336,0.0
VALt2rpp + XANt2,2,0.44537015293376336,0.0
VALt3pp + XANt2,2,0.44537015293376336,0.0
VALtex + XANt2,2,0.44537015293376336,0.0
VECOAH + XANt2,2,0.44537015293376336,0.0
VNDH_2 + XANt2,2,0.44537015293376336,0.0
VPAMTr + XANt2,2,0.44537015293376336,0.0
2HXMPt6 + XPPT,2,0.445370152933764,0.0
2INSD + XPPT,2,0.445370152933764,0.0
2MAHMP + XPPT,2,0.445370152933764,0.0
2PGLYCt6 + XPPT,2,0.445370152933764,0.0
2S6HCCi + XPPT,2,0.445370152933764,0.0
34HPPOR + XPPT,2,0.445370152933764,0.0
3AMPt6 + XPPT,2,0.445370152933764,0.0
3CMPt6 + XPPT,2,0.44537015293376364,0.0
3GMPtex_1 + XPPT,2,0.17156762868766065,0.0
VECOAH + VPAMTr,2,0.4453701529337635,0.0
VNDH_2 + VPAMTr,2,0.4453701529337635,0.0
2HXMPt6 + XANt2,2,0.4453701529337638,0.0
2INSD + XANt2,2,0.4453701529337638,0.0
2MAHMP + XANt2,2,0.4453701529337638,0.0
2PGLYCt6 + XANt2,2,0.4453701529337638,0.0
2S6HCCi + XANt2,2,0.4453701529337638,0.0
34HPPOR + XANt2,2,0.4453701529337638,0.0
3AMPt6 + XANt2,2,0.4453701529337638,0.0
3CMPt6 + XANt2,2,0.44537015293376314,0.0
3GMPtex_1 + XANt2,2,0.17156762868766115,0.0
3MBt2pp + XANt2,2,0.44537015293376336,0.0
3MBt4pp + XANt2,2,0.44537015293376336,0.0
3MBtex + XANt2,2,0.44537015293376336,0.0
3NTD2pp + XANt2,2,0.44537015293376336,0.0
3NTD4pp + XANt2,2,0.44537015293376336,0.0
2MAHMP + VPAMTr,2,0.4453701529337644,0.0
2PGLYCt6 + VPAMTr,2,0.4453701529337644,0.0
2S6HCCi + VPAMTr,2,0.4453701529337644,0.0
34HPPOR + VPAMTr,2,0.4453701529337644,0.0
3AMPt6 + VPAMTr,2,0.4453701529337644,0.0
3CMPt6 + VPAMTr,2,0.4453701529337636,0.0
3GMPtex_1 + VPAMTr,2,0.17156762868766023,0.0
3MBt2pp + VPAMTr,2,0.4453701529337635,0.0
3MBt4pp + VPAMTr,2,0.4453701529337635,0.0
3MBtex + VPAMTr,2,0.4453701529337635,0.0
3NTD2pp + VPAMTr,2,0.4453701529337635,0.0
3NTD4pp + VPAMTr,2,0.4453701529337635,0.0
VALt2r + VPAMTr,2,0.4453701529337635,0.0
VALt2rpp + VPAMTr,2,0.4453701529337635,0.0
VALt3pp + VPAMTr,2,0.4453701529337635,0.0
VALtex + VPAMTr,2,0.4453701529337635,0.0
34HPPOR + VNDH_2,2,0.44537015293376414,0.0
3AMPt6 + VNDH_2,2,0.44537015293376414,0.0
3CMPt6 + VNDH_2,2,0.4453701529337639,0.0
3GMPtex_1 + VNDH_2,2,0.17156762868766015,0.0
3MBt2pp + VNDH_2,2,0.44537015293376336,0.0
3MBt4pp + VNDH_2,2,0.44537015293376336,0.0
3MBtex + VNDH_2,2,0.44537015293376336,0.0
3NTD2pp + VNDH_2,2,0.44537015293376336,0.0
3NTD4pp + VNDH_2,2,0.44537015293376336,0.0
VALt2r + VNDH_2,2,0.44537015293376314,0.0
VALt2rpp + VNDH_2,2,0.44537015293376314,0.0
VALt3pp + VNDH_2,2,0.44537015293376314,0.0
VALtex + VNDH_2,2,0.44537015293376336,0.0
VECOAH + VNDH_2,2,0.44537015293376336,0.0
2HXMPt6 + VPAMTr,2,0.4453701529337644,0.0
2INSD + VPAMTr,2,0.4453701529337644,0.0
3CMPt6 + VECOAH,2,0.4453701529337637,0.0
3GMPtex_1 + VECOAH,2,0.17156762868761663,0.0
3MBt2pp + VECOAH,2,0.445370152933764,0.0
3MBt4pp + VECOAH,2,0.445370152933764,0.0
3MBtex + VECOAH,2,0.445370152933764,0.0
3NTD2pp + VECOAH,2,0.445370152933764,0.0
3NTD4pp + VECOAH,2,0.445370152933764,0.0
VALt2r + VECOAH,2,0.44537015293376303,0.0
VALt2rpp + VECOAH,2,0.44537015293376303,0.0
VALt3pp + VECOAH,2,0.44537015293376303,0.0
VALtex + VECOAH,2,0.445370152933764,0.0
2HXMPt6 + VNDH_2,2,0.44537015293376414,0.0
2INSD + VNDH_2,2,0.44537015293376414,0.0
2MAHMP + VNDH_2,2,0.44537015293376414,0.0
2PGLYCt6 + VNDH_2,2,0.44537015293376414,0.0
2S6HCCi + VNDH_2,2,0.44537015293376414,0.0
3GMPtex_1 + VALtex,2,0.17156762868765985,0.0
3MBt2pp + VALtex,2,0.4453701529337637,0.0
3MBt4pp + VALtex,2,0.4453701529337637,0.0
3MBtex + VALtex,2,0.4453701529337637,0.0
3NTD2pp + VALtex,2,0.4453701529337637,0.0
3NTD4pp + VALtex,2,0.44537015293376403,0.0
VALt2r + VALtex,2,0.44213750527872026,0.0
VALt2rpp + VALtex,2,0.4453701529337636,0.0
VALt3pp + VALtex,2,0.4453701529337636,0.0
2HXMPt6 + VECOAH,2,0.44537015293376414,0.0
2INSD + VECOAH,2,0.44537015293376414,0.0
2MAHMP + VECOAH,2,0.44537015293376414,0.0
2PGLYCt6 + VECOAH,2,0.44537015293376414,0.0
2S6HCCi + VECOAH,2,0.44537015293376414,0.0
34HPPOR + VECOAH,2,0.44537015293376414,0.0
3AMPt6 + VECOAH,2,0.44537015293376414,0.0
3GMPtex_1 + VALt3pp,2,0.1715676286876343,0.0
3MBt2pp + VALt3pp,2,0.4453701529337626,0.0
3MBt4pp + VALt3pp,2,0.4453701529337626,0.0
3MBtex + VALt3pp,2,0.4453701529337626,0.0
3NTD2pp + VALt3pp,2,0.4453701529337626,0.0
3NTD4pp + VALt3pp,2,0.4453701529337626,0.0
VALt2r + VALt3pp,2,0.4453701529337635,0.0
VALt2rpp + VALt3pp,2,0.4453701529337635,0.0
2HXMPt6 + VALtex,2,0.44537015293376364,0.0
2INSD + VALtex,2,0.44537015293376364,0.0
2MAHMP + VALtex,2,0.44537015293376364,0.0
2PGLYCt6 + VALtex,2,0.44537015293376364,0.0
2S6HCCi + VALtex,2,0.44537015293376364,0.0
34HPPOR + VALtex,2,0.44537015293376364,0.0
3AMPt6 + VALtex,2,0.44537015293376364,0.0
3CMPt6 + VALtex,2,0.4453701529337633,0.0
3CMPt6 + VALt2rpp,2,0.4453701529337635,0.0
3GMPtex_1 + VALt2rpp,2,0.1715676286876606,0.0
3MBt2pp + VALt2rpp,2,0.44537015293376364,0.0
3MBt4pp + VALt2rpp,2,0.44537015293376364,0.0
3MBtex + VALt2rpp,2,0.44537015293376364,0.0
3NTD2pp + VALt2rpp,2,0.44537015293376364,0.0
3NTD4pp + VALt2rpp,2,0.44537015293376364,0.0
VALt2r + VALt2rpp,2,0.44213750527871987,0.0
2HXMPt6 + VALt3pp,2,0.44537015293376353,0.0
2INSD + VALt3pp,2,0.44537015293376353,0.0
2MAHMP + VALt3pp,2,0.44537015293376353,0.0
2PGLYCt6 + VALt3pp,2,0.44537015293376353,0.0
2S6HCCi + VALt3pp,2,0.44537015293376353,0.0
34HPPOR + VALt3pp,2,0.44537015293376353,0.0
3AMPt6 + VALt3pp,2,0.44537015293376353,0.0
3CMPt6 + VALt3pp,2,0.4453701529337613,0.0
34HPPOR + VALt2r,2,0.44537015293376353,0.0
3AMPt6 + VALt2r,2,0.44537015293376353,0.0
3CMPt6 + VALt2r,2,0.445370152933764,0.0
3GMPtex_1 + VALt2r,2,0.1715676286887374,0.0
3MBt2pp + VALt2r,2,0.4453701529337632,0.0
3MBt4pp + VALt2r,2,0.4453701529337632,0.0
3MBtex + VALt2r,2,0.4453701529337632,0.0
3NTD2pp + VALt2r,2,0.4453701529337632,0.0
3NTD4pp + VALt2r,2,0.44537015293376325,0.0
2HXMPt6 + VALt2rpp,2,0.44537015293376425,0.0
2INSD + VALt2rpp,2,0.44537015293376425,0.0
2MAHMP + VALt2rpp,2,0.44537015293376425,0.0
2PGLYCt6 + VALt2rpp,2,0.44537015293376425,0.0
2S6HCCi + VALt2rpp,2,0.44537015293376425,0.0
34HPPOR + VALt2rpp,2,0.44537015293376425,0.0
3AMPt6 + VALt2rpp,2,0.44537015293376425,0.0
2MAHMP + 3NTD4pp,2,0.44537015293376303,0.0
2PGLYCt6 + 3NTD4pp,2,0.44537015293376303,0.0
2S6HCCi + 3NTD4pp,2,0.44537015293376303,0.0
34HPPOR + 3NTD4pp,2,0.44537015293376303,0.0
3AMPt6 + 3NTD4pp,2,0.44537015293376303,0.0
3CMPt6 + 3NTD4pp,2,0.44537015293376386,0.0
3GMPtex_1 + 3NTD4pp,2,0.1715676286876678,0.0
3MBt2pp + 3NTD4pp,2,0.4453701529337633,0.0
3MBt4pp + 3NTD4pp,2,0.4453701529337633,0.0
3MBtex + 3NTD4pp,2,0.4453701529337633,0.0
3NTD2pp + 3NTD4pp,2,0.4453701529337633,0.0
2HXMPt6 + VALt2r,2,0.44537015293376353,0.0
2INSD + VALt2r,2,0.44537015293376353,0.0
2MAHMP + VALt2r,2,0.44537015293376353,0.0
2PGLYCt6 + VALt2r,2,0.44537015293376353,0.0
2S6HCCi + VALt2r,2,0.44537015293376353,0.0
3MBt2pp + 3MBtex,2,0.4453701529337636,0.0
3MBt4pp + 3MBtex,2,0.4453701529337636,0.0
2HXMPt6 + 3NTD2pp,2,0.445370152933763,0.0
2INSD + 3NTD2pp,2,0.445370152933763,0.0
2MAHMP + 3NTD2pp,2,0.445370152933763,0.0
2PGLYCt6 + 3NTD2pp,2,0.445370152933763,0.0
2S6HCCi + 3NTD2pp,2,0.445370152933763,0.0
34HPPOR + 3NTD2pp,2,0.445370152933763,0.0
3AMPt6 + 3NTD2pp,2,0.445370152933763,0.0
3CMPt6 + 3NTD2pp,2,0.44537015293376375,0.0
3GMPtex_1 + 3NTD2pp,2,0.17156762868766082,0.0
3MBt2pp + 3NTD2pp,2,0.4453701529337635,0.0
3MBt4pp + 3NTD2pp,2,0.4453701529337635,0.0
3MBtex + 3NTD2pp,2,0.4453701529337635,0.0
2HXMPt6 + 3NTD4pp,2,0.44537015293376303,0.0
2INSD + 3NTD4pp,2,0.44537015293376303,0.0
2PGLYCt6 + 3MBt4pp,2,0.445370152933764,0.0
2S6HCCi + 3MBt4pp,2,0.445370152933764,0.0
34HPPOR + 3MBt4pp,2,0.445370152933764,0.0
3AMPt6 + 3MBt4pp,2,0.445370152933764,0.0
3CMPt6 + 3MBt4pp,2,0.4453701529337637,0.0
3GMPtex_1 + 3MBt4pp,2,0.1715676286876598,0.0
3MBt2pp + 3MBt4pp,2,0.445370152933764,0.0
2HXMPt6 + 3MBtex,2,0.4453701529337633,0.0
2INSD + 3MBtex,2,0.4453701529337633,0.0
2MAHMP + 3MBtex,2,0.4453701529337633,0.0
2PGLYCt6 + 3MBtex,2,0.4453701529337633,0.0
2S6HCCi + 3MBtex,2,0.4453701529337633,0.0
34HPPOR + 3MBtex,2,0.4453701529337633,0.0
3AMPt6 + 3MBtex,2,0.4453701529337633,0.0
3CMPt6 + 3MBtex,2,0.4453701529337659,0.0
3GMPtex_1 + 3MBtex,2,0.17156762868765862,0.0
2S6HCCi + 3GMPtex_1,2,0.17156762868766035,0.0
34HPPOR + 3GMPtex_1,2,0.17156762868766035,0.0
3AMPt6 + 3GMPtex_1,2,0.17156762868766035,0.0
3CMPt6 + 3GMPtex_1,2,0.17156762868766035,0.0
2HXMPt6 + 3MBt2pp,2,0.4453701529337633,0.0
2INSD + 3MBt2pp,2,0.4453701529337633,0.0
2MAHMP + 3MBt2pp,2,0.4453701529337633,0.0
2PGLYCt6 + 3MBt2pp,2,0.4453701529337633,0.0
2S6HCCi + 3MBt2pp,2,0.4453701529337633,0.0
34HPPOR + 3MBt2pp,2,0.4453701529337633,0.0
3AMPt6 + 3MBt2pp,2,0.4453701529337633,0.0
3CMPt6 + 3MBt2pp,2,0.4453701529337639,0.0
3GMPtex_1 + 3MBt2pp,2,0.17156762868764314,0.0
2HXMPt6 + 3MBt4pp,2,0.445370152933764,0.0
2INSD + 3MBt4pp,2,0.445370152933764,0.0
2MAHMP + 3MBt4pp,2,0.445370152933764,0.0
AACOAR_syn + XYLabc,2,0.4453701529337636,0.0
2HXMPt6 + 2MAHMP,2,0.44537015293376403,0.0
2INSD + 2MAHMP,2,0.44537015293376403,0.0
2HXMPt6 + 2PGLYCt6,2,0.4453701529337637,0.0
2INSD + 2PGLYCt6,2,0.4453701529337637,0.0
2MAHMP + 2PGLYCt6,2,0.4453701529337637,0.0
2HXMPt6 + 2S6HCCi,2,0.44537015293376314,0.0
2INSD + 2S6HCCi,2,0.44537015293376314,0.0
2MAHMP + 2S6HCCi,2,0.44537015293376314,0.0
2PGLYCt6 + 2S6HCCi,2,0.44537015293376314,0.0
2HXMPt6 + 34HPPOR,2,0.44537015293376314,0.0
2INSD + 34HPPOR,2,0.44537015293376314,0.0
2MAHMP + 34HPPOR,2,0.44537015293376314,0.0
2PGLYCt6 + 34HPPOR,2,0.44537015293376314,0.0
2S6HCCi + 34HPPOR,2,0.44537015293376314,0.0
2HXMPt6 + 3AMPt6,2,0.4453701529337632,0.0
3MBtex + AACOAR_syn,2,0.4453701529337636,0.0
3NTD2pp + AACOAR_syn,2,0.4453701529337636,0.0
3NTD4pp + AACOAR_syn,2,0.4453701529337636,0.0
AACOAR_syn + VALt2r,2,0.4453701529337636,0.0
AACOAR_syn + VALt2rpp,2,0.4453701529337636,0.0
AACOAR_syn + VALt3pp,2,0.4453701529337636,0.0
AACOAR_syn + VALtex,2,0.4453701529337636,0.0
AACOAR_syn + VECOAH,2,0.4453701529337636,0.0
AACOAR_syn + VNDH_2,2,0.4453701529337636,0.0
AACOAR_syn + VPAMTr,2,0.4453701529337636,0.0
AACOAR_syn + XANt2,2,0.4453701529337636,0.0
AACOAR_syn + XPPT,2,0.4453701529337636,0.0
AACOAR_syn + XTSNH,2,0.4453701529337636,0.0
AACOAR_syn + XYLI1,2,0.4453701529337636,0.0
AACOAR_syn + XYLI2,2,0.4453701529337636,0.0
AACOAR_syn + XYLK,2,0.4453701529337636,0.0
