glucose_uptake,o2_uptake,nh4_uptake,PHB_flux_output
0.234375,8.30078125,2.9296875,3.6085977148173294
3.828125,8.30078125,2.9296875,3.608597714817278
0.234375,22.55859375,2.9296875,3.9379815139074883
0.234375,8.30078125,6.7578125,3.6085977148172925
0.234375,22.55859375,6.7578125,3.937981513908776
3.828125,8.30078125,6.7578125,3.6085977148172628
3.828125,22.55859375,2.9296875,3.9379815139085204
3.828125,22.55859375,6.7578125,3.937981513908678
10.234375,20.80078125,7.9296875,3.937981513908679
13.828125,20.80078125,7.9296875,3.9379815139086722
10.234375,10.05859375,7.9296875,3.920484439447928
10.234375,20.80078125,1.7578125,3.937981513908647
10.234375,10.05859375,1.7578125,3.9204844394480856
13.828125,20.80078125,1.7578125,3.9379815139087073
13.828125,10.05859375,7.9296875,3.9204844394479634
13.828125,10.05859375,1.7578125,3.920484439449124
15.234375,2.05078125,0.4296875,3.3138013346580175
8.828125,2.05078125,0.4296875,3.313801334658047
15.234375,3.80859375,0.4296875,3.192571948816086
15.234375,2.05078125,4.2578125,3.3176175528632936
15.234375,3.80859375,4.2578125,3.1923908250165374
8.828125,2.05078125,4.2578125,3.317617552863255
8.828125,3.80859375,0.4296875,3.192571948816171
8.828125,3.80859375,4.2578125,3.1923908250164637
5.234375,14.55078125,5.4296875,3.9379815139086127
18.828125,14.55078125,5.4296875,3.937981513908645
5.234375,16.30859375,5.4296875,3.9379815139088743
5.234375,14.55078125,9.2578125,3.9379815139086713
5.234375,16.30859375,9.2578125,3.937981513908659
18.828125,14.55078125,9.2578125,3.937981513908724
18.828125,16.30859375,5.4296875,3.937981513908616
18.828125,16.30859375,9.2578125,3.9379815139087864
7.734375,5.17578125,9.1796875,3.0084192254945696
16.328125,5.17578125,9.1796875,3.0084192254945976
7.734375,13.18359375,9.1796875,3.9379815139088055
7.734375,5.17578125,5.5078125,3.0084192254946944
7.734375,13.18359375,5.5078125,3.93798151390875
16.328125,5.17578125,5.5078125,3.0084192254941264
16.328125,13.18359375,9.1796875,3.937981513908689
16.328125,13.18359375,5.5078125,3.937981513908735
17.734375,17.67578125,4.1796875,3.9379815139088246
6.328125,17.67578125,4.1796875,3.9379815139087837
17.734375,0.68359375,4.1796875,3.1474506842986236
17.734375,17.67578125,0.5078125,3.9379815139088765
17.734375,0.68359375,0.5078125,3.0829728081835617
6.328125,17.67578125,0.5078125,3.9379815139086864
6.328125,0.68359375,4.1796875,3.147450684298934
6.328125,0.68359375,0.5078125,3.082972808183653
12.734375,11.42578125,6.6796875,3.937981513908642
11.328125,11.42578125,6.6796875,3.9379815139086762
12.734375,6.93359375,6.6796875,3.3481810481506415
12.734375,11.42578125,3.0078125,3.937981513908745
12.734375,6.93359375,3.0078125,3.348181048150557
11.328125,11.42578125,3.0078125,3.937981513908727
11.328125,6.93359375,6.6796875,3.348181048150618
11.328125,6.93359375,3.0078125,3.348181048150655
2.734375,23.92578125,1.6796875,3.9379815139087895
1.328125,23.92578125,1.6796875,3.9379815139086505
2.734375,19.43359375,1.6796875,3.9379815139086998
2.734375,23.92578125,8.0078125,3.9379815139087566
2.734375,19.43359375,8.0078125,3.937981513908747
1.328125,23.92578125,8.0078125,3.9379815139087375
1.328125,19.43359375,1.6796875,3.937981513908704
1.328125,19.43359375,8.0078125,3.9379815139086536
3.984375,0.48828125,7.3046875,3.1396498851099994
5.078125,0.48828125,7.3046875,3.1396498851100514
3.984375,11.62109375,7.3046875,3.937981513908711
3.984375,0.48828125,9.8828125,3.1396498851100207
3.984375,11.62109375,9.8828125,3.9379815139086864
5.078125,0.48828125,9.8828125,3.1396498851099905
5.078125,11.62109375,7.3046875,3.93798151390874
5.078125,11.62109375,9.8828125,3.9379815139087375
13.984375,12.98828125,2.3046875,3.937981513908746
15.078125,12.98828125,2.3046875,3.937981513908674
13.984375,24.12109375,2.3046875,3.937981513908606
13.984375,12.98828125,4.8828125,3.93798151390868
13.984375,24.12109375,4.8828125,3.937981513908715
15.078125,12.98828125,4.8828125,3.9379815139086496
15.078125,24.12109375,2.3046875,3.937981513908724
15.078125,24.12109375,4.8828125,3.937981513908407
18.984375,6.73828125,9.8046875,3.310978667198179
0.078125,6.73828125,9.8046875,3.310978667198251
18.984375,17.87109375,9.8046875,3.937981513908304
18.984375,6.73828125,2.3828125,3.310978667198229
18.984375,17.87109375,2.3828125,3.9379815139085506
0.078125,6.73828125,2.3828125,3.310978667198344
0.078125,17.87109375,9.8046875,3.937981513908689
0.078125,17.87109375,2.3828125,3.9379815139087517
8.984375,19.23828125,4.8046875,3.93798151390875
10.078125,19.23828125,4.8046875,3.937981513908661
8.984375,5.37109375,4.8046875,3.0474817254950506
8.984375,19.23828125,7.3828125,3.937981513908592
8.984375,5.37109375,7.3828125,3.0474817254946154
10.078125,19.23828125,7.3828125,3.937981513908643
10.078125,5.37109375,4.8046875,3.0474817254945687
10.078125,5.37109375,7.3828125,3.047481725494688
6.484375,9.86328125,1.0546875,3.9051026751074773
12.578125,9.86328125,1.0546875,3.9051026751074907
6.484375,2.24609375,1.0546875,3.3224318111007265
6.484375,9.86328125,8.6328125,3.9051026751071904
6.484375,2.24609375,8.6328125,3.3224318111007762
12.578125,9.86328125,8.6328125,3.905102675107473
12.578125,2.24609375,1.0546875,3.322431811100545
12.578125,2.24609375,8.6328125,3.3224318111007216
16.484375,22.36328125,6.0546875,3.9379815139087575
2.578125,22.36328125,6.0546875,3.9379815139087175
16.484375,14.74609375,6.0546875,3.9379815139087433
16.484375,22.36328125,3.6328125,3.9379815139086856
16.484375,14.74609375,3.6328125,3.9379815139086745
2.578125,22.36328125,3.6328125,3.9379815139086176
2.578125,14.74609375,6.0546875,3.9379815139086536
2.578125,14.74609375,3.6328125,3.9379815139087677
11.484375,3.61328125,3.5546875,3.2209051283197248
17.578125,3.61328125,3.5546875,3.2209051283197523
11.484375,20.99609375,3.5546875,3.9379815139086904
11.484375,3.61328125,1.1328125,3.2209051283198433
11.484375,20.99609375,1.1328125,3.9379815139087375
17.578125,3.61328125,1.1328125,3.2209051283197527
17.578125,20.99609375,3.5546875,3.9379815139087317
17.578125,20.99609375,1.1328125,3.9379815139086016
1.484375,16.11328125,8.5546875,3.9379815139086203
7.578125,16.11328125,8.5546875,3.9379815139086225
1.484375,8.49609375,8.5546875,3.645800095769657
1.484375,16.11328125,6.1328125,3.937981513908637
1.484375,8.49609375,6.1328125,3.6458000957696406
7.578125,16.11328125,6.1328125,3.93798151390876
7.578125,8.49609375,8.5546875,3.6458000957696397
7.578125,8.49609375,6.1328125,3.6458000957696983
2.109375,4.39453125,1.9921875,3.0733852011273735
11.953125,4.39453125,1.9921875,3.073385201127423
2.109375,17.08984375,1.9921875,3.937981513908611
2.109375,4.39453125,3.3203125,3.0733852011274014
2.109375,17.08984375,3.3203125,3.9379815139088064
11.953125,4.39453125,3.3203125,3.0733852011273726
11.953125,17.08984375,1.9921875,3.9379815139086496
11.953125,17.08984375,3.3203125,3.937981513908149
12.109375,16.89453125,6.9921875,3.937981513908711
1.953125,16.89453125,6.9921875,3.93798151390873
12.109375,4.58984375,6.9921875,3.023592719749256
12.109375,16.89453125,8.3203125,3.937981513908689
12.109375,4.58984375,8.3203125,3.02359271974931
1.953125,16.89453125,8.3203125,3.937981513908425
1.953125,4.58984375,6.9921875,3.0235927197493058
1.953125,4.58984375,8.3203125,3.0235927197493897
17.109375,10.64453125,4.4921875,3.9379815139085554
16.953125,10.64453125,4.4921875,3.9379815139087024
17.109375,10.83984375,4.4921875,3.9379815139090955
17.109375,10.64453125,5.8203125,3.9379815139082712
17.109375,10.83984375,5.8203125,3.9379815139090555
16.953125,10.64453125,5.8203125,3.937981513908631
16.953125,10.83984375,4.4921875,3.9379815139088072
16.953125,10.83984375,5.8203125,3.93798151390876
7.109375,23.14453125,9.4921875,3.937981513908574
6.953125,23.14453125,9.4921875,3.9379815139086327
7.109375,23.33984375,9.4921875,3.9379815139087206
7.109375,23.14453125,0.8203125,3.9379815139086545
7.109375,23.33984375,0.8203125,3.9379815139086354
6.953125,23.14453125,0.8203125,3.937981513908845
6.953125,23.33984375,9.4921875,3.9379815139086354
6.953125,23.33984375,0.8203125,3.937981513908652
9.609375,7.51953125,5.7421875,3.4597881910093355
9.453125,7.51953125,5.7421875,3.4597881910077724
9.609375,20.21484375,5.7421875,3.937981513908689
9.609375,7.51953125,4.5703125,3.459788191007942
9.609375,20.21484375,4.5703125,3.93798151390856
9.453125,7.51953125,4.5703125,3.4597881910077475
9.453125,20.21484375,5.7421875,3.937981513908673
9.453125,20.21484375,4.5703125,3.937981513908886
19.609375,20.01953125,0.7421875,3.9379815139086967
19.453125,20.01953125,0.7421875,3.9379815139086385
19.609375,7.71484375,0.7421875,3.496990571960108
19.609375,20.01953125,9.5703125,3.937981513908622
19.609375,7.71484375,9.5703125,3.49699057196013
19.453125,20.01953125,9.5703125,3.9379815139087575
19.453125,7.71484375,0.7421875,3.496990571960142
19.453125,7.71484375,9.5703125,3.4969905719601004
14.609375,1.26953125,8.2421875,3.185729740532827
4.453125,1.26953125,8.2421875,3.1857297405327745
14.609375,1.46484375,8.2421875,3.2998091299648626
14.609375,1.26953125,7.0703125,3.185729740532857
14.609375,1.46484375,7.0703125,3.2998091299649785
4.453125,1.26953125,7.0703125,3.18572974053281
4.453125,1.46484375,8.2421875,3.2998091299649652
4.453125,1.46484375,7.0703125,3.2998091299649706
4.609375,13.76953125,3.2421875,3.9379815139086514
14.453125,13.76953125,3.2421875,3.9379815139086847
4.609375,13.96484375,3.2421875,3.937981513908694
4.609375,13.76953125,2.0703125,3.937981513908727
4.609375,13.96484375,2.0703125,3.93798151390883
14.453125,13.76953125,2.0703125,3.937981513908631
14.453125,13.96484375,3.2421875,3.937981513908779
14.453125,13.96484375,2.0703125,3.937981513908631
3.359375,12.20703125,7.6171875,3.937981513908765
18.203125,12.20703125,7.6171875,3.9379815139087704
3.359375,6.15234375,7.6171875,3.1993715243411454
3.359375,12.20703125,0.1953125,3.9379815139086385
3.359375,6.15234375,0.1953125,3.199371524341145
18.203125,12.20703125,0.1953125,3.9379815139087477
18.203125,6.15234375,7.6171875,3.1993715243411063
18.203125,6.15234375,0.1953125,3.1993715243410636
13.359375,24.70703125,2.6171875,3.9379815139086687
8.203125,24.70703125,2.6171875,3.9379815139086376
13.359375,18.65234375,2.6171875,3.9379815139086602
13.359375,24.70703125,5.1953125,3.9379815139086203
13.359375,18.65234375,5.1953125,3.9379815139087424
8.203125,24.70703125,5.1953125,3.9379815139086856
8.203125,18.65234375,2.6171875,3.937981513908663
8.203125,18.65234375,5.1953125,3.937981513908596
18.359375,5.95703125,5.1171875,3.162169143388692
13.203125,5.95703125,5.1171875,3.1621691433886117
18.359375,24.90234375,5.1171875,3.93798151390768
18.359375,5.95703125,7.6953125,3.162169143388727
18.359375,24.90234375,7.6953125,3.937981513908592
13.203125,5.95703125,7.6953125,3.162169143388743
13.203125,24.90234375,5.1171875,3.937981513908667
13.203125,24.90234375,7.6953125,3.9379815139087424
8.359375,18.45703125,0.1171875,3.937981513908764
3.203125,18.45703125,0.1171875,3.9379815139086394
8.359375,12.40234375,0.1171875,3.937981513908667
8.359375,18.45703125,2.6953125,3.937981513908803
8.359375,12.40234375,2.6953125,3.937981513908778
3.203125,18.45703125,2.6953125,3.937981513908625
3.203125,12.40234375,0.1171875,3.9379815139087753
3.203125,12.40234375,2.6953125,3.9379815139087206
5.859375,2.83203125,3.8671875,3.3349623415328584
0.703125,2.83203125,3.8671875,3.334962341534763
5.859375,9.27734375,3.8671875,3.7946096195818577
5.859375,2.83203125,1.4453125,3.334962341533063
5.859375,9.27734375,1.4453125,3.794609619570558
0.703125,2.83203125,1.4453125,3.3349623415328735
0.703125,9.27734375,3.8671875,3.794609619567433
0.703125,9.27734375,1.4453125,3.794609619579189
15.859375,15.33203125,8.8671875,3.937981513908677
10.703125,15.33203125,8.8671875,3.9379815139086496
15.859375,21.77734375,8.8671875,3.937981513908697
15.859375,15.33203125,6.4453125,3.937981513908646
15.859375,21.77734375,6.4453125,3.9379815139086762
10.703125,15.33203125,6.4453125,3.9379815139087344
10.703125,21.77734375,8.8671875,3.937981513908575
10.703125,21.77734375,6.4453125,3.9379815139086327
10.859375,9.08203125,1.3671875,3.7574072386267945
5.703125,9.08203125,1.3671875,3.7574072386268442
10.859375,15.52734375,1.3671875,3.937981513908803
10.859375,9.08203125,8.9453125,3.757407238626765
10.859375,15.52734375,8.9453125,3.9379815139087033
5.703125,9.08203125,8.9453125,3.757407238626833
5.703125,15.52734375,1.3671875,3.937981513908662
5.703125,15.52734375,8.9453125,3.9379815139086958
0.859375,21.58203125,6.3671875,3.9379815139085546
15.703125,21.58203125,6.3671875,3.937981513908643
0.859375,3.02734375,6.3671875,3.3064480382295933
0.859375,21.58203125,3.9453125,3.9379815139087193
0.859375,3.02734375,3.9453125,3.306448038229587
15.703125,21.58203125,3.9453125,3.9379815139087317
15.703125,3.02734375,6.3671875,3.306448038229595
15.703125,3.02734375,3.9453125,3.3064480382296044
1.171875,1.66015625,9.9609375,3.307989036388609
14.765625,1.66015625,9.9609375,3.3079890363886184
1.171875,19.04296875,9.9609375,3.937981513908664
1.171875,1.66015625,2.5390625,3.307989036388645
1.171875,19.04296875,2.5390625,3.937981513908694
14.765625,1.66015625,2.5390625,3.3079890363884568
14.765625,19.04296875,9.9609375,3.937981513908709
14.765625,19.04296875,2.5390625,3.9379815139092607
11.171875,14.16015625,4.9609375,3.9379815139084693
4.765625,14.16015625,4.9609375,3.937981513908657
11.171875,6.54296875,4.9609375,3.2737762862460675
11.171875,14.16015625,7.5390625,3.937981513908704
11.171875,6.54296875,7.5390625,3.2737762862458855
4.765625,14.16015625,7.5390625,3.9379815139087233
4.765625,6.54296875,4.9609375,3.2737762862459143
4.765625,6.54296875,7.5390625,3.2737762862458406
16.171875,7.91015625,7.4609375,3.5341929529125102
19.765625,7.91015625,7.4609375,3.534192952912555
16.171875,0.29296875,7.4609375,3.131849085921322
16.171875,7.91015625,5.0390625,3.5341929529122633
16.171875,0.29296875,5.0390625,3.1318490859210852
19.765625,7.91015625,5.0390625,3.534192952912824
19.765625,0.29296875,7.4609375,3.1318490859211434
19.765625,0.29296875,5.0390625,3.131849085921142
6.171875,20.41015625,2.4609375,3.937981513908642
9.765625,20.41015625,2.4609375,3.9379815139086967
6.171875,12.79296875,2.4609375,3.937981513908611
6.171875,20.41015625,0.0390625,3.9379815139086176
6.171875,12.79296875,0.0390625,3.9379815139086594
9.765625,20.41015625,0.0390625,3.9379815139086713
9.765625,12.79296875,2.4609375,3.9379815139086753
9.765625,12.79296875,0.0390625,3.9379815139086913
8.671875,11.03515625,3.7109375,3.9379815139085554
7.265625,11.03515625,3.7109375,3.9379815139088525
8.671875,15.91796875,3.7109375,3.9379815139082557
8.671875,11.03515625,3.7890625,3.9379815139084844
8.671875,15.91796875,3.7890625,3.937981513908528
7.265625,11.03515625,3.7890625,3.9379815139086594
7.265625,15.91796875,3.7109375,3.937981513908728
7.265625,15.91796875,3.7890625,3.9379815139084853
18.671875,23.53515625,8.7109375,3.937981513908678
17.265625,23.53515625,8.7109375,3.9379815139086394
18.671875,3.41796875,8.7109375,3.2494194316230915
18.671875,23.53515625,8.7890625,3.9379815139086185
18.671875,3.41796875,8.7890625,3.2494194316230236
17.265625,23.53515625,8.7890625,3.937981513908609
17.265625,3.41796875,8.7109375,3.2494194316229414
17.265625,3.41796875,8.7890625,3.249419431623061
13.671875,4.78515625,1.2109375,2.979387727091109
2.265625,4.78515625,1.2109375,2.979387727091035
13.671875,9.66796875,1.2109375,3.8690143814839364
13.671875,4.78515625,6.2890625,2.979387727091044
13.671875,9.66796875,6.2890625,3.8690143814839804
2.265625,4.78515625,6.2890625,2.97938772709112
2.265625,9.66796875,1.2109375,3.869014381484028
2.265625,9.66796875,6.2890625,3.8690143814839524
3.671875,17.28515625,6.2109375,3.9379815139088015
12.265625,17.28515625,6.2109375,3.937981513908715
3.671875,22.16796875,6.2109375,3.937981513908138
3.671875,17.28515625,1.2890625,3.937981513908745
3.671875,22.16796875,1.2890625,3.937981513908569
12.265625,17.28515625,1.2890625,3.937981513908661
12.265625,22.16796875,6.2109375,3.937981513908667
12.265625,22.16796875,1.2890625,3.9379815139086074
4.921875,6.34765625,0.5859375,3.2365739052935676
16.015625,6.34765625,0.5859375,3.236573905293544
4.921875,8.10546875,0.5859375,3.5713953338649578
4.921875,6.34765625,0.6640625,3.236573905293496
4.921875,8.10546875,0.6640625,3.571395333865062
16.015625,6.34765625,0.6640625,3.2365739052934197
16.015625,8.10546875,0.5859375,3.5713953338649014
16.015625,8.10546875,0.6640625,3.5713953338650506
14.921875,18.84765625,5.5859375,3.9379815139086967
6.015625,18.84765625,5.5859375,3.937981513908699
14.921875,20.60546875,5.5859375,3.9379815139087064
14.921875,18.84765625,5.6640625,3.937981513908714
14.921875,20.60546875,5.6640625,3.937981513909066
6.015625,18.84765625,5.6640625,3.9379815139087713
6.015625,20.60546875,5.5859375,3.9379815139086687
6.015625,20.60546875,5.6640625,3.937981513908714
19.921875,0.09765625,3.0859375,2.939302864547988
11.015625,0.09765625,3.0859375,2.9393028645479355
19.921875,14.35546875,3.0859375,3.937981513908627
19.921875,0.09765625,8.1640625,2.9393028645479506
19.921875,14.35546875,8.1640625,3.9379815139086496
11.015625,0.09765625,8.1640625,2.939302864548045
11.015625,14.35546875,3.0859375,3.9379815139082512
11.015625,14.35546875,8.1640625,3.937981513908697
9.921875,12.59765625,8.0859375,3.9379815139087486
1.015625,12.59765625,8.0859375,3.9379815139087007
9.921875,1.85546875,8.0859375,3.312803294626012
9.921875,12.59765625,3.1640625,3.9379815139086904
9.921875,1.85546875,3.1640625,3.3128032946259776
1.015625,12.59765625,3.1640625,3.9379815139086864
1.015625,1.85546875,8.0859375,3.3128032946261574
1.015625,1.85546875,3.1640625,3.312803294625986
7.421875,3.22265625,6.8359375,3.2779337349263513
3.515625,3.22265625,6.8359375,3.277933734926281
7.421875,4.98046875,6.8359375,2.9693567254946456
7.421875,3.22265625,1.9140625,3.277933734926354
7.421875,4.98046875,1.9140625,2.9693567254946576
3.515625,3.22265625,1.9140625,3.277933734926362
3.515625,4.98046875,6.8359375,2.9693567254946225
3.515625,4.98046875,1.9140625,2.969356725494656
17.421875,15.72265625,1.8359375,3.937981513908642
13.515625,15.72265625,1.8359375,3.9379815139087575
17.421875,17.48046875,1.8359375,3.9379815139087953
17.421875,15.72265625,6.9140625,3.9379815139087073
17.421875,17.48046875,6.9140625,3.937981513908751
13.515625,15.72265625,6.9140625,3.937981513908626
13.515625,17.48046875,1.8359375,3.937981513908667
13.515625,17.48046875,6.9140625,3.9379815139087273
12.421875,9.47265625,9.3359375,3.8318120005315954
8.515625,9.47265625,9.3359375,3.831812000531571
12.421875,23.73046875,9.3359375,3.937981513908834
12.421875,9.47265625,9.4140625,3.831812000531581
12.421875,23.73046875,9.4140625,3.9379815139085523
8.515625,9.47265625,9.4140625,3.8318120005314387
8.515625,23.73046875,9.3359375,3.937981513908824
8.515625,23.73046875,9.4140625,3.9379815139087166
2.421875,21.97265625,4.3359375,3.9379815139088046
18.515625,21.97265625,4.3359375,3.9379815139087793
2.421875,11.23046875,4.3359375,3.937981513908819
2.421875,21.97265625,4.4140625,3.937981513908652
2.421875,11.23046875,4.4140625,3.9379815139087158
18.515625,21.97265625,4.4140625,3.937981513908673
18.515625,11.23046875,4.3359375,3.93798151390873
18.515625,11.23046875,4.4140625,3.9379815139087198
1.796875,10.25390625,5.2734375,3.92862246028085
1.640625,10.25390625,5.2734375,3.928622460281567
1.796875,13.57421875,5.2734375,3.9379815139088525
1.796875,10.25390625,7.2265625,3.9286224602813884
1.796875,13.57421875,7.2265625,3.9379815139086847
1.640625,10.25390625,7.2265625,3.928622460281549
1.640625,13.57421875,5.2734375,3.9379815139088397
1.640625,13.57421875,7.2265625,3.9379815139086847
11.796875,22.75390625,0.2734375,3.937981513908677
11.640625,22.75390625,0.2734375,3.9379815139097403
11.796875,1.07421875,0.2734375,3.1126143795858576
11.796875,22.75390625,2.2265625,3.937981513909939
11.796875,1.07421875,2.2265625,3.1630522826768495
11.640625,22.75390625,2.2265625,3.9379815139086487
11.640625,1.07421875,0.2734375,3.1126143795859487
11.640625,1.07421875,2.2265625,3.163052282677151
16.796875,4.00390625,7.7734375,3.163876521713172
6.640625,4.00390625,7.7734375,3.1638765217132248
16.796875,7.32421875,7.7734375,3.4225858100551823
16.796875,4.00390625,4.7265625,3.163876521713169
16.796875,7.32421875,4.7265625,3.422585810055416
6.640625,4.00390625,4.7265625,3.1638765217129756
6.640625,7.32421875,7.7734375,3.42258581005546
6.640625,7.32421875,4.7265625,3.422585810055417
6.796875,16.50390625,2.7734375,3.937981513908749
16.640625,16.50390625,2.7734375,3.937981513908679
6.796875,19.82421875,2.7734375,3.9379815139086176
6.796875,16.50390625,9.7265625,3.9379815139086363
6.796875,19.82421875,9.7265625,3.9379815139087007
16.640625,16.50390625,9.7265625,3.9379815139085834
16.640625,19.82421875,2.7734375,3.93798151390859
16.640625,19.82421875,9.7265625,3.93798151390836
9.296875,0.87890625,1.5234375,3.1494001840300356
19.140625,0.87890625,1.5234375,3.1494001840300263
9.296875,22.94921875,1.5234375,3.9379815139087184
9.296875,0.87890625,5.9765625,3.1552514834878673
9.296875,22.94921875,5.9765625,3.9379815139086665
19.140625,0.87890625,5.9765625,3.1552514834876804
19.140625,22.94921875,1.5234375,3.9379815139085808
19.140625,22.94921875,5.9765625,3.937981513908756
19.296875,13.37890625,6.5234375,3.937981513908679
9.140625,13.37890625,6.5234375,3.937981513908724
19.296875,10.44921875,6.5234375,3.9367604811143684
19.296875,13.37890625,0.9765625,3.937981513908661
19.296875,10.44921875,0.9765625,3.9367604811146926
9.140625,13.37890625,0.9765625,3.937981513908776
9.140625,10.44921875,6.5234375,3.9367604811146775
9.140625,10.44921875,0.9765625,3.936760481114651
14.296875,7.12890625,4.0234375,3.3853834291030465
14.140625,7.12890625,4.0234375,3.3853834291030744
14.296875,4.19921875,4.0234375,3.123177682505115
14.296875,7.12890625,3.4765625,3.385383429102894
14.296875,4.19921875,3.4765625,3.1231776825054327
14.140625,7.12890625,3.4765625,3.3853834291030473
14.140625,4.19921875,4.0234375,3.123177682505472
14.140625,4.19921875,3.4765625,3.12317768250526
4.296875,19.62890625,9.0234375,3.937981513908699
4.140625,19.62890625,9.0234375,3.9379815139086722
4.296875,16.69921875,9.0234375,3.9379815139085306
4.296875,19.62890625,8.4765625,3.9379815139086496
4.296875,16.69921875,8.4765625,3.9379815139087793
4.140625,19.62890625,8.4765625,3.937981513908658
4.140625,16.69921875,9.0234375,3.9379815139085705
4.140625,16.69921875,8.4765625,3.9379815139087726
3.046875,5.56640625,4.6484375,3.0865442254945736
7.890625,5.56640625,4.6484375,3.0865442254946247
3.046875,2.63671875,4.6484375,3.332060327575348
3.046875,5.56640625,9.1015625,3.086544225494664
3.046875,2.63671875,9.1015625,3.332060327575481
7.890625,5.56640625,9.1015625,3.086544225494799
7.890625,2.63671875,4.6484375,3.3320603275755762
7.890625,2.63671875,9.1015625,3.332060327575443
13.046875,18.06640625,9.6484375,3.937981513908564
17.890625,18.06640625,9.6484375,3.937981513908387
13.046875,15.13671875,9.6484375,3.937981513908728
13.046875,18.06640625,4.1015625,3.937981513908523
13.046875,15.13671875,4.1015625,3.937981513908746
17.890625,18.06640625,4.1015625,3.9379815139085976
17.890625,15.13671875,9.6484375,3.9379815139088397
17.890625,15.13671875,4.1015625,3.9379815139087184
18.046875,11.81640625,2.1484375,3.9379815139086496
2.890625,11.81640625,2.1484375,3.9379815139086527
18.046875,21.38671875,2.1484375,3.9379815139086527
18.046875,11.81640625,1.6015625,3.937981513908692
18.046875,21.38671875,1.6015625,3.937981513908724
2.890625,11.81640625,1.6015625,3.937981513908445
2.890625,21.38671875,2.1484375,3.9379815139087544
2.890625,21.38671875,1.6015625,3.9379815139086656
8.046875,24.31640625,7.1484375,3.9379815139086443
12.890625,24.31640625,7.1484375,3.9379815139087357
8.046875,8.88671875,7.1484375,3.7202048576744517
8.046875,24.31640625,6.6015625,3.9379815139085714
8.046875,8.88671875,6.6015625,3.7202048576744717
12.890625,24.31640625,6.6015625,3.9379815139085967
12.890625,8.88671875,7.1484375,3.7202048576744193
12.890625,8.88671875,6.6015625,3.7202048576744735
5.546875,8.69140625,8.3984375,3.683002476721921
10.390625,8.69140625,8.3984375,3.6830024767220926
5.546875,12.01171875,8.3984375,3.937981513908579
5.546875,8.69140625,7.8515625,3.6830024767219243
5.546875,12.01171875,7.8515625,3.937981513908741
10.390625,8.69140625,7.8515625,3.6830024767221126
10.390625,12.01171875,8.3984375,3.937981513908764
10.390625,12.01171875,7.8515625,3.937981513908647
15.546875,21.19140625,3.3984375,3.93798151390875
0.390625,21.19140625,3.3984375,3.9379815139085412
15.546875,24.51171875,3.3984375,3.937981513908814
15.546875,21.19140625,2.8515625,3.937981513908783
15.546875,24.51171875,2.8515625,3.937981513908667
0.390625,21.19140625,2.8515625,3.937981513908594
0.390625,24.51171875,3.3984375,3.937981513908664
0.390625,24.51171875,2.8515625,3.9379815139086074
10.546875,2.44140625,5.8984375,3.327246069338299
15.390625,2.44140625,5.8984375,3.3272460693381136
10.546875,18.26171875,5.8984375,3.937981513908657
10.546875,2.44140625,0.3515625,3.329417676781712
10.546875,18.26171875,0.3515625,3.9379815139086345
15.390625,2.44140625,0.3515625,3.3294176767815338
15.390625,18.26171875,5.8984375,3.9379815139084644
15.390625,18.26171875,0.3515625,3.937981513908554
0.546875,14.94140625,0.8984375,3.9379815139086807
5.390625,14.94140625,0.8984375,3.937981513908828
0.546875,5.76171875,0.8984375,3.1249667624363147
0.546875,14.94140625,5.3515625,3.9379815139085697
0.546875,5.76171875,5.3515625,3.1249667624362907
5.390625,14.94140625,5.3515625,3.9379815139086602
5.390625,5.76171875,0.8984375,3.1249667624363084
5.390625,5.76171875,5.3515625,3.124966762436338
0.390625,4.98046875,5.9765625,2.969356725494553
18.046875,4.98046875,5.9765625,2.9693567254946442
0.390625,6.34765625,5.9765625,3.23657390529337
0.390625,4.98046875,8.7109375,2.969356725494543
0.390625,6.34765625,8.7109375,3.236573905293504
18.046875,4.98046875,8.7109375,2.9693567254946407
18.046875,6.34765625,5.9765625,3.236573905293415
18.046875,6.34765625,8.7109375,3.236573905293453
10.390625,17.48046875,0.9765625,3.9379815139086443
8.046875,17.48046875,0.9765625,3.937981513908727
10.390625,18.84765625,0.9765625,3.93798151390861
10.390625,17.48046875,3.7109375,3.937981513908645
10.390625,18.84765625,3.7109375,3.9379815139086176
8.046875,17.48046875,3.7109375,3.93798151390861
8.046875,18.84765625,0.9765625,3.9379815139087593
8.046875,18.84765625,3.7109375,3.9379815139087326
15.390625,11.23046875,8.4765625,3.9379815139086194
13.046875,11.23046875,8.4765625,3.937981513908631
15.390625,12.59765625,8.4765625,3.9379815139086487
15.390625,11.23046875,1.2109375,3.937981513908658
15.390625,12.59765625,1.2109375,3.937981513908646
13.046875,11.23046875,1.2109375,3.9379815139087184
13.046875,12.59765625,8.4765625,3.937981513908692
13.046875,12.59765625,1.2109375,3.937981513908693
5.390625,23.73046875,3.4765625,3.9379815139086904
3.046875,23.73046875,3.4765625,3.9379815139088308
5.390625,0.09765625,3.4765625,2.939302864547928
5.390625,23.73046875,6.2109375,3.937981513908647
5.390625,0.09765625,6.2109375,2.939302864547822
3.046875,23.73046875,6.2109375,3.9379815139088223
3.046875,0.09765625,3.4765625,2.9393028645480577
3.046875,0.09765625,6.2109375,2.9393028645478583
7.890625,8.10546875,2.2265625,3.5713953338649866
0.546875,8.10546875,2.2265625,3.571395333865004
7.890625,3.22265625,2.2265625,3.277933734926424
7.890625,8.10546875,9.9609375,3.5713953338649875
7.890625,3.22265625,9.9609375,3.2779337349262985
0.546875,8.10546875,9.9609375,3.571395333864865
0.546875,3.22265625,2.2265625,3.2779337349264215
0.546875,3.22265625,9.9609375,3.2779337349262305
17.890625,20.60546875,7.2265625,3.937981513908999
10.546875,20.60546875,7.2265625,3.937981513908697
17.890625,15.72265625,7.2265625,3.937981513908712
17.890625,20.60546875,4.9609375,3.937981513908735
17.890625,15.72265625,4.9609375,3.9379815139086363
10.546875,20.60546875,4.9609375,3.937981513908729
10.546875,15.72265625,7.2265625,3.93798151390856
10.546875,15.72265625,4.9609375,3.9379815139085768
12.890625,1.85546875,4.7265625,3.3128032946258728
5.546875,1.85546875,4.7265625,3.3128032946260193
12.890625,21.97265625,4.7265625,3.937981513908683
12.890625,1.85546875,2.4609375,3.3128032946261565
12.890625,21.97265625,2.4609375,3.9379815139086998
5.546875,1.85546875,2.4609375,3.312803294625995
5.546875,21.97265625,4.7265625,3.9379815139086753
5.546875,21.97265625,2.4609375,3.9379815139085497
2.890625,14.35546875,9.7265625,3.937981513908637
15.546875,14.35546875,9.7265625,3.9379815139086594
2.890625,9.47265625,9.7265625,3.8318120005316927
2.890625,14.35546875,7.4609375,3.937981513908798
2.890625,9.47265625,7.4609375,3.8318120005316056
15.546875,14.35546875,7.4609375,3.9379815139092673
15.546875,9.47265625,9.7265625,3.83181200053163
15.546875,9.47265625,7.4609375,3.831812000531603
4.140625,9.66796875,4.1015625,3.8690143814840354
11.796875,9.66796875,4.1015625,3.869014381484064
4.140625,20.41015625,4.1015625,3.937981513908765
4.140625,9.66796875,5.5859375,3.8690143814839106
4.140625,20.41015625,5.5859375,3.937981513908609
11.796875,9.66796875,5.5859375,3.8690143814838986
11.796875,20.41015625,4.1015625,3.937981513908677
11.796875,20.41015625,5.5859375,3.937981513908761
14.140625,22.16796875,9.1015625,3.9379815139087326
1.796875,22.16796875,9.1015625,3.937981513908765
14.140625,7.91015625,9.1015625,3.5341929529124827
14.140625,22.16796875,0.5859375,3.937981513908684
14.140625,7.91015625,0.5859375,3.5341929529128113
1.796875,22.16796875,0.5859375,3.9379815139088623
1.796875,7.91015625,9.1015625,3.534192952912573
1.796875,7.91015625,0.5859375,3.5341929529125236
19.140625,3.41796875,1.6015625,3.249419431622964
16.796875,3.41796875,1.6015625,3.2494194316229943
19.140625,1.66015625,1.6015625,3.3079890363885496
19.140625,3.41796875,3.0859375,3.2494194316230676
19.140625,1.66015625,3.0859375,3.3079890363885034
16.796875,3.41796875,3.0859375,3.249419431623063
16.796875,1.66015625,1.6015625,3.3079890363886717
16.796875,1.66015625,3.0859375,3.307989036388607
9.140625,15.91796875,6.6015625,3.937981513908694
6.796875,15.91796875,6.6015625,3.9379815139084884
9.140625,14.16015625,6.6015625,3.937981513908746
9.140625,15.91796875,8.0859375,3.9379815139086594
9.140625,14.16015625,8.0859375,3.9379815139086896
6.796875,15.91796875,8.0859375,3.9379815139087855
6.796875,14.16015625,6.6015625,3.9379815139086713
6.796875,14.16015625,8.0859375,3.937981513908799
6.640625,0.29296875,7.8515625,3.1318490859209254
9.296875,0.29296875,7.8515625,3.131849085921063
6.640625,17.28515625,7.8515625,3.9379815139087175
6.640625,0.29296875,6.8359375,3.1318490859211203
6.640625,17.28515625,6.8359375,3.9379815139088525
9.296875,0.29296875,6.8359375,3.1318490859211496
9.296875,17.28515625,7.8515625,3.9379815139085648
9.296875,17.28515625,6.8359375,3.937981513908756
16.640625,12.79296875,2.8515625,3.9379815139087717
19.296875,12.79296875,2.8515625,3.9379815139085173
16.640625,4.78515625,2.8515625,2.979387727091143
16.640625,12.79296875,1.8359375,3.9379815139086527
16.640625,4.78515625,1.8359375,2.9793877270914164
19.296875,12.79296875,1.8359375,3.9379815139085355
19.296875,4.78515625,2.8515625,2.9793877270911846
19.296875,4.78515625,1.8359375,2.979387727091154
11.640625,6.54296875,5.3515625,3.273776286245889
4.296875,6.54296875,5.3515625,3.273776286245974
11.640625,11.03515625,5.3515625,3.937981513908668
11.640625,6.54296875,4.3359375,3.2737762862458415
11.640625,11.03515625,4.3359375,3.937981513908661
4.296875,6.54296875,4.3359375,3.273776286245772
4.296875,11.03515625,5.3515625,3.9379815139091625
4.296875,11.03515625,4.3359375,3.9379815139085874
1.640625,19.04296875,0.3515625,3.937981513908646
14.296875,19.04296875,0.3515625,3.9379815139089347
1.640625,23.53515625,0.3515625,3.937981513908728
1.640625,19.04296875,9.3359375,3.937981513908673
1.640625,23.53515625,9.3359375,3.937981513908663
14.296875,19.04296875,9.3359375,3.9379815139086487
14.296875,23.53515625,0.3515625,3.937981513908726
14.296875,23.53515625,9.3359375,3.937981513910286
2.265625,7.32421875,8.7890625,3.4225858100552298
6.171875,7.32421875,8.7890625,3.4225858100554443
2.265625,0.87890625,8.7890625,3.155251483487864
2.265625,7.32421875,1.5234375,3.422585810055385
2.265625,0.87890625,1.5234375,3.14940018402982
6.171875,7.32421875,1.5234375,3.4225858100555575
6.171875,0.87890625,8.7890625,3.155251483487874
6.171875,0.87890625,1.5234375,3.1494001840301484
12.265625,19.82421875,3.7890625,3.937981513908697
16.171875,19.82421875,3.7890625,3.9379815139086753
12.265625,13.37890625,3.7890625,3.9379815139086705
12.265625,19.82421875,6.5234375,3.9379815139086176
12.265625,13.37890625,6.5234375,3.9379815139087184
16.171875,19.82421875,6.5234375,3.937981513908558
16.171875,13.37890625,3.7890625,3.9379815139087593
16.171875,13.37890625,6.5234375,3.9379815139085403
17.265625,1.07421875,6.2890625,3.163052282676854
1.171875,1.07421875,6.2890625,3.1630522826768748
17.265625,19.62890625,6.2890625,3.9379815139087566
17.265625,1.07421875,9.0234375,3.1630522826768748
17.265625,19.62890625,9.0234375,3.9379815139087535
1.171875,1.07421875,9.0234375,3.163052282676821
1.171875,19.62890625,6.2890625,3.93798151390878
1.171875,19.62890625,9.0234375,3.937981513908695
7.265625,13.57421875,1.2890625,3.9379815139087198
11.171875,13.57421875,1.2890625,3.9379815139086656
7.265625,7.12890625,1.2890625,3.385383429102819
7.265625,13.57421875,4.0234375,3.9379815139094814
7.265625,7.12890625,4.0234375,3.3853834291029274
11.171875,13.57421875,4.0234375,3.9379815139076637
11.171875,7.12890625,1.2890625,3.385383429103001
11.171875,7.12890625,4.0234375,3.3853834291028715
9.765625,4.19921875,2.5390625,3.1231776825054403
13.671875,4.19921875,2.5390625,3.1231776825055344
9.765625,10.25390625,2.5390625,3.9286224602813062
9.765625,4.19921875,0.2734375,3.1285266533996268
9.765625,10.25390625,0.2734375,3.9286224602814404
13.671875,4.19921875,0.2734375,3.128526653399539
13.671875,10.25390625,2.5390625,3.92862246028446
13.671875,10.25390625,0.2734375,3.928622460281239
19.765625,16.69921875,7.5390625,3.9379815139096968
3.671875,16.69921875,7.5390625,3.9379815139085466
19.765625,22.75390625,7.5390625,3.9379815139087686
19.765625,16.69921875,5.2734375,3.937981513908859
19.765625,22.75390625,5.2734375,3.9379815139086882
3.671875,16.69921875,5.2734375,3.9379815139085346
3.671875,22.75390625,7.5390625,3.9379815139086882
3.671875,22.75390625,5.2734375,3.9379815139086083
14.765625,10.44921875,0.0390625,3.9367604811146464
18.671875,10.44921875,0.0390625,3.936760481114816
14.765625,16.50390625,0.0390625,3.9379815139087073
14.765625,10.44921875,7.7734375,3.9367604811146264
14.765625,16.50390625,7.7734375,3.9379815139085337
18.671875,10.44921875,7.7734375,3.936760481114833
18.671875,16.50390625,0.0390625,3.9379815139086234
18.671875,16.50390625,7.7734375,3.937981513908611
4.765625,22.94921875,5.0390625,3.9379815139087415
8.671875,22.94921875,5.0390625,3.937981513908422
4.765625,4.00390625,5.0390625,3.1638765217130715
4.765625,22.94921875,2.7734375,3.9379815139081784
4.765625,4.00390625,2.7734375,3.163876521713193
8.671875,22.94921875,2.7734375,3.9379815139085173
8.671875,4.00390625,5.0390625,3.163876521713199
8.671875,4.00390625,2.7734375,3.1638765217132025
3.515625,2.63671875,0.6640625,3.3320603275752885
4.921875,2.63671875,0.6640625,3.3320603275754626
3.515625,14.94140625,0.6640625,3.9379815139087637
3.515625,2.63671875,4.6484375,3.33206032757546
3.515625,14.94140625,4.6484375,3.9379815139085985
4.921875,2.63671875,4.6484375,3.3320603275754035
4.921875,14.94140625,0.6640625,3.9379815139086336
4.921875,14.94140625,4.6484375,3.9379815139086713
13.515625,15.13671875,5.6640625,3.9379815139086904
14.921875,15.13671875,5.6640625,3.937981513908695
13.515625,2.44140625,5.6640625,3.3272460693380737
13.515625,15.13671875,9.6484375,3.937981513908699
13.515625,2.44140625,9.6484375,3.3272460693407786
14.921875,15.13671875,9.6484375,3.9379815139086345
14.921875,2.44140625,5.6640625,3.3272460693381576
14.921875,2.44140625,9.6484375,3.3272460693380976
18.515625,8.88671875,3.1640625,3.7202048576744313
9.921875,8.88671875,3.1640625,3.720204857674332
18.515625,8.69140625,3.1640625,3.683002476722308
18.515625,8.88671875,7.1484375,3.7202048576744535
18.515625,8.69140625,7.1484375,3.6830024767220295
9.921875,8.88671875,7.1484375,3.720204857674426
9.921875,8.69140625,3.1640625,3.6830024767220206
9.921875,8.69140625,7.1484375,3.683002476721746
8.515625,21.38671875,8.1640625,3.9379815139085177
19.921875,21.38671875,8.1640625,3.9379815139086904
8.515625,21.19140625,8.1640625,3.937981513908645
8.515625,21.38671875,2.1484375,3.9379815139086403
8.515625,21.19140625,2.1484375,3.9379815139086327
19.921875,21.38671875,2.1484375,3.937981513907543
19.921875,21.19140625,8.1640625,3.9379815139087335
19.921875,21.19140625,2.1484375,3.937981513908745
6.015625,12.01171875,6.9140625,3.937981513908745
17.421875,12.01171875,6.9140625,3.9379815139085976
6.015625,24.31640625,6.9140625,3.9379815139086904
6.015625,12.01171875,3.3984375,3.937981513908658
6.015625,24.31640625,3.3984375,3.937981513908579
17.421875,12.01171875,3.3984375,3.937981513908689
17.421875,24.31640625,6.9140625,3.937981513908781
17.421875,24.31640625,3.3984375,3.937981513908794
16.015625,24.51171875,1.9140625,3.937981513908695
7.421875,24.51171875,1.9140625,3.937981513908813
16.015625,11.81640625,1.9140625,3.937981513908918
16.015625,24.51171875,8.3984375,3.9379815139086687
16.015625,11.81640625,8.3984375,3.937981513908673
7.421875,24.51171875,8.3984375,3.937981513908621
7.421875,11.81640625,1.9140625,3.937981513907718
7.421875,11.81640625,8.3984375,3.937981513908637
11.015625,5.76171875,9.4140625,3.1249667624362845
12.421875,5.76171875,9.4140625,3.1249667624363036
11.015625,5.56640625,9.4140625,3.0865442254948374
11.015625,5.76171875,5.8984375,3.1249667624362516
11.015625,5.56640625,5.8984375,3.086544225494568
12.421875,5.76171875,5.8984375,3.1249667624362814
12.421875,5.56640625,9.4140625,3.0865442254943867
12.421875,5.56640625,5.8984375,3.086544225494601
1.015625,18.26171875,4.4140625,3.9379815139085554
2.421875,18.26171875,4.4140625,3.937981513908576
1.015625,18.06640625,4.4140625,3.937981513908679
1.015625,18.26171875,0.8984375,3.9379815139086745
1.015625,18.06640625,0.8984375,3.937981513908809
2.421875,18.26171875,0.8984375,3.9379815139086745
2.421875,18.06640625,4.4140625,3.937981513908809
2.421875,18.06640625,0.8984375,3.9379815139086443
0.703125,11.62109375,1.7578125,3.937981513908767
8.359375,11.62109375,1.7578125,3.9379815139085146
0.703125,9.86328125,1.7578125,3.905102675107217
0.703125,11.62109375,1.9921875,3.937981513908543
0.703125,9.86328125,1.9921875,3.9051026751074764
8.359375,11.62109375,1.9921875,3.937981513908527
8.359375,9.86328125,1.7578125,3.9051026751075124
8.359375,9.86328125,1.9921875,3.905102675107198
10.703125,24.12109375,6.7578125,3.937981513908682
18.359375,24.12109375,6.7578125,3.937981513908746
10.703125,22.36328125,6.7578125,3.9379815139086487
10.703125,24.12109375,6.9921875,3.93798151390888
10.703125,22.36328125,6.9921875,3.937981513908661
18.359375,24.12109375,6.9921875,3.937981513908693
18.359375,22.36328125,6.7578125,3.9379815139087184
18.359375,22.36328125,6.9921875,3.9379815139086296
15.703125,5.37109375,4.2578125,3.0474817254945945
3.359375,5.37109375,4.2578125,3.047481725494658
15.703125,16.11328125,4.2578125,3.9379815139086847
15.703125,5.37109375,9.4921875,3.04748172549456
15.703125,16.11328125,9.4921875,3.93798151390847
3.359375,5.37109375,9.4921875,3.0474817254946864
3.359375,16.11328125,4.2578125,3.9379815139086602
3.359375,16.11328125,9.4921875,3.937981513908647
5.703125,17.87109375,9.2578125,3.9379815139088405
13.359375,17.87109375,9.2578125,3.937981513908643
5.703125,3.61328125,9.2578125,3.220905128319767
5.703125,17.87109375,4.4921875,3.93798151390868
5.703125,3.61328125,4.4921875,3.2209051283196186
13.359375,17.87109375,4.4921875,3.9379815139085412
13.359375,3.61328125,9.2578125,3.2209051283197323
13.359375,3.61328125,4.4921875,3.2209051283196777
8.203125,2.24609375,5.5078125,3.322431811100691
10.859375,2.24609375,5.5078125,3.322431811100702
8.203125,0.48828125,5.5078125,3.139649885110094
8.203125,2.24609375,0.7421875,3.322431811100778
8.203125,0.48828125,0.7421875,3.0685143579971963
10.859375,2.24609375,0.7421875,3.322431811100854
10.859375,0.48828125,5.5078125,3.139649885109997
10.859375,0.48828125,0.7421875,3.068514357997699
18.203125,14.74609375,0.5078125,3.9379815139088383
0.859375,14.74609375,0.5078125,3.9379815139084315
18.203125,12.98828125,0.5078125,3.9379815139087793
18.203125,14.74609375,5.7421875,3.9379815139086696
18.203125,12.98828125,5.7421875,3.937981513908579
0.859375,14.74609375,5.7421875,3.9379815139086647
0.859375,12.98828125,0.5078125,3.9379815139085705
0.859375,12.98828125,5.7421875,3.9379815139086647
13.203125,8.49609375,8.0078125,3.6458000957696197
15.859375,8.49609375,8.0078125,3.6458000957696606
13.203125,19.23828125,8.0078125,3.9379815139087486
13.203125,8.49609375,8.2421875,3.6458000957697165
13.203125,19.23828125,8.2421875,3.9379815139084156
15.859375,8.49609375,8.2421875,3.645800095769751
15.859375,19.23828125,8.0078125,3.9379815139088916
15.859375,19.23828125,8.2421875,3.9379815139071437
3.203125,20.99609375,3.0078125,3.93798151390871
5.859375,20.99609375,3.0078125,3.9379815139088583
3.203125,6.73828125,3.0078125,3.3109786671980985
3.203125,20.99609375,3.2421875,3.9379815139083276
3.203125,6.73828125,3.2421875,3.310978667198298
5.859375,20.99609375,3.2421875,3.937981513908803
5.859375,6.73828125,3.0078125,3.3109786671982073
5.859375,6.73828125,3.2421875,3.3109786671980608
4.453125,3.80859375,8.6328125,3.1923908250165334
2.109375,3.80859375,8.6328125,3.1923908250174176
4.453125,23.92578125,8.6328125,3.937981513908657
4.453125,3.80859375,3.8671875,3.192390825016452
4.453125,23.92578125,3.8671875,3.93798151390863
2.109375,3.80859375,3.8671875,3.1923908250164614
2.109375,23.92578125,8.6328125,3.937981513904024
2.109375,23.92578125,3.8671875,3.937981513908646
14.453125,16.30859375,3.6328125,3.9379815139089045
12.109375,16.30859375,3.6328125,3.937981513908668
14.453125,11.42578125,3.6328125,3.9379815139086203
14.453125,16.30859375,8.8671875,3.937981513908627
14.453125,11.42578125,8.8671875,3.93798151390851
12.109375,16.30859375,8.8671875,3.937981513909145
12.109375,11.42578125,3.6328125,3.937981513908879
12.109375,11.42578125,8.8671875,3.9379815139085843
19.453125,10.05859375,6.1328125,3.920484439447772
7.109375,10.05859375,6.1328125,3.9204844394479155
19.453125,5.17578125,6.1328125,3.0084192254946194
19.453125,10.05859375,6.3671875,3.9204844394476606
19.453125,5.17578125,6.3671875,3.0084192254946815
7.109375,10.05859375,6.3671875,3.920484439447814
7.109375,5.17578125,6.1328125,3.0084192254945994
7.109375,5.17578125,6.3671875,3.0084192254945887
9.453125,22.55859375,1.1328125,3.9379815139086745
17.109375,22.55859375,1.1328125,3.9379815139088215
9.453125,17.67578125,1.1328125,3.9379815139086713
9.453125,22.55859375,1.3671875,3.9379815139084418
9.453125,17.67578125,1.3671875,3.937981513908861
17.109375,22.55859375,1.3671875,3.9379815139085204
17.109375,17.67578125,1.1328125,3.9379815139086705
17.109375,17.67578125,1.3671875,3.937981513908792
6.953125,6.93359375,4.8828125,3.348181048150603
19.609375,6.93359375,4.8828125,3.348181048150666
6.953125,14.55078125,4.8828125,3.9379815139086687
6.953125,6.93359375,2.6171875,3.348181048150726
6.953125,14.55078125,2.6171875,3.937981513909695
19.609375,6.93359375,2.6171875,3.3481810481506233
19.609375,14.55078125,4.8828125,3.9379815139085825
19.609375,14.55078125,2.6171875,3.9379815139091208
16.953125,19.43359375,9.8828125,3.937981513908593
9.609375,19.43359375,9.8828125,3.937981513908547
16.953125,2.05078125,9.8828125,3.3176175528633
16.953125,19.43359375,7.6171875,3.9379815139087686
16.953125,2.05078125,7.6171875,3.317617552863378
9.609375,19.43359375,7.6171875,3.937981513908652
9.609375,2.05078125,9.8828125,3.3176175528634544
9.609375,2.05078125,7.6171875,3.3176175528633873
11.953125,0.68359375,2.3828125,3.1474506842989767
14.609375,0.68359375,2.3828125,3.147450684298948
11.953125,8.30078125,2.3828125,3.6085977148173516
11.953125,0.68359375,5.1171875,3.1474506842990086
11.953125,8.30078125,5.1171875,3.6085977148172885
14.609375,0.68359375,5.1171875,3.1474506842989527
14.609375,8.30078125,2.3828125,3.6085977148173654
14.609375,8.30078125,5.1171875,3.608597714817229
1.953125,13.18359375,7.3828125,3.937981513908455
4.609375,13.18359375,7.3828125,3.9379815139087317
1.953125,20.80078125,7.3828125,3.9379815139085808
1.953125,13.18359375,0.1171875,3.937981513908456
1.953125,20.80078125,0.1171875,3.9379815139086025
4.609375,13.18359375,0.1171875,3.9379815139086647
4.609375,20.80078125,7.3828125,3.937981513908526
4.609375,20.80078125,0.1171875,3.9379815139085337
1.328125,1.46484375,3.3203125,3.2998091299650407
15.234375,1.46484375,3.3203125,3.299809129965026
1.328125,4.39453125,3.3203125,3.073385201127518
1.328125,1.46484375,7.9296875,3.2998091299649555
1.328125,4.39453125,7.9296875,3.0733852011273597
15.234375,1.46484375,7.9296875,3.2998091299650167
15.234375,4.39453125,3.3203125,3.073385201127457
15.234375,4.39453125,7.9296875,3.073385201127422
11.328125,13.96484375,8.3203125,3.9379815139085514
5.234375,13.96484375,8.3203125,3.9379815139087206
11.328125,16.89453125,8.3203125,3.937981513908506
11.328125,13.96484375,2.9296875,3.9379815139087544
11.328125,16.89453125,2.9296875,3.9379815139079386
5.234375,13.96484375,2.9296875,3.937981513908792
5.234375,16.89453125,8.3203125,3.937981513909052
5.234375,16.89453125,2.9296875,3.9379815139087198
16.328125,7.71484375,0.8203125,3.4969905719602052
10.234375,7.71484375,0.8203125,3.496990571960168
16.328125,23.14453125,0.8203125,3.9379815139087953
16.328125,7.71484375,0.4296875,3.4969905719600662
16.328125,23.14453125,0.4296875,3.937981513908664
10.234375,7.71484375,0.4296875,3.496990571960151
10.234375,23.14453125,0.8203125,3.937981513908622
10.234375,23.14453125,0.4296875,3.937981513908362
6.328125,20.21484375,5.8203125,3.937981513908751
0.234375,20.21484375,5.8203125,3.9379815139085714
6.328125,10.64453125,5.8203125,3.9379815139083676
6.328125,20.21484375,5.4296875,3.9379815139089973
6.328125,10.64453125,5.4296875,3.937981513908667
0.234375,20.21484375,5.4296875,3.9379815139087166
0.234375,10.64453125,5.8203125,3.937981513908428
0.234375,10.64453125,5.4296875,3.9379815139086807
8.828125,10.83984375,9.5703125,3.93798151390878
2.734375,10.83984375,9.5703125,3.9379815139086554
8.828125,7.51953125,9.5703125,3.4597881910078327
8.828125,10.83984375,9.1796875,3.9379815139086505
8.828125,7.51953125,9.1796875,3.4597881910076524
2.734375,10.83984375,9.1796875,3.937981513908704
2.734375,7.51953125,9.5703125,3.459788191007628
2.734375,7.51953125,9.1796875,3.4597881910077986
18.828125,23.33984375,4.5703125,3.9379815139087073
12.734375,23.33984375,4.5703125,3.937981513908579
18.828125,20.01953125,4.5703125,3.9379815139086327
18.828125,23.33984375,4.1796875,3.9379815139083383
18.828125,20.01953125,4.1796875,3.9379815139086203
12.734375,23.33984375,4.1796875,3.9379815139085372
12.734375,20.01953125,4.5703125,3.9379815139086234
12.734375,20.01953125,4.1796875,3.93798151390868
13.828125,4.58984375,7.0703125,3.0235927197493164
7.734375,4.58984375,7.0703125,3.0235927197493324
13.828125,13.76953125,7.0703125,3.9379815139087224
13.828125,4.58984375,1.6796875,3.0235927197493906
13.828125,13.76953125,1.6796875,3.93798151390868
7.734375,4.58984375,1.6796875,3.0235927197494563
7.734375,13.76953125,7.0703125,3.937981513908763
7.734375,13.76953125,1.6796875,3.9379815139086234
3.828125,17.08984375,2.0703125,3.9379815139086505
17.734375,17.08984375,2.0703125,3.9379815139089045
3.828125,1.26953125,2.0703125,3.185729740532739
3.828125,17.08984375,6.6796875,3.937981513908677
3.828125,1.26953125,6.6796875,3.18572974053274
17.734375,17.08984375,6.6796875,3.937981513908641
17.734375,1.26953125,2.0703125,3.1857297405328544
17.734375,1.26953125,6.6796875,3.185729740532827
2.578125,9.27734375,6.4453125,3.7946096195791847
13.984375,9.27734375,6.4453125,3.7946096195791967
2.578125,18.45703125,6.4453125,3.9379815139085985
2.578125,9.27734375,6.0546875,3.794609619579216
2.578125,18.45703125,6.0546875,3.937981513908913
13.984375,9.27734375,6.0546875,3.794609619579243
13.984375,18.45703125,6.4453125,3.9379815139086007
13.984375,18.45703125,6.0546875,3.937981513908622
12.578125,21.77734375,1.4453125,3.9379815139086656
3.984375,21.77734375,1.4453125,3.9379815139086873
12.578125,5.95703125,1.4453125,3.1621691433884287
12.578125,21.77734375,1.0546875,3.9379815139087677
12.578125,5.95703125,1.0546875,3.162169143388887
3.984375,21.77734375,1.0546875,3.937981513908913
3.984375,5.95703125,1.4453125,3.1621691433887253
3.984375,5.95703125,1.0546875,3.162169143388693
17.578125,3.02734375,8.9453125,3.3064480382294934
18.984375,3.02734375,8.9453125,3.306448038229557
17.578125,12.20703125,8.9453125,3.937981513908713
17.578125,3.02734375,3.5546875,3.3064480382294326
17.578125,12.20703125,3.5546875,3.937981513908761
18.984375,3.02734375,3.5546875,3.3064480382295782
18.984375,12.20703125,8.9453125,3.9379815139086687
18.984375,12.20703125,3.5546875,3.937981513908776
7.578125,15.52734375,3.9453125,3.9379815139087846
8.984375,15.52734375,3.9453125,3.93798151390885
7.578125,24.70703125,3.9453125,3.937981513908812
7.578125,15.52734375,8.5546875,3.9379815139085617
7.578125,24.70703125,8.5546875,3.9379815139086443
8.984375,15.52734375,8.5546875,3.937981513908377
8.984375,24.70703125,3.9453125,3.937981513908713
8.984375,24.70703125,8.5546875,3.9379815139085155
5.078125,6.15234375,0.1953125,3.199371524341116
6.484375,6.15234375,0.1953125,3.199371524341048
5.078125,21.58203125,0.1953125,3.9379815139061813
5.078125,6.15234375,7.3046875,3.199371524342418
5.078125,21.58203125,7.3046875,3.9379815139086536
6.484375,6.15234375,7.3046875,3.199371524341127
6.484375,21.58203125,0.1953125,3.9379815139087073
6.484375,21.58203125,7.3046875,3.937981513908715
15.078125,18.65234375,5.1953125,3.937981513908542
16.484375,18.65234375,5.1953125,3.937981513908875
15.078125,9.08203125,5.1953125,3.7574072386268313
15.078125,18.65234375,2.3046875,3.937981513908678
15.078125,9.08203125,2.3046875,3.7574072386269517
16.484375,18.65234375,2.3046875,3.937981513908648
16.484375,9.08203125,5.1953125,3.757407238627607
16.484375,9.08203125,2.3046875,3.7574072386266693
10.078125,12.40234375,2.6953125,3.9379815139088397
1.484375,12.40234375,2.6953125,3.937981513908735
10.078125,2.83203125,2.6953125,3.3349623415328695
10.078125,12.40234375,4.8046875,3.937981513908901
10.078125,2.83203125,4.8046875,3.33496234153289
1.484375,12.40234375,4.8046875,3.9379815139087175
1.484375,2.83203125,2.6953125,3.334962341532877
1.484375,2.83203125,4.8046875,3.3349623415337306
0.078125,24.90234375,7.6953125,3.9379815139087198
11.484375,24.90234375,7.6953125,3.9379815139086203
0.078125,15.33203125,7.6953125,3.9379815139086882
0.078125,24.90234375,9.8046875,3.9379815139085412
0.078125,15.33203125,9.8046875,3.937981513908714
11.484375,24.90234375,9.8046875,3.937981513908709
11.484375,15.33203125,7.6953125,3.937981513908557
11.484375,15.33203125,9.8046875,3.93798151390861
