reaction_1,reaction_2,pearson_r,coupling_type
KAS4,KAS6,1.0000000000000002,positive (co-directional)
FACOAL150_anteiso,FACOAL160_ISO,1.0000000000000002,positive (co-directional)
FACOAL150_anteiso,KAS3,1.0000000000000002,positive (co-directional)
FACOAL150_anteiso,KAS6,1.0000000000000002,positive (co-directional)
FACOAL170_anteiso,KAS6,1.0000000000000002,positive (co-directional)
FACOAL170_anteiso,KAS3,1.0000000000000002,positive (co-directional)
KAS12,KAS6,1.0000000000000002,positive (co-directional)
KAS12,KAS3,1.0000000000000002,positive (co-directional)
PHBS_syn_1,AACOAR_syn,1.0,positive (co-directional)
3OXCOAT,PACCOAL,1.0,positive (co-directional)
ACACT4r,ACACT5r_1,1.0,positive (co-directional)
ACACT5r,FACOAL100t2pp,1.0,positive (co-directional)
FACOAL150_ISO,KAS12,1.0,positive (co-directional)
FACOAL150_ISO,KAS3,1.0,positive (co-directional)
FACOAL150_anteiso,KAS12,1.0,positive (co-directional)
FACOAL170_ISO,KAS11,1.0,positive (co-directional)
KAS3,KAS6,1.0,positive (co-directional)
KAS3,KAS4,1.0,positive (co-directional)
FACOAL170_anteiso,KAS4,1.0,positive (co-directional)
ACACT8r,KAS17,1.0,positive (co-directional)
FACOAL150_ISO,FACOAL160_ISO,1.0,positive (co-directional)
FACOAL150_ISO,FACOAL170_anteiso,1.0,positive (co-directional)
FACOAL150_ISO,KAS6,1.0,positive (co-directional)
FACOAE120,FAS140,1.0,positive (co-directional)
FACOAL160_ISO,KAS3,1.0,positive (co-directional)
FACOAE180,FACOAL180t2pp,1.0,positive (co-directional)
AGPATr_BS,G3POA_BS,1.0,positive (co-directional)
FACOAL150_anteiso,KAS4,1.0,positive (co-directional)
FACOAL160_ISO,KAS6,1.0,positive (co-directional)
FACOAL160_ISO,KAS4,1.0,positive (co-directional)
FACOAL170_anteiso,KAS12,1.0,positive (co-directional)
FACOAL150_ISO,KAS4,1.0,positive (co-directional)
FACOAL150_ISO,FACOAL150_anteiso,1.0,positive (co-directional)
FACOAL160_ISO,KAS12,1.0,positive (co-directional)
FACOAL160_ISO,FACOAL170_anteiso,1.0,positive (co-directional)
KAS12,KAS4,1.0,positive (co-directional)
FACOAL150_anteiso,FACOAL170_anteiso,1.0,positive (co-directional)
FACOAL170_ISO,FACOAL170_anteiso,0.9999999999999999,positive (co-directional)
FACOAL170_ISO,KAS12,0.9999999999999999,positive (co-directional)
FACOAL170_ISO,KAS4,0.9999999999999999,positive (co-directional)
FACOAL150_anteiso,KAS11,0.9999999999999999,positive (co-directional)
FACOAL170_anteiso,KAS11,0.9999999999999999,positive (co-directional)
KAS11,KAS4,0.9999999999999999,positive (co-directional)
FACOAL150_anteiso,FACOAL170_ISO,0.9999999999999999,positive (co-directional)
KAS11,KAS12,0.9999999999999999,positive (co-directional)
FACOAL150_ISO,KAS11,0.9999999999999996,positive (co-directional)
FACOAL170_ISO,KAS3,0.9999999999999996,positive (co-directional)
FACOAL150_ISO,FACOAL170_ISO,0.9999999999999996,positive (co-directional)
Growth,KAS11,0.9999999999999996,positive (co-directional)
FACOAL160_ISO,KAS11,0.9999999999999996,positive (co-directional)
FACOAL160_ISO,FACOAL170_ISO,0.9999999999999996,positive (co-directional)
FACOAL170_ISO,KAS6,0.9999999999999996,positive (co-directional)
KAS11,KAS6,0.9999999999999996,positive (co-directional)
KAS11,KAS3,0.9999999999999996,positive (co-directional)
FACOAL170_ISO,Growth,0.9999999999999996,positive (co-directional)
Growth,KAS4,0.9999999999999991,positive (co-directional)
FACOAL170_anteiso,Growth,0.9999999999999991,positive (co-directional)
G3POA_BS,KAS3,0.9999999999999991,positive (co-directional)
G3POA_BS,KAS6,0.9999999999999991,positive (co-directional)
FACOAL150_anteiso,Growth,0.9999999999999991,positive (co-directional)
AGPATr_BS,KAS3,0.9999999999999991,positive (co-directional)
AGPATr_BS,FACOAL160_ISO,0.9999999999999991,positive (co-directional)
FACOAL150_ISO,G3POA_BS,0.9999999999999991,positive (co-directional)
AGPATr_BS,FACOAL150_ISO,0.9999999999999991,positive (co-directional)
AGPATr_BS,KAS6,0.9999999999999991,positive (co-directional)
FACOAL160_ISO,G3POA_BS,0.9999999999999991,positive (co-directional)
Growth,KAS12,0.9999999999999991,positive (co-directional)
AGPATr_BS,FACOAL170_ISO,0.9999999999999989,positive (co-directional)
FACOAL170_anteiso,G3POA_BS,0.9999999999999989,positive (co-directional)
AGPATr_BS,KAS11,0.9999999999999989,positive (co-directional)
G3POA_BS,KAS11,0.9999999999999989,positive (co-directional)
FACOAL170_ISO,G3POA_BS,0.9999999999999989,positive (co-directional)
FACOAL150_anteiso,G3POA_BS,0.9999999999999989,positive (co-directional)
Growth,KAS6,0.9999999999999987,positive (co-directional)
G3POA_BS,KAS4,0.9999999999999987,positive (co-directional)
G3POA_BS,KAS12,0.9999999999999987,positive (co-directional)
AGPATr_BS,KAS12,0.9999999999999987,positive (co-directional)
AGPATr_BS,Growth,0.9999999999999987,positive (co-directional)
AGPATr_BS,FACOAL170_anteiso,0.9999999999999987,positive (co-directional)
AGPATr_BS,FACOAL150_anteiso,0.9999999999999987,positive (co-directional)
AGPATr_BS,KAS4,0.9999999999999987,positive (co-directional)
Growth,KAS3,0.9999999999999987,positive (co-directional)
FACOAL160_ISO,Growth,0.9999999999999987,positive (co-directional)
G3POA_BS,Growth,0.9999999999999987,positive (co-directional)
FACOAL150_ISO,Growth,0.9999999999999987,positive (co-directional)
BSCT,SUCBZL,0.999999815134589,positive (co-directional)
MACCOAT,OIVD3,0.9996977155316152,positive (co-directional)
ACS2,PTA2,0.9987513665135044,positive (co-directional)
HSERTA,OBDHc,0.9962486489975668,positive (co-directional)
ACPS,DPCOAK,0.9797119451291478,positive (co-directional)
Growth,SUCOAS,-0.9765964587673207,negative (anti-directional)
KAS6,SUCOAS,-0.9765964586871384,negative (anti-directional)
FACOAL160_ISO,SUCOAS,-0.9765964586871384,negative (anti-directional)
FACOAL150_ISO,SUCOAS,-0.9765964586871384,negative (anti-directional)
KAS3,SUCOAS,-0.9765964586871384,negative (anti-directional)
KAS4,SUCOAS,-0.9765964581218575,negative (anti-directional)
FACOAL170_anteiso,SUCOAS,-0.9765964581218575,negative (anti-directional)
KAS12,SUCOAS,-0.9765964581218575,negative (anti-directional)
FACOAL150_anteiso,SUCOAS,-0.9765964581218575,negative (anti-directional)
AGPATr_BS,SUCOAS,-0.9765964579229859,negative (anti-directional)
G3POA_BS,SUCOAS,-0.9765964579229859,negative (anti-directional)
FACOAL170_ISO,SUCOAS,-0.9765964578127706,negative (anti-directional)
KAS11,SUCOAS,-0.9765964578127706,negative (anti-directional)
FACOAL150_ISO,PTA2,0.9738775403158046,positive (co-directional)
KAS6,PTA2,0.9738775403158046,positive (co-directional)
FACOAL160_ISO,PTA2,0.9738775403158046,positive (co-directional)
KAS3,PTA2,0.9738775403158046,positive (co-directional)
Growth,PTA2,0.9738775400560745,positive (co-directional)
G3POA_BS,PTA2,0.9738775399352678,positive (co-directional)
AGPATr_BS,PTA2,0.9738775399352678,positive (co-directional)
KAS12,PTA2,0.9738775398258186,positive (co-directional)
KAS4,PTA2,0.9738775398258186,positive (co-directional)
FACOAL150_anteiso,PTA2,0.9738775398258186,positive (co-directional)
FACOAL170_anteiso,PTA2,0.9738775398258186,positive (co-directional)
FACOAL170_ISO,PTA2,0.9738775397458086,positive (co-directional)
KAS11,PTA2,0.9738775397458086,positive (co-directional)
ACS2,FACOAL150_ISO,0.9727461134430536,positive (co-directional)
ACS2,FACOAL160_ISO,0.9727461134430536,positive (co-directional)
ACS2,KAS3,0.9727461134430536,positive (co-directional)
ACS2,KAS6,0.9727461134430536,positive (co-directional)
ACS2,Growth,0.9727461132711017,positive (co-directional)
ACS2,G3POA_BS,0.9727461129220444,positive (co-directional)
ACS2,AGPATr_BS,0.9727461129220444,positive (co-directional)
ACS2,FACOAL150_anteiso,0.9727461128010635,positive (co-directional)
ACS2,KAS4,0.9727461128010635,positive (co-directional)
ACS2,KAS12,0.9727461128010635,positive (co-directional)
ACS2,FACOAL170_anteiso,0.9727461128010635,positive (co-directional)
ACS2,KAS11,0.9727461127684426,positive (co-directional)
ACS2,FACOAL170_ISO,0.9727461127684426,positive (co-directional)
13PPDH,13PPDH2,-0.9662647138074703,negative (anti-directional)
ACS2,SUCOAS,-0.9660682053977678,negative (anti-directional)
PTA2,SUCOAS,-0.9633636821850048,negative (anti-directional)
FACOAE140,FACOAL140,0.9614863090274033,positive (co-directional)
FACOAE161,FACOAL161t2pp,0.9454640346410645,positive (co-directional)
FACOAE160,FACOAL160,0.9288174254601257,positive (co-directional)
3OXCOAT,OXDHCOAT,0.9226747334198718,positive (co-directional)
OXDHCOAT,PACCOAL,0.9226747334198718,positive (co-directional)
ACS2,PTAr,-0.9062844483189432,negative (anti-directional)
PTAr,SUCOAS,0.9055540803653701,positive (co-directional)
ACPS1_1,DPCOAK,0.9020372502436944,positive (co-directional)
