carbon_source,flux_minimum,carbon_yield_minimum,mass_yield_minimum,flux_maximum,carbon_yield_maximum,mass_yield_maximum,Growth
"EX_23camp_e, EX_23cgmp_e, EX_3mb_e, EX_4abut_e, EX_arg__L_e, EX_asn__L_e, EX_bz_e, EX_cit_e, EX_cytd_e, EX_dcyt_e, EX_fe3pyovd_kt_e, EX_fol_e, EX_gam_e, EX_glu__L_e, EX_glyc_e, EX_gthrd_e, EX_his__L_e, EX_ile__L_e, EX_istfrnA_e, EX_lys__L_e, EX_malt_e, EX_mmet_e, EX_nmn_e, EX_phe__L_e, EX_pnto__R_e, EX_pro__L_e, EX_ribflv_e, EX_ser__L_e, EX_thm_e, EX_thr__L_e, EX_trp__L_e, EX_tyr__L_e, EX_val__L_e",0.0,0.0,,10.0,0.45944363417872763,,0.0
"EX_23camp_e, EX_23cgmp_e, EX_3mb_e, EX_4abut_e, EX_arg__L_e, EX_asn__L_e, EX_bz_e, EX_cit_e, EX_cytd_e, EX_dcyt_e, EX_fe3pyovd_kt_e, EX_fol_e, EX_gam_e, EX_glu__L_e, EX_glyc_e, EX_gthrd_e, EX_his__L_e, EX_ile__L_e, EX_istfrnA_e, EX_lys__L_e, EX_malt_e, EX_mmet_e, EX_nmn_e, EX_phe__L_e, EX_pnto__R_e, EX_pro__L_e, EX_ribflv_e, EX_ser__L_e, EX_thm_e, EX_thr__L_e, EX_trp__L_e, EX_tyr__L_e, EX_val__L_e",0.0,0.0,,10.0,0.4585778486805613,,0.018557089705573484
"EX_23camp_e, EX_23cgmp_e, EX_3mb_e, EX_4abut_e, EX_arg__L_e, EX_asn__L_e, EX_bz_e, EX_cit_e, EX_cytd_e, EX_dcyt_e, EX_fe3pyovd_kt_e, EX_fol_e, EX_gam_e, EX_glu__L_e, EX_glyc_e, EX_gthrd_e, EX_his__L_e, EX_ile__L_e, EX_istfrnA_e, EX_lys__L_e, EX_malt_e, EX_mmet_e, EX_nmn_e, EX_phe__L_e, EX_pnto__R_e, EX_pro__L_e, EX_ribflv_e, EX_ser__L_e, EX_thm_e, EX_thr__L_e, EX_trp__L_e, EX_tyr__L_e, EX_val__L_e",0.0,0.0,,10.0,0.4577199297672317,,0.03711417941114697
"EX_23camp_e, EX_23cgmp_e, EX_3mb_e, EX_4abut_e, EX_arg__L_e, EX_asn__L_e, EX_bz_e, EX_cit_e, EX_cytd_e, EX_dcyt_e, EX_fe3pyovd_kt_e, EX_fol_e, EX_gam_e, EX_glu__L_e, EX_glyc_e, EX_gthrd_e, EX_his__L_e, EX_ile__L_e, EX_istfrnA_e, EX_lys__L_e, EX_malt_e, EX_mmet_e, EX_nmn_e, EX_phe__L_e, EX_pnto__R_e, EX_pro__L_e, EX_ribflv_e, EX_ser__L_e, EX_thm_e, EX_thr__L_e, EX_trp__L_e, EX_tyr__L_e, EX_val__L_e",0.0,0.0,,10.0,0.45686521489204984,,0.05567126911672045
"EX_23camp_e, EX_23cgmp_e, EX_3mb_e, EX_4abut_e, EX_arg__L_e, EX_asn__L_e, EX_bz_e, EX_cit_e, EX_cytd_e, EX_dcyt_e, EX_fe3pyovd_kt_e, EX_fol_e, EX_gam_e, EX_glu__L_e, EX_glyc_e, EX_gthrd_e, EX_his__L_e, EX_ile__L_e, EX_istfrnA_e, EX_lys__L_e, EX_malt_e, EX_mmet_e, EX_nmn_e, EX_phe__L_e, EX_pnto__R_e, EX_pro__L_e, EX_ribflv_e, EX_ser__L_e, EX_thm_e, EX_thr__L_e, EX_trp__L_e, EX_tyr__L_e, EX_val__L_e",0.0,0.0,,10.0,0.4560136861394607,,0.07422835882229394
"EX_23camp_e, EX_23cgmp_e, EX_3mb_e, EX_4abut_e, EX_arg__L_e, EX_asn__L_e, EX_bz_e, EX_cit_e, EX_cytd_e, EX_dcyt_e, EX_fe3pyovd_kt_e, EX_fol_e, EX_gam_e, EX_glu__L_e, EX_glyc_e, EX_gthrd_e, EX_his__L_e, EX_ile__L_e, EX_istfrnA_e, EX_lys__L_e, EX_malt_e, EX_mmet_e, EX_nmn_e, EX_phe__L_e, EX_pnto__R_e, EX_pro__L_e, EX_ribflv_e, EX_ser__L_e, EX_thm_e, EX_thr__L_e, EX_trp__L_e, EX_tyr__L_e, EX_val__L_e",0.0,0.0,,10.0,0.4574864059347187,,0.09278544852786742
"EX_23camp_e, EX_23cgmp_e, EX_3mb_e, EX_4abut_e, EX_arg__L_e, EX_asn__L_e, EX_bz_e, EX_cit_e, EX_cytd_e, EX_dcyt_e, EX_fe3pyovd_kt_e, EX_fol_e, EX_gam_e, EX_glu__L_e, EX_glyc_e, EX_gthrd_e, EX_his__L_e, EX_ile__L_e, EX_istfrnA_e, EX_lys__L_e, EX_malt_e, EX_mmet_e, EX_nmn_e, EX_phe__L_e, EX_pnto__R_e, EX_pro__L_e, EX_ribflv_e, EX_ser__L_e, EX_thm_e, EX_thr__L_e, EX_trp__L_e, EX_tyr__L_e, EX_val__L_e",0.0,0.0,,10.0,0.45020716553793183,,0.1113425382334409
"EX_23camp_e, EX_23cgmp_e, EX_3mb_e, EX_4abut_e, EX_arg__L_e, EX_asn__L_e, EX_bz_e, EX_cit_e, EX_cytd_e, EX_dcyt_e, EX_fe3pyovd_kt_e, EX_fol_e, EX_gam_e, EX_glu__L_e, EX_glyc_e, EX_gthrd_e, EX_his__L_e, EX_ile__L_e, EX_istfrnA_e, EX_lys__L_e, EX_malt_e, EX_mmet_e, EX_nmn_e, EX_phe__L_e, EX_pnto__R_e, EX_pro__L_e, EX_ribflv_e, EX_ser__L_e, EX_thm_e, EX_thr__L_e, EX_trp__L_e, EX_tyr__L_e, EX_val__L_e",0.0,0.0,,10.0,0.4411182741244198,,0.12989962793901438
"EX_23camp_e, EX_23cgmp_e, EX_3mb_e, EX_4abut_e, EX_arg__L_e, EX_asn__L_e, EX_bz_e, EX_cit_e, EX_cytd_e, EX_dcyt_e, EX_fe3pyovd_kt_e, EX_fol_e, EX_gam_e, EX_glu__L_e, EX_glyc_e, EX_gthrd_e, EX_his__L_e, EX_ile__L_e, EX_istfrnA_e, EX_lys__L_e, EX_malt_e, EX_mmet_e, EX_nmn_e, EX_phe__L_e, EX_pnto__R_e, EX_pro__L_e, EX_ribflv_e, EX_ser__L_e, EX_thm_e, EX_thr__L_e, EX_trp__L_e, EX_tyr__L_e, EX_val__L_e",0.0,0.0,,10.0,0.4323890981749368,,0.14845671764458787
"EX_23camp_e, EX_23cgmp_e, EX_3mb_e, EX_4abut_e, EX_arg__L_e, EX_asn__L_e, EX_bz_e, EX_cit_e, EX_cytd_e, EX_dcyt_e, EX_fe3pyovd_kt_e, EX_fol_e, EX_gam_e, EX_glu__L_e, EX_glyc_e, EX_gthrd_e, EX_his__L_e, EX_ile__L_e, EX_istfrnA_e, EX_lys__L_e, EX_malt_e, EX_mmet_e, EX_nmn_e, EX_phe__L_e, EX_pnto__R_e, EX_pro__L_e, EX_ribflv_e, EX_ser__L_e, EX_thm_e, EX_thr__L_e, EX_trp__L_e, EX_tyr__L_e, EX_val__L_e",0.0,0.0,,10.0,0.4239986971267894,,0.16701380735016136
"EX_23camp_e, EX_23cgmp_e, EX_3mb_e, EX_4abut_e, EX_arg__L_e, EX_asn__L_e, EX_bz_e, EX_cit_e, EX_cytd_e, EX_dcyt_e, EX_fe3pyovd_kt_e, EX_fol_e, EX_gam_e, EX_glu__L_e, EX_glyc_e, EX_gthrd_e, EX_his__L_e, EX_ile__L_e, EX_istfrnA_e, EX_lys__L_e, EX_malt_e, EX_mmet_e, EX_nmn_e, EX_phe__L_e, EX_pnto__R_e, EX_pro__L_e, EX_ribflv_e, EX_ser__L_e, EX_thm_e, EX_thr__L_e, EX_trp__L_e, EX_tyr__L_e, EX_val__L_e",0.0,0.0,,10.0,0.41592772486275204,,0.18557089705573485
"EX_23camp_e, EX_23cgmp_e, EX_3mb_e, EX_4abut_e, EX_arg__L_e, EX_asn__L_e, EX_bz_e, EX_cit_e, EX_cytd_e, EX_dcyt_e, EX_fe3pyovd_kt_e, EX_fol_e, EX_gam_e, EX_glu__L_e, EX_glyc_e, EX_gthrd_e, EX_his__L_e, EX_ile__L_e, EX_istfrnA_e, EX_lys__L_e, EX_malt_e, EX_mmet_e, EX_nmn_e, EX_phe__L_e, EX_pnto__R_e, EX_pro__L_e, EX_ribflv_e, EX_ser__L_e, EX_thm_e, EX_thr__L_e, EX_trp__L_e, EX_tyr__L_e, EX_val__L_e",0.0,0.0,,10.0,0.4081582807915112,,0.20412798676130833
"EX_23camp_e, EX_23cgmp_e, EX_3mb_e, EX_4abut_e, EX_arg__L_e, EX_asn__L_e, EX_bz_e, EX_cit_e, EX_cytd_e, EX_dcyt_e, EX_fe3pyovd_kt_e, EX_fol_e, EX_gam_e, EX_glu__L_e, EX_glyc_e, EX_gthrd_e, EX_his__L_e, EX_ile__L_e, EX_istfrnA_e, EX_lys__L_e, EX_malt_e, EX_mmet_e, EX_nmn_e, EX_phe__L_e, EX_pnto__R_e, EX_pro__L_e, EX_ribflv_e, EX_ser__L_e, EX_thm_e, EX_thr__L_e, EX_trp__L_e, EX_tyr__L_e, EX_val__L_e",0.0,0.0,,10.0,0.4006737773127595,,0.2226850764668818
"EX_23camp_e, EX_23cgmp_e, EX_3mb_e, EX_4abut_e, EX_arg__L_e, EX_asn__L_e, EX_bz_e, EX_cit_e, EX_cytd_e, EX_dcyt_e, EX_fe3pyovd_kt_e, EX_fol_e, EX_gam_e, EX_glu__L_e, EX_glyc_e, EX_gthrd_e, EX_his__L_e, EX_ile__L_e, EX_istfrnA_e, EX_lys__L_e, EX_malt_e, EX_mmet_e, EX_nmn_e, EX_phe__L_e, EX_pnto__R_e, EX_pro__L_e, EX_ribflv_e, EX_ser__L_e, EX_thm_e, EX_thr__L_e, EX_trp__L_e, EX_tyr__L_e, EX_val__L_e",0.0,0.0,,10.0,0.39345882160167484,,0.24124216617245528
"EX_23camp_e, EX_23cgmp_e, EX_3mb_e, EX_4abut_e, EX_arg__L_e, EX_asn__L_e, EX_bz_e, EX_cit_e, EX_cytd_e, EX_dcyt_e, EX_fe3pyovd_kt_e, EX_fol_e, EX_gam_e, EX_glu__L_e, EX_glyc_e, EX_gthrd_e, EX_his__L_e, EX_ile__L_e, EX_istfrnA_e, EX_lys__L_e, EX_malt_e, EX_mmet_e, EX_nmn_e, EX_phe__L_e, EX_pnto__R_e, EX_pro__L_e, EX_ribflv_e, EX_ser__L_e, EX_thm_e, EX_thr__L_e, EX_trp__L_e, EX_tyr__L_e, EX_val__L_e",0.0,0.0,,10.0,0.38649910993975606,,0.25979925587802877
"EX_23camp_e, EX_23cgmp_e, EX_3mb_e, EX_4abut_e, EX_arg__L_e, EX_asn__L_e, EX_bz_e, EX_cit_e, EX_cytd_e, EX_dcyt_e, EX_fe3pyovd_kt_e, EX_fol_e, EX_gam_e, EX_glu__L_e, EX_glyc_e, EX_gthrd_e, EX_his__L_e, EX_ile__L_e, EX_istfrnA_e, EX_lys__L_e, EX_malt_e, EX_mmet_e, EX_nmn_e, EX_phe__L_e, EX_pnto__R_e, EX_pro__L_e, EX_ribflv_e, EX_ser__L_e, EX_thm_e, EX_thr__L_e, EX_trp__L_e, EX_tyr__L_e, EX_val__L_e",0.0,0.0,,10.0,0.37693364779640814,,0.2783563455836023
"EX_23camp_e, EX_23cgmp_e, EX_3mb_e, EX_4abut_e, EX_arg__L_e, EX_asn__L_e, EX_bz_e, EX_cit_e, EX_cytd_e, EX_dcyt_e, EX_fe3pyovd_kt_e, EX_fol_e, EX_gam_e, EX_glu__L_e, EX_glyc_e, EX_gthrd_e, EX_his__L_e, EX_ile__L_e, EX_istfrnA_e, EX_lys__L_e, EX_malt_e, EX_mmet_e, EX_nmn_e, EX_phe__L_e, EX_pnto__R_e, EX_pro__L_e, EX_ribflv_e, EX_ser__L_e, EX_thm_e, EX_thr__L_e, EX_trp__L_e, EX_tyr__L_e, EX_val__L_e",0.0,0.0,,10.0,0.3618274448082712,,0.29691343528917574
"EX_23camp_e, EX_23cgmp_e, EX_3mb_e, EX_4abut_e, EX_arg__L_e, EX_asn__L_e, EX_bz_e, EX_cit_e, EX_cytd_e, EX_dcyt_e, EX_fe3pyovd_kt_e, EX_fol_e, EX_gam_e, EX_glu__L_e, EX_glyc_e, EX_gthrd_e, EX_his__L_e, EX_ile__L_e, EX_istfrnA_e, EX_lys__L_e, EX_malt_e, EX_mmet_e, EX_nmn_e, EX_phe__L_e, EX_pnto__R_e, EX_pro__L_e, EX_ribflv_e, EX_ser__L_e, EX_thm_e, EX_thr__L_e, EX_trp__L_e, EX_tyr__L_e, EX_val__L_e",0.0,0.0,,10.0,0.3190890135069088,,0.3154705249947492
"EX_23camp_e, EX_23cgmp_e, EX_3mb_e, EX_4abut_e, EX_arg__L_e, EX_asn__L_e, EX_bz_e, EX_cit_e, EX_cytd_e, EX_dcyt_e, EX_fe3pyovd_kt_e, EX_fol_e, EX_gam_e, EX_glu__L_e, EX_glyc_e, EX_gthrd_e, EX_his__L_e, EX_ile__L_e, EX_istfrnA_e, EX_lys__L_e, EX_malt_e, EX_mmet_e, EX_nmn_e, EX_phe__L_e, EX_pnto__R_e, EX_pro__L_e, EX_ribflv_e, EX_ser__L_e, EX_thm_e, EX_thr__L_e, EX_trp__L_e, EX_tyr__L_e, EX_val__L_e",0.0,0.0,,9.296206817146066,0.34049527263602775,,0.3340276147003227
"EX_23camp_e, EX_23cgmp_e, EX_3mb_e, EX_4abut_e, EX_arg__L_e, EX_asn__L_e, EX_bz_e, EX_cit_e, EX_cytd_e, EX_dcyt_e, EX_fe3pyovd_kt_e, EX_fol_e, EX_gam_e, EX_glu__L_e, EX_glyc_e, EX_gthrd_e, EX_his__L_e, EX_ile__L_e, EX_istfrnA_e, EX_lys__L_e, EX_malt_e, EX_mmet_e, EX_nmn_e, EX_phe__L_e, EX_pnto__R_e, EX_pro__L_e, EX_ribflv_e, EX_ser__L_e, EX_thm_e, EX_thr__L_e, EX_trp__L_e, EX_tyr__L_e, EX_val__L_e",0.0,0.0,,7.807810899580108,0.2988824015621602,,0.3525847044058962
"EX_23camp_e, EX_23cgmp_e, EX_3mb_e, EX_4abut_e, EX_arg__L_e, EX_asn__L_e, EX_bz_e, EX_cit_e, EX_cytd_e, EX_dcyt_e, EX_fe3pyovd_kt_e, EX_fol_e, EX_gam_e, EX_glu__L_e, EX_glyc_e, EX_gthrd_e, EX_his__L_e, EX_ile__L_e, EX_istfrnA_e, EX_lys__L_e, EX_malt_e, EX_mmet_e, EX_nmn_e, EX_phe__L_e, EX_pnto__R_e, EX_pro__L_e, EX_ribflv_e, EX_ser__L_e, EX_thm_e, EX_thr__L_e, EX_trp__L_e, EX_tyr__L_e, EX_val__L_e",0.0,0.0,,6.3194149820141945,0.23942208564080386,,0.3711417941114697
"EX_23camp_e, EX_23cgmp_e, EX_3mb_e, EX_4abut_e, EX_arg__L_e, EX_asn__L_e, EX_bz_e, EX_cit_e, EX_cytd_e, EX_dcyt_e, EX_fe3pyovd_kt_e, EX_fol_e, EX_gam_e, EX_glu__L_e, EX_glyc_e, EX_gthrd_e, EX_his__L_e, EX_ile__L_e, EX_istfrnA_e, EX_lys__L_e, EX_malt_e, EX_mmet_e, EX_nmn_e, EX_phe__L_e, EX_pnto__R_e, EX_pro__L_e, EX_ribflv_e, EX_ser__L_e, EX_thm_e, EX_thr__L_e, EX_trp__L_e, EX_tyr__L_e, EX_val__L_e",0.0,0.0,,4.831019064448311,0.18014765303811753,,0.38969888381704315
"EX_23camp_e, EX_23cgmp_e, EX_3mb_e, EX_4abut_e, EX_arg__L_e, EX_asn__L_e, EX_bz_e, EX_cit_e, EX_cytd_e, EX_dcyt_e, EX_fe3pyovd_kt_e, EX_fol_e, EX_gam_e, EX_glu__L_e, EX_glyc_e, EX_gthrd_e, EX_his__L_e, EX_ile__L_e, EX_istfrnA_e, EX_lys__L_e, EX_malt_e, EX_mmet_e, EX_nmn_e, EX_phe__L_e, EX_pnto__R_e, EX_pro__L_e, EX_ribflv_e, EX_ser__L_e, EX_thm_e, EX_thr__L_e, EX_trp__L_e, EX_tyr__L_e, EX_val__L_e",0.0,0.0,,3.3426231468822865,0.12271216881234245,,0.40825597352261667
"EX_23camp_e, EX_23cgmp_e, EX_3mb_e, EX_4abut_e, EX_arg__L_e, EX_asn__L_e, EX_bz_e, EX_cit_e, EX_cytd_e, EX_dcyt_e, EX_fe3pyovd_kt_e, EX_fol_e, EX_gam_e, EX_glu__L_e, EX_glyc_e, EX_gthrd_e, EX_his__L_e, EX_ile__L_e, EX_istfrnA_e, EX_lys__L_e, EX_malt_e, EX_mmet_e, EX_nmn_e, EX_phe__L_e, EX_pnto__R_e, EX_pro__L_e, EX_ribflv_e, EX_ser__L_e, EX_thm_e, EX_thr__L_e, EX_trp__L_e, EX_tyr__L_e, EX_val__L_e",0.0,0.0,,1.8542272293163296,0.06659361130633389,,0.4268130632281901
"EX_23camp_e, EX_23cgmp_e, EX_3mb_e, EX_4abut_e, EX_arg__L_e, EX_asn__L_e, EX_bz_e, EX_cit_e, EX_cytd_e, EX_dcyt_e, EX_fe3pyovd_kt_e, EX_fol_e, EX_gam_e, EX_glu__L_e, EX_glyc_e, EX_gthrd_e, EX_his__L_e, EX_ile__L_e, EX_istfrnA_e, EX_lys__L_e, EX_malt_e, EX_mmet_e, EX_nmn_e, EX_phe__L_e, EX_pnto__R_e, EX_pro__L_e, EX_ribflv_e, EX_ser__L_e, EX_thm_e, EX_thr__L_e, EX_trp__L_e, EX_tyr__L_e, EX_val__L_e",0.0,0.0,,0.2294306528034109,0.008403845784778277,,0.44537015293376364
