reaction_id,reaction_name,reduced_cost,lower_bound,upper_bound
EX_23camp_e,R_EX_23camp_e,0.0,-10.0,1000.0
EX_23ccmp_e,R_EX_23ccmp_e,0.0,-10.0,1000.0
EX_23cgmp_e,R_EX_23cgmp_e,0.0,-10.0,1000.0
EX_23cump_e,R_EX_23cump_e,0.0,-10.0,1000.0
EX_23dhbzs3_e,R_EX_23dhbzs3_e,0.0,-10.0,1000.0
EX_2ameph_e,R_EX_2ameph_e,0.0,-10.0,1000.0
EX_2ddglcn_e,R_EX_2ddglcn_e,-0.0,-10.0,1000.0
EX_2hxmp_e,R_EX_2hxmp_e,0.0,-10.0,1000.0
EX_2m35mdntha_e,R_EX_2m35mdntha_e,0.0,-10.0,1000.0
EX_2pglyc_e,R_EX_2pglyc_e,0.0,-10.0,1000.0
EX_35dnta_e,R_EX_35dnta_e,0.0,-10.0,1000.0
EX_3amp_e,R_EX_3amp_e,0.0,-10.0,1000.0
EX_3cmp_e,R_EX_3cmp_e,0.0,-10.0,1000.0
EX_3gmp_e,R_EX_3gmp_e,0.0,-10.0,1000.0
EX_3mb_e,R_EX_3mb_e,0.0,-10.0,1000.0
EX_3ump_e,R_EX_3ump_e,-0.0,-10.0,1000.0
EX_4abut_e,R_EX_4abut_e,0.0,-10.0,1000.0
EX_4ahmmp_e,R_EX_4ahmmp_e,0.0,-10.0,1000.0
EX_4hba_e,R_EX_4hba_e,0.0,-10.0,1000.0
EX_4hpro_DC_e,R_EX_4hpro_DC_e,0.0,-10.0,1000.0
EX_4hpro_LT_e,R_EX_4hpro_LT_e,0.0,-10.0,1000.0
EX_LalaLglu_e,R_EX_LalaLglu_e,0.0,-10.0,1000.0
EX_abg4_e,R_EX_abg4_e,0.0,-10.0,1000.0
EX_abt__L_e,R_EX_abt__L_e,0.0,-10.0,1000.0
EX_ac_e,R_EX_ac_e,-0.0,-10.0,1000.0
EX_acac_e,R_EX_acac_e,-0.0,-10.0,1000.0
EX_acald_e,R_EX_acald_e,0.0,-10.0,1000.0
EX_acgam_e,R_EX_acgam_e,0.0,-10.0,1000.0
EX_acmana_e,R_EX_acmana_e,0.0,-10.0,1000.0
EX_acon_C_e,R_EX_acon_C_e,0.0,-10.0,1000.0
EX_actn__R_e,R_EX_actn__R_e,0.0,-10.0,1000.0
EX_ad_e,R_EX_ad_e,-0.0,-10.0,1000.0
EX_agm_e,R_EX_agm_e,0.0,-10.0,1000.0
EX_ala_B_e,R_EX_ala_B_e,0.0,-10.0,1000.0
EX_ala_L_asp__L_e,R_EX_ala_L_asp__L_e,0.0,-10.0,1000.0
EX_ala_L_glu__L_e,R_EX_ala_L_glu__L_e,0.0,-10.0,1000.0
EX_ala_L_thr__L_e,R_EX_ala_L_thr__L_e,0.0,-10.0,1000.0
EX_ala__D_e,R_EX_ala__D_e,0.0,-10.0,1000.0
EX_ala__L_e,R_EX_ala__L_e,0.0,-10.0,1000.0
EX_ala_gln_e,R_EX_ala_gln_e,-0.0,-10.0,1000.0
EX_ala_his_e,R_EX_ala_his_e,0.0,-10.0,1000.0
EX_ala_leu_e,R_EX_ala_leu_e,0.0,-10.0,1000.0
EX_alaala_e,R_EX_alaala_e,0.0,-10.0,1000.0
EX_alagly_e,R_EX_alagly_e,0.0,-10.0,1000.0
EX_alahis_e,R_EX_alahis_e,0.0,-10.0,1000.0
EX_alaleu_e,R_EX_alaleu_e,0.0,-10.0,1000.0
EX_alathr_e,R_EX_alathr_e,0.0,-10.0,1000.0
EX_alatrp_e,R_EX_alatrp_e,0.0,-10.0,1000.0
EX_arab__L_e,R_EX_arab__L_e,0.0,-5.0,10.0
EX_arbt_e,R_EX_arbt_e,0.0,-10.0,1000.0
EX_arg__L_e,R_EX_arg__L_e,0.0,-10.0,1000.0
EX_asn__L_e,R_EX_asn__L_e,0.0,-10.0,1000.0
EX_asp__L_e,R_EX_asp__L_e,0.0,-10.0,1000.0
EX_balaala_e,R_EX_balaala_e,0.0,-10.0,1000.0
EX_balabala_e,R_EX_balabala_e,0.0,-10.0,1000.0
EX_balagly_e,R_EX_balagly_e,0.0,-10.0,1000.0
EX_balaleu_e,R_EX_balaleu_e,0.0,-10.0,1000.0
EX_balamd_e,R_EX_balamd_e,0.0,-10.0,1000.0
EX_bhb_e,R_EX_bhb_e,0.0,-10.0,1000.0
EX_btn_e,R_EX_btn_e,0.0,-10.0,1000.0
EX_but_e,R_EX_but_e,-0.0,-10.0,1000.0
EX_butso3_e,R_EX_butso3_e,0.0,-10.0,1000.0
EX_bz_e,R_EX_bz_e,0.0,-10.0,1000.0
EX_ca2_e,R_EX_ca2_e,0.0,-10.0,1000.0
EX_carn_e,R_EX_carn_e,0.0,-10.0,1000.0
EX_cellb_e,R_EX_cellb_e,0.0,-10.0,1000.0
EX_cgly_e,R_EX_cgly_e,0.0,-10.0,1000.0
EX_chol_e,R_EX_chol_e,0.0,-10.0,1000.0
EX_cit_e,R_EX_cit_e,0.0,-10.0,1000.0
EX_cl_e,R_EX_cl_e,0.0,-10.0,1000.0
EX_cmcbtt_e,R_EX_cmcbtt_e,0.0,-10.0,1000.0
EX_co2_e,R_EX_co2_e,0.0,-10.0,1000.0
EX_co_e,R_EX_co_e,0.0,-10.0,1000.0
EX_cobalt2_e,R_EX_cobalt2_e,0.0,-10.0,1000.0
EX_cpgn_e,R_EX_cpgn_e,0.0,-10.0,1000.0
EX_cpgn_un_e,R_EX_cpgn_un_e,0.0,-10.0,1000.0
EX_cu2_e,R_EX_cu2_e,0.0,-10.0,1000.0
EX_cys__L_e,R_EX_cys__L_e,0.0,-10.0,1000.0
EX_cytd_e,R_EX_cytd_e,0.0,-10.0,1000.0
EX_d23hb_e,R_EX_d23hb_e,0.0,-10.0,1000.0
EX_dca_e,R_EX_dca_e,0.0,-10.0,1000.0
EX_dcyt_e,R_EX_dcyt_e,0.0,-10.0,1000.0
EX_ddca_e,R_EX_ddca_e,-0.0,-10.0,1000.0
EX_drib_e,R_EX_drib_e,-0.0,-10.0,1000.0
EX_enter_e,R_EX_enter_e,0.0,-10.0,1000.0
EX_ethso3_e,R_EX_ethso3_e,0.0,-10.0,1000.0
EX_etoh_e,R_EX_etoh_e,0.0,-10.0,1000.0
EX_fald_e,R_EX_fald_e,0.0,-10.0,1000.0
EX_fcmcbtt_e,R_EX_fcmcbtt_e,0.0,-10.0,1000.0
EX_fe2_e,R_EX_fe2_e,0.0,-10.0,1000.0
EX_fe3_e,R_EX_fe3_e,-0.0,-10.0,1000.0
EX_fe3dcit_e,R_EX_fe3dcit_e,0.0,-10.0,1000.0
EX_fe3dhbzs3_e,R_EX_fe3dhbzs3_e,0.0,-10.0,1000.0
EX_fe3mcbtt_e,R_EX_fe3mcbtt_e,0.0,-10.0,1000.0
EX_fe3pyovd_kt_e,R_EX_fe3pyovd_kt_e,0.0,-10.0,1000.0
EX_feenter_e,R_EX_feenter_e,0.0,-10.0,1000.0
EX_feoxam_e,R_EX_feoxam_e,0.0,-10.0,1000.0
EX_feoxam_un_e,R_EX_feoxam_un_e,0.0,-10.0,1000.0
EX_fol_e,R_EX_fol_e,0.0,-10.0,1000.0
EX_for_e,R_EX_for_e,0.0,-10.0,1000.0
EX_fru_e,R_EX_fru_e,0.0,-7.0,10.0
EX_fum_e,R_EX_fum_e,0.0,-10.0,1000.0
EX_gal_bD_e,R_EX_gal_bD_e,0.0,-10.0,1000.0
EX_gal_e,R_EX_gal_e,0.0,-10.0,1000.0
EX_galt_e,R_EX_galt_e,0.0,-10.0,1000.0
EX_galur_e,R_EX_galur_e,0.0,-10.0,1000.0
EX_gam_e,R_EX_gam_e,0.0,-10.0,1000.0
EX_glc__D_e,R_EX_glc__D_e,0.0,-10.0,10.0
EX_glc__aD_e,R_EX_glc__aD_e,0.0,-10.0,1000.0
EX_glcn__D_e,R_EX_glcn__D_e,0.0,0.0,0.0
EX_glcn_e,R_EX_glcn_e,0.0,-10.0,1000.0
EX_glcr_e,R_EX_glcr_e,0.0,-10.0,1000.0
EX_glcur_e,R_EX_glcur_e,0.0,-10.0,1000.0
EX_gln__L_e,R_EX_gln__L_e,0.0,-10.0,1000.0
EX_glu__L_e,R_EX_glu__L_e,0.0,-10.0,1000.0
EX_gly_asn__L_e,R_EX_gly_asn__L_e,0.0,-10.0,1000.0
EX_gly_asp__L_e,R_EX_gly_asp__L_e,0.0,-10.0,1000.0
EX_gly_cys_e,R_EX_gly_cys_e,0.0,-10.0,1000.0
EX_gly_e,R_EX_gly_e,0.0,-10.0,1000.0
EX_gly_gln_e,R_EX_gly_gln_e,0.0,-10.0,1000.0
EX_gly_glu__L_e,R_EX_gly_glu__L_e,0.0,-10.0,1000.0
EX_gly_leu_e,R_EX_gly_leu_e,0.0,-10.0,1000.0
EX_gly_met_e,R_EX_gly_met_e,0.0,-10.0,1000.0
EX_gly_phe_e,R_EX_gly_phe_e,0.0,-10.0,1000.0
EX_gly_pro__L_e,R_EX_gly_pro__L_e,0.0,-10.0,1000.0
EX_gly_tyr_e,R_EX_gly_tyr_e,0.0,-10.0,1000.0
EX_glyald_e,R_EX_glyald_e,0.0,-10.0,1000.0
EX_glyb_e,R_EX_glyb_e,0.0,-10.0,1000.0
EX_glyc_e,R_EX_glyc_e,0.0,-10.0,1000.0
EX_glygln_e,R_EX_glygln_e,0.0,-10.0,1000.0
EX_glyglu_e,R_EX_glyglu_e,0.0,-10.0,1000.0
EX_glygly_e,R_EX_glygly_e,0.0,-10.0,1000.0
EX_glyglygln_e,R_EX_glyglygln_e,0.0,-10.0,1000.0
EX_glymet_e,R_EX_glymet_e,0.0,-10.0,1000.0
EX_glyphe_e,R_EX_glyphe_e,0.0,-10.0,1000.0
EX_glyser_e,R_EX_glyser_e,0.0,-10.0,1000.0
EX_gthox_e,R_EX_gthox_e,0.0,-10.0,1000.0
EX_gthrd_e,R_EX_gthrd_e,0.0,-10.0,1000.0
EX_gua_e,R_EX_gua_e,0.0,-10.0,1000.0
EX_h2_e,R_EX_h2_e,0.0,-10.0,1000.0
EX_h2o2_e,R_EX_h2o2_e,0.0,-10.0,1000.0
EX_h2o_e,R_EX_h2o_e,0.0,-10.0,1000.0
EX_h2s_e,R_EX_h2s_e,0.0,-10.0,1000.0
EX_h_e,R_EX_h_e,-0.0,-10.0,1000.0
EX_hexs_e,R_EX_hexs_e,0.0,-10.0,1000.0
EX_his__L_e,R_EX_his__L_e,0.0,-10.0,1000.0
EX_hisgly_e,R_EX_hisgly_e,0.0,-10.0,1000.0
EX_hishis_e,R_EX_hishis_e,0.0,-10.0,1000.0
EX_hqn_e,R_EX_hqn_e,0.0,-10.0,1000.0
EX_hxa_e,R_EX_hxa_e,0.0,-10.0,1000.0
EX_hxan_e,R_EX_hxan_e,0.0,-10.0,1000.0
EX_icit_e,R_EX_icit_e,0.0,-10.0,1000.0
EX_id3acald_e,R_EX_id3acald_e,0.0,-10.0,1000.0
EX_ile__L_e,R_EX_ile__L_e,0.0,-10.0,1000.0
EX_ind3ac_e,R_EX_ind3ac_e,0.0,-10.0,1000.0
EX_inost_e,R_EX_inost_e,0.0,-10.0,1000.0
EX_isetac_e,R_EX_isetac_e,0.0,-10.0,1000.0
EX_istfrnA_e,R_EX_istfrnA_e,0.0,-10.0,1000.0
EX_istfrnB_e,R_EX_istfrnB_e,0.0,-10.0,1000.0
EX_k_e,R_EX_k_e,0.0,-10.0,1000.0
EX_leu__L_e,R_EX_leu__L_e,0.0,-10.0,1000.0
EX_leuleu_e,R_EX_leuleu_e,0.0,-10.0,1000.0
EX_lipoate_e,R_EX_lipoate_e,0.0,-10.0,1000.0
EX_lys__L_e,R_EX_lys__L_e,0.0,-10.0,1000.0
EX_lysglugly_e,R_EX_lysglugly_e,0.0,-10.0,1000.0
EX_madg_e,R_EX_madg_e,0.0,-10.0,1000.0
EX_mal__D_e,R_EX_mal__D_e,0.0,-10.0,1000.0
EX_mal__L_e,R_EX_mal__L_e,0.0,-10.0,1000.0
EX_malt_e,R_EX_malt_e,0.0,-8.0,10.0
EX_malttr_e,R_EX_malttr_e,0.0,-10.0,1000.0
EX_maltttr_e,R_EX_maltttr_e,0.0,-10.0,1000.0
EX_man_e,R_EX_man_e,0.0,-6.0,10.0
EX_manglyc_e,R_EX_manglyc_e,0.0,-10.0,1000.0
EX_mbdg_e,R_EX_mbdg_e,0.0,-10.0,1000.0
EX_mcbtt_e,R_EX_mcbtt_e,0.0,-10.0,1000.0
EX_melib_e,R_EX_melib_e,0.0,-5.0,10.0
EX_meoh_e,R_EX_meoh_e,0.0,-10.0,1000.0
EX_met_L_ala__L_e,R_EX_met_L_ala__L_e,0.0,-10.0,1000.0
EX_met__D_e,R_EX_met__D_e,0.0,-10.0,1000.0
EX_met__L_e,R_EX_met__L_e,0.0,-10.0,1000.0
EX_metox__R_e,R_EX_metox__R_e,0.0,-10.0,1000.0
EX_metox_e,R_EX_metox_e,0.0,-10.0,1000.0
EX_metsox_R__L_e,R_EX_metsox_R__L_e,0.0,-10.0,1000.0
EX_metsox_S__L_e,R_EX_metsox_S__L_e,-0.0,0.0,0.0
EX_mg2_e,R_EX_mg2_e,0.0,-10.0,1000.0
EX_mmet_e,R_EX_mmet_e,0.0,-10.0,1000.0
EX_mn2_e,R_EX_mn2_e,0.0,-10.0,1000.0
EX_mnl_e,R_EX_mnl_e,0.0,-5.0,10.0
EX_mobd_e,R_EX_mobd_e,0.0,-10.0,1000.0
EX_mso3_e,R_EX_mso3_e,0.0,-10.0,1000.0
EX_mththf_e,R_EX_mththf_e,0.0,-10.0,1000.0
EX_nac_e,R_EX_nac_e,0.0,-10.0,1000.0
EX_nh4_e,R_EX_nh4_e,0.0,-15.0,10.0
EX_nmn_e,R_EX_nmn_e,0.0,-10.0,1000.0
EX_no2_e,R_EX_no2_e,0.0,-10.0,1000.0
EX_no3_e,R_EX_no3_e,0.0,-10.0,1000.0
EX_o2_e,R_EX_o2_e,0.0,-20.0,10.0
EX_octa_e,R_EX_octa_e,0.0,-10.0,1000.0
EX_oxa_e,R_EX_oxa_e,0.0,-10.0,1000.0
EX_pacald_e,R_EX_pacald_e,0.0,-10.0,1000.0
EX_phe__L_e,R_EX_phe__L_e,0.0,-10.0,1000.0
EX_pheme_e,R_EX_pheme_e,0.0,-10.0,1000.0
EX_pi_e,R_EX_pi_e,0.0,-5.0,10.0
EX_pnto__R_e,R_EX_pnto__R_e,0.0,-10.0,1000.0
EX_ppa_e,R_EX_ppa_e,0.0,-10.0,1000.0
EX_pro__L_e,R_EX_pro__L_e,0.0,-10.0,1000.0
EX_progly_e,R_EX_progly_e,0.0,-10.0,1000.0
EX_prohisglu_e,R_EX_prohisglu_e,-0.0,-10.0,1000.0
EX_ptrc_e,R_EX_ptrc_e,0.0,-10.0,1000.0
EX_pyovd_kt_e,R_EX_pyovd_kt_e,0.0,-10.0,1000.0
EX_pyr_e,R_EX_pyr_e,0.0,-10.0,1000.0
EX_rib__D_e,R_EX_rib__D_e,0.0,-10.0,1000.0
EX_ribflv_e,R_EX_ribflv_e,0.0,-10.0,1000.0
EX_s_e,R_EX_s_e,0.0,-10.0,1000.0
EX_salchs2_e,R_EX_salchs2_e,0.0,-10.0,1000.0
EX_salchs2fe_e,R_EX_salchs2fe_e,0.0,-10.0,1000.0
EX_salchs4_e,R_EX_salchs4_e,0.0,-10.0,1000.0
EX_salchs4fe_e,R_EX_salchs4fe_e,0.0,-10.0,1000.0
EX_salcn_e,R_EX_salcn_e,0.0,-10.0,1000.0
EX_ser__D_e,R_EX_ser__D_e,0.0,-10.0,1000.0
EX_ser__L_e,R_EX_ser__L_e,0.0,-10.0,1000.0
EX_serglugly_e,R_EX_serglugly_e,0.0,-10.0,1000.0
EX_so3_e,R_EX_so3_e,0.0,-10.0,1000.0
EX_so4_e,R_EX_so4_e,0.0,-10.0,1000.0
EX_spmd_e,R_EX_spmd_e,0.0,-10.0,1000.0
EX_stfrnA_e,R_EX_stfrnA_e,0.0,-10.0,1000.0
EX_stfrnB_e,R_EX_stfrnB_e,0.0,-10.0,1000.0
EX_succ_e,R_EX_succ_e,0.0,-10.0,1000.0
EX_sucr_e,R_EX_sucr_e,0.0,-9.0,10.0
EX_sulfac_e,R_EX_sulfac_e,0.0,-10.0,1000.0
EX_tagur_e,R_EX_tagur_e,0.0,-10.0,1000.0
EX_tartr__L_e,R_EX_tartr__L_e,0.0,-10.0,1000.0
EX_taur_e,R_EX_taur_e,0.0,-10.0,1000.0
EX_thm_e,R_EX_thm_e,0.0,-10.0,1000.0
EX_thr__L_e,R_EX_thr__L_e,0.0,-10.0,1000.0
EX_thymd_e,R_EX_thymd_e,-0.0,-10.0,1000.0
EX_tnt_e,R_EX_tnt_e,0.0,-10.0,1000.0
EX_tre_e,R_EX_tre_e,0.0,-10.0,1000.0
EX_trp__L_e,R_EX_trp__L_e,0.0,-10.0,1000.0
EX_tsul_e,R_EX_tsul_e,0.0,-10.0,1000.0
EX_ttdca_e,R_EX_ttdca_e,0.0,-10.0,1000.0
EX_ttdcea_e,R_EX_ttdcea_e,0.0,-10.0,1000.0
EX_tyr__L_e,R_EX_tyr__L_e,0.0,-10.0,1000.0
EX_udcpdp_e,R_EX_udcpdp_e,-0.0,-10.0,1000.0
EX_udcpp_e,R_EX_udcpp_e,0.0,-10.0,1000.0
EX_ura_e,R_EX_ura_e,0.0,-10.0,1000.0
EX_urate_e,R_EX_urate_e,0.0,-10.0,1000.0
EX_uri_e,R_EX_uri_e,0.0,-10.0,1000.0
EX_val__L_e,R_EX_val__L_e,0.0,-10.0,1000.0
EX_xan_e,R_EX_xan_e,-0.0,-10.0,1000.0
EX_xyl__D_e,R_EX_xyl__D_e,0.0,-10.0,1000.0
EX_zn2_e,R_EX_zn2_e,0.0,-10.0,1000.0
