reaction	GPR	score	normalized_score
R_13PPDH	BHNFPM_00795	191.0	0.7
R_13PPDH2	BHNFPM_03422	271.0	1.0
R_13PPDH2_1	BHNFPM_03422	273.0	1.0
R_14GLUCANabcpp	((BHNFPM_00319 and BHNFPM_01525) or BHNFPM_04338)	60.4	0.2
R_1P2CBXLCYCL	spontaneous	0.0	0.0
R_23PDE2pp	BHNFPM_03821	646.0	2.4
R_23PDE4pp	BHNFPM_03821	646.0	2.4
R_23PDE7pp	BHNFPM_03821	646.0	2.4
R_23PDE9pp	BHNFPM_03821	646.0	2.4
R_2AACLPGT160	BHNFPM_01290	44.3	0.2
R_2AACLPGT161	BHNFPM_01290	44.3	0.2
R_2AACLPGT180	BHNFPM_01290	44.3	0.2
R_2AACLPGT181	BHNFPM_01290	44.3	0.2
R_2AACLPPEAT160	BHNFPM_01290	44.3	0.2
R_2AACLPPEAT161	BHNFPM_01290	44.3	0.2
R_2AACLPPEAT180	BHNFPM_01290	44.3	0.2
R_2AACLPPEAT181	BHNFPM_01290	44.3	0.2
R_2AGPE160tipp	BHNFPM_01290	44.3	0.2
R_2AGPE161tipp	BHNFPM_01290	44.3	0.2
R_2AGPE180tipp	BHNFPM_01290	44.3	0.2
R_2AGPE181tipp	BHNFPM_01290	44.3	0.2
R_2AGPG160tipp	BHNFPM_01290	44.3	0.2
R_2AGPG161tipp	BHNFPM_01290	44.3	0.2
R_2AGPG180tipp	BHNFPM_01290	44.3	0.2
R_2AGPG181tipp	BHNFPM_01290	44.3	0.2
R_2INSD	BHNFPM_00281	357.0	1.3
R_2MAHMP	BHNFPM_01143	43.1	0.2
R_2OBUTtex	BHNFPM_00649	67.4	0.3
R_2S6HCCi	BHNFPM_03358	528.0	2.0
R_34HPPOR	BHNFPM_00545	315.0	1.2
R_3HAD100	BHNFPM_00731	105.0	0.4
R_3HAD120	BHNFPM_00731	105.0	0.4
R_3HAD140	BHNFPM_00731	105.0	0.4
R_3MBt2pp	BHNFPM_04119	350.0	1.3
R_3MBt4pp	BHNFPM_04119	350.0	1.3
R_3MBtex	BHNFPM_00649	67.4	0.3
R_3NTD2pp	BHNFPM_03821	644.0	2.4
R_3NTD4pp	BHNFPM_03821	646.0	2.4
R_3NTD7pp	BHNFPM_03821	646.0	2.4
R_3NTD9pp	BHNFPM_03821	646.0	2.4
R_3NUCLE1	BHNFPM_03821	684.0	2.6
R_3NUCLE2	BHNFPM_03821	684.0	2.6
R_3NUCLE3	BHNFPM_03821	684.0	2.6
R_3NUCLE4	BHNFPM_03821	684.0	2.6
R_3OXCOAT	BHNFPM_00528	459.0	1.7
R_3PEPTabcpp	((BHNFPM_02296 and BHNFPM_03762) or BHNFPM_01047 or BHNFPM_03967)	131.0	0.5
R_4ABUTD	BHNFPM_03431	759.0	2.9
R_4ABUTabcpp	(BHNFPM_00317 and BHNFPM_00574 and BHNFPM_00916)	107.625	0.4
R_4ABZGLUH	BHNFPM_01054	84.5	0.3
R_4HALDD	(BHNFPM_00526 or BHNFPM_01180)	458.0	1.7
R_4HBALDtex	BHNFPM_00649	67.4	0.3
R_4HBAtex	BHNFPM_00649	67.4	0.3
R_4HBZtex	BHNFPM_00649	67.4	0.3
R_4HPRODCabcpp	BHNFPM_02843	629.0	2.4
R_4HPROLTabcpp	BHNFPM_02843	629.0	2.4
R_4HPTNCOAL	BHNFPM_03535	386.0	1.5
R_4HTHRA	BHNFPM_01009	244.0	0.9
R_4HTHRS_1	BHNFPM_00562	471.0	1.8
R_4PCP	(BHNFPM_01264 or BHNFPM_02293)	193.0	0.7
R_4PEPTabcpp	((BHNFPM_02296 and BHNFPM_03762) or BHNFPM_01047 or BHNFPM_03967)	131.0	0.5
R_5APTNabcpp	(BHNFPM_02891 and BHNFPM_02892)	60.4	0.2
R_5DGLCNR	BHNFPM_03778	182.0	0.7
R_5DKGR	(BHNFPM_00269 or BHNFPM_03778)	269.0	1.0
R_6PGALSZ_1	BHNFPM_03899	278.0	1.0
R_6PHBG_2	(BHNFPM_04316 or BHNFPM_04386)	638.0	2.4
R_A6PAG	BHNFPM_03981	122.0	0.5
R_A6PAG2	BHNFPM_03981	122.0	0.5
R_AACLAM	BHNFPM_03245	637.0	2.4
R_AACPS1	BHNFPM_02001	42.35	0.2
R_AACPS2	BHNFPM_02001	42.35	0.2
R_AACPS3	BHNFPM_02001	42.35	0.2
R_AACPS4	BHNFPM_02001	42.35	0.2
R_AACPS5	BHNFPM_02001	42.35	0.2
R_AACPS6	BHNFPM_02001	42.35	0.2
R_AACPS7	BHNFPM_02001	42.35	0.2
R_AACPS8	BHNFPM_02001	42.35	0.2
R_AACPS9	BHNFPM_02001	42.35	0.2
R_AADSACYCL	spontaneous	0.0	0.0
R_AALDCDLsi	spontaneous	0.0	0.0
R_AB6PGH	(BHNFPM_01420 or BHNFPM_04316)	620.0	2.3
R_ABG4t2	BHNFPM_03867	468.0	1.8
R_ABTA	BHNFPM_02609	229.0	0.9
R_ABUTD	(BHNFPM_00526 or BHNFPM_01082 or BHNFPM_01180 or BHNFPM_03431)	759.0	2.9
R_ABUTt2r	BHNFPM_02244	161.0	0.6
R_ACACCT	((BHNFPM_02607 and BHNFPM_02608) or BHNFPM_02607)	206.0	0.8
R_ACACT1r	(BHNFPM_00528 or BHNFPM_01771 or BHNFPM_02793 or BHNFPM_04193 or BHNFPM_04382)	508.0	1.9
R_ACACT2r	BHNFPM_03512	629.0	2.4
R_ACACT3r	BHNFPM_03512	629.0	2.4
R_ACACT4r	BHNFPM_03512	629.0	2.4
R_ACACT5r	BHNFPM_04382	301.0	1.1
R_ACACT5r_1	BHNFPM_03512	629.0	2.4
R_ACACT6r_1	BHNFPM_03512	629.0	2.4
R_ACACT7r	BHNFPM_03512	629.0	2.4
R_ACACt2pp	BHNFPM_04233	423.0	1.6
R_ACALDt	spontaneous	0.0	0.0
R_ACALDtpp	spontaneous	0.0	0.0
R_ACCOAC	((BHNFPM_01926 and BHNFPM_01926) or (BHNFPM_02687 and BHNFPM_02853 and BHNFPM_02854 and BHNFPM_03216 and BHNFPM_03217) or BHNFPM_01926 or BHNFPM_02817)	443.6	1.7
R_ACGAMK	(BHNFPM_00884 or BHNFPM_01413)	79.7	0.3
R_ACGApts	((BHNFPM_00675 and BHNFPM_01425 and BHNFPM_01824 and BHNFPM_01825) or (BHNFPM_01824 and BHNFPM_01825) or BHNFPM_01824)	324.4	1.2
R_ACGAptspp	((BHNFPM_00675 and BHNFPM_00882 and BHNFPM_02612) or (BHNFPM_00675 and BHNFPM_00882) or (BHNFPM_00882 and BHNFPM_01425) or (BHNFPM_00882 and BHNFPM_02612) or BHNFPM_00882)	285.7	1.1
R_ACGK	BHNFPM_00445	190.0	0.7
R_ACGS	(BHNFPM_00251 or BHNFPM_00367 or BHNFPM_00444 or BHNFPM_01032)	484.0	1.8
R_ACHBS	(BHNFPM_00553 and BHNFPM_00554)	510.5	1.9
R_ACKr	BHNFPM_03235	652.0	2.5
R_ACLDC	BHNFPM_02870	53.9	0.2
R_ACLS	(BHNFPM_00553 and BHNFPM_00554)	510.5	1.9
R_ACLS_a	(BHNFPM_00542 and BHNFPM_01868)	440.5	1.7
R_ACLS_d	(BHNFPM_00542 and BHNFPM_01868)	440.5	1.7
R_ACM6PH	BHNFPM_03881	278.0	1.0
R_ACMANApts	((BHNFPM_01824 and BHNFPM_01825) or BHNFPM_04304)	443.5	1.7
R_ACMANAptspp	BHNFPM_00882	12.6	0.0
R_ACMUMptspp	((BHNFPM_00882 and BHNFPM_02612) or BHNFPM_00882)	52.05	0.2
R_ACNAMt2	BHNFPM_03952	167.0	0.6
R_ACNAMt2pp	BHNFPM_03769	46.2	0.2
R_ACOAD1	(BHNFPM_00492 or BHNFPM_02959 or BHNFPM_03511 or BHNFPM_04190 or BHNFPM_04191)	895.0	3.4
R_ACOAD1fr	BHNFPM_03166	226.0	0.9
R_ACOAD2	(BHNFPM_04190 or BHNFPM_04191)	610.0	2.3
R_ACOAD20	(BHNFPM_00492 or BHNFPM_02959 or BHNFPM_03511)	895.0	3.4
R_ACOAD3	(BHNFPM_04190 or BHNFPM_04191)	610.0	2.3
R_ACOAD4_1	(BHNFPM_04190 or BHNFPM_04191)	610.0	2.3
R_ACOAD5_1	(BHNFPM_04190 or BHNFPM_04191)	610.0	2.3
R_ACOAD6	(BHNFPM_04190 or BHNFPM_04191)	610.0	2.3
R_ACOAD7	(BHNFPM_04190 or BHNFPM_04191)	610.0	2.3
R_ACOADH2	(BHNFPM_00492 or BHNFPM_02959 or BHNFPM_03511)	895.0	3.4
R_ACOAM	BHNFPM_03245	637.0	2.4
R_ACODA	BHNFPM_00747	298.0	1.1
R_ACONCt4pp	(BHNFPM_01292 and BHNFPM_01293 and BHNFPM_01294)	201.33333333333334	0.8
R_ACONCtupp	(BHNFPM_01292 and BHNFPM_04320)	191.0	0.7
R_ACONT	BHNFPM_02343	1398.0	5.3
R_ACONTa	BHNFPM_02343	1343.0	5.1
R_ACONTb	BHNFPM_02343	1343.0	5.1
R_ACOTA	BHNFPM_00446	444.0	1.7
R_ACOXT	BHNFPM_03890	231.0	0.9
R_ACP1_FMN	BHNFPM_04145	48.9	0.2
R_ACPPAT120	BHNFPM_02001	41.4	0.2
R_ACPPAT140	BHNFPM_02001	41.4	0.2
R_ACPPAT141	BHNFPM_02001	41.4	0.2
R_ACPPAT160	BHNFPM_02001	41.4	0.2
R_ACPPAT161	BHNFPM_02001	41.4	0.2
R_ACPPAT180	BHNFPM_02001	41.4	0.2
R_ACPPAT181	BHNFPM_02001	41.4	0.2
R_ACPS	BHNFPM_02538	90.9	0.3
R_ACPS1	BHNFPM_00334	138.0	0.5
R_ACPS1_1	BHNFPM_02001	45.65	0.2
R_ACPpds	BHNFPM_02309	268.0	1.0
R_ACS	BHNFPM_03261	920.0	3.5
R_ACS2	BHNFPM_03261	920.0	3.5
R_ACSERHS	BHNFPM_03297	323.0	1.2
R_ACSERtpp	BHNFPM_03820	54.3	0.2
R_ACS_1	BHNFPM_03261	848.0	3.2
R_ACTD	(BHNFPM_04011 or BHNFPM_04331)	120.0	0.5
R_ACTD2	((BHNFPM_03262 and BHNFPM_03263 and BHNFPM_03264) or BHNFPM_03438)	357.3333333333333	1.3
R_ACTD_1	BHNFPM_02421	192.0	0.7
R_ACTDa	(BHNFPM_04011 or BHNFPM_04331)	120.0	0.5
R_ACTNabc	((BHNFPM_00257 and BHNFPM_03056 and BHNFPM_03843) or BHNFPM_03842)	216.0	0.8
R_ACTNabc1	(BHNFPM_00257 and BHNFPM_03056 and BHNFPM_03843)	72.96000000000001	0.3
R_ACt2rpp	BHNFPM_04119	350.0	1.3
R_ACt4pp	BHNFPM_04119	350.0	1.3
R_ACtex	BHNFPM_00649	67.4	0.3
R_ADADir	BHNFPM_00026	316.0	1.2
R_ADCL	(BHNFPM_00104 or BHNFPM_03037)	251.0	0.9
R_ADCS	((BHNFPM_00102 and BHNFPM_00103) or BHNFPM_02551)	394.0	1.5
R_ADD	(BHNFPM_00434 or BHNFPM_00576 or BHNFPM_01434)	575.0	2.2
R_ADEt2rpp	BHNFPM_02561	231.0	0.9
R_ADK1	BHNFPM_00177	343.0	1.3
R_ADK2	BHNFPM_00177	343.0	1.3
R_ADMDC	(BHNFPM_02441 or BHNFPM_03197)	335.0	1.3
R_ADNCYC	(BHNFPM_00591 or BHNFPM_01739)	119.0	0.4
R_ADNK1	BHNFPM_00026	316.0	1.2
R_ADNUC	(BHNFPM_00572 or BHNFPM_01772)	192.0	0.7
R_ADPDA	BHNFPM_01847	498.0	1.9
R_ADPRDP	(BHNFPM_00846 or BHNFPM_01143 or BHNFPM_02365 or BHNFPM_02626 or BHNFPM_02787 or BHNFPM_03577 or BHNFPM_03995)	224.0	0.8
R_ADPRDP_1	BHNFPM_01143	40.0	0.2
R_ADPT	(BHNFPM_00066 or BHNFPM_03069)	302.0	1.1
R_ADSELR	BHNFPM_03281	23.9	0.1
R_ADSK	BHNFPM_02416	251.0	0.9
R_ADSL1r	BHNFPM_00422	749.0	2.8
R_ADSL2r	BHNFPM_00422	749.0	2.8
R_ADSS	BHNFPM_04445	776.0	2.9
R_AEPPYRTA	BHNFPM_02201	50.0	0.2
R_AEPabcpp	(BHNFPM_00319 and BHNFPM_03847 and BHNFPM_03849)	152.0	0.6
R_AGDC	BHNFPM_03400	350.0	1.3
R_AGM3PA	BHNFPM_04227	43.9	0.2
R_AGM3PApp	BHNFPM_04227	43.9	0.2
R_AGM4PA	BHNFPM_04227	43.9	0.2
R_AGM4PApp	BHNFPM_04227	43.9	0.2
R_AGM4PCP	(BHNFPM_01264 or BHNFPM_02293)	193.0	0.7
R_AGMPTRCtpp	BHNFPM_02244	173.0	0.7
R_AGMT	(BHNFPM_00771 or BHNFPM_04201)	502.0	1.9
R_AGPAT160	BHNFPM_02730	120.0	0.5
R_AGPAT161	BHNFPM_02730	120.0	0.5
R_AGPAT180	BHNFPM_02730	120.0	0.5
R_AGPAT181	BHNFPM_02730	120.0	0.5
R_AGPATr_BS	BHNFPM_02239	180.0	0.7
R_AGPR	BHNFPM_00443	427.0	1.6
R_AH6PI	BHNFPM_01217	132.0	0.5
R_AHCYSNS	(BHNFPM_00829 or BHNFPM_03029)	308.0	1.2
R_AHCi	BHNFPM_00829	52.8	0.2
R_AHMMPS_1	BHNFPM_01231	72.8	0.3
R_AHSERL2	(BHNFPM_03781 or BHNFPM_03782)	540.0	2.0
R_AHSERL4	BHNFPM_00101	509.0	1.9
R_AI2tpp	BHNFPM_02531	68.9	0.3
R_AICART	BHNFPM_00430	699.0	2.6
R_AIRC1	(BHNFPM_00420 and BHNFPM_00421)	319.5	1.2
R_AIRCr	BHNFPM_04298	369.0	1.4
R_AKGDH	((BHNFPM_01871 and BHNFPM_02509 and BHNFPM_02510) or BHNFPM_00322 or BHNFPM_03304)	827.0	3.1
R_AKP1	BHNFPM_04404	333.0	1.3
R_AL4D	BHNFPM_04331	118.0	0.4
R_ALAALAabcpp	((BHNFPM_01489 and BHNFPM_01491 and BHNFPM_01492 and BHNFPM_03761) or (BHNFPM_01491 and BHNFPM_01492 and BHNFPM_03761 and BHNFPM_03762) or (BHNFPM_01491 and BHNFPM_01492 and BHNFPM_03761 and BHNFPM_03967) or (BHNFPM_01491 and BHNFPM_01492 and BHNFPM_03761) or (BHNFPM_01492 and BHNFPM_01493 and BHNFPM_03761) or (BHNFPM_03629 and BHNFPM_03763) or BHNFPM_01432 or BHNFPM_01493)	258.8	1.0
R_ALAALAr	BHNFPM_00326	477.0	1.8
R_ALAD_L	(BHNFPM_01373 or BHNFPM_03227)	567.0	2.1
R_ALAGLNtr	BHNFPM_03285	439.0	1.7
R_ALAGLUabcpp	(BHNFPM_01492 and BHNFPM_01493 and BHNFPM_03761)	173.6	0.7
R_ALAGLYtr	BHNFPM_03285	439.0	1.7
R_ALAHISabcpp	(BHNFPM_01492 and BHNFPM_01493 and BHNFPM_03761)	173.6	0.7
R_ALAHIStr	BHNFPM_03285	439.0	1.7
R_ALALEUabcpp	(BHNFPM_01492 and BHNFPM_01493 and BHNFPM_03761)	173.6	0.7
R_ALALEUt	BHNFPM_03285	439.0	1.7
R_ALAR	(BHNFPM_00336 or BHNFPM_01953)	392.0	1.5
R_ALATA_D	BHNFPM_03299	302.0	1.1
R_ALATA_D2	BHNFPM_01009	252.0	1.0
R_ALATA_L	BHNFPM_03436	526.0	2.0
R_ALATA_L2	BHNFPM_01009	252.0	1.0
R_ALATHRabcpp	(BHNFPM_01492 and BHNFPM_01493 and BHNFPM_03761)	173.6	0.7
R_ALATHRtr	BHNFPM_03285	439.0	1.7
R_ALATRPabcpp	(BHNFPM_01492 and BHNFPM_01493 and BHNFPM_03761)	173.6	0.7
R_ALAabc	((BHNFPM_02891 and BHNFPM_02892) or BHNFPM_02631 or BHNFPM_02821 or BHNFPM_03138 or BHNFPM_03709)	301.0	1.1
R_ALAabcpp	((BHNFPM_02891 and BHNFPM_02892) or BHNFPM_02892)	60.4	0.2
R_ALAt2pp	(BHNFPM_00872 or BHNFPM_04405)	588.0	2.2
R_ALAt2r	(BHNFPM_00491 or BHNFPM_01371 or BHNFPM_02357)	664.0	2.5
R_ALAt4	(BHNFPM_01371 or BHNFPM_02357 or BHNFPM_03490)	538.0	2.0
R_ALCD19	(BHNFPM_00795 or BHNFPM_03431)	741.0	2.8
R_ALCD19y	(BHNFPM_00823 or BHNFPM_02375 or BHNFPM_02789)	421.0	1.6
R_ALCD2ir	(BHNFPM_00795 or BHNFPM_00823)	421.0	1.6
R_ALCD2x	BHNFPM_00795	211.0	0.8
R_ALCD2y	(BHNFPM_00823 or BHNFPM_00840)	475.0	1.8
R_ALDD1	(BHNFPM_00526 or BHNFPM_00823 or BHNFPM_01082)	440.0	1.7
R_ALDD19xr	(BHNFPM_00526 or BHNFPM_03431)	718.0	2.7
R_ALDD20x	(BHNFPM_00526 or BHNFPM_03431)	759.0	2.9
R_ALDD20y	BHNFPM_03431	759.0	2.9
R_ALDD2x	(BHNFPM_00526 or BHNFPM_01082 or BHNFPM_01180 or BHNFPM_03431)	759.0	2.9
R_ALDD2y	(BHNFPM_00526 or BHNFPM_01698 or BHNFPM_02388 or BHNFPM_03422 or BHNFPM_03431)	759.0	2.9
R_ALDD3	(BHNFPM_00526 or BHNFPM_01082)	440.0	1.7
R_ALDD31_1	(BHNFPM_00526 or BHNFPM_01082)	440.0	1.7
R_ALDD3y	(BHNFPM_03422 or BHNFPM_03431)	725.0	2.7
R_ALDD4	(BHNFPM_00526 or BHNFPM_01082)	440.0	1.7
R_ALDD4x	(BHNFPM_00526 or BHNFPM_01082)	440.0	1.7
R_ALDD5	(BHNFPM_00526 or BHNFPM_01082)	440.0	1.7
R_ALDD6	(BHNFPM_00526 or BHNFPM_01082)	440.0	1.7
R_ALKP	(BHNFPM_01566 or BHNFPM_02269 or BHNFPM_04404)	333.0	1.3
R_ALLTAMH	BHNFPM_00839	42.7	0.2
R_ALLTN	BHNFPM_03961	58.5	0.2
R_ALLULPE	BHNFPM_00383	243.0	0.9
R_ALLabcpp	(BHNFPM_01389 and BHNFPM_02093)	60.5	0.2
R_ALPHNH	((BHNFPM_00471 and BHNFPM_00472) or BHNFPM_00472)	211.0	0.8
R_ALR2	(BHNFPM_00945 or BHNFPM_00949 or BHNFPM_01837 or BHNFPM_02804)	164.0	0.6
R_ALTRH	BHNFPM_04148	528.0	2.0
R_AM3PA	BHNFPM_04227	43.9	0.2
R_AM4PA	BHNFPM_04227	43.9	0.2
R_AM4PCP	(BHNFPM_01264 or BHNFPM_02293)	193.0	0.7
R_AMANK	(BHNFPM_01107 or BHNFPM_01413)	162.0	0.6
R_AMANK_1	BHNFPM_03743	372.0	1.4
R_AMAOTr	BHNFPM_02609	236.0	0.9
R_AMID4	BHNFPM_01806	198.0	0.7
R_AMID_1	BHNFPM_01573	92.0	0.3
R_AMMQLT8	(BHNFPM_01240 or BHNFPM_03680)	62.4	0.2
R_AMMQT8_2	(BHNFPM_01099 or BHNFPM_01240)	50.8	0.2
R_AMPD2	BHNFPM_03042	70.5	0.3
R_AMPEP1	BHNFPM_02864	362.0	1.4
R_AMPEP10	BHNFPM_02864	362.0	1.4
R_AMPEP11	BHNFPM_02864	362.0	1.4
R_AMPEP12	BHNFPM_02864	362.0	1.4
R_AMPEP13	BHNFPM_02864	362.0	1.4
R_AMPEP14	BHNFPM_02864	362.0	1.4
R_AMPEP15	BHNFPM_02864	362.0	1.4
R_AMPEP16	BHNFPM_02864	362.0	1.4
R_AMPEP17	BHNFPM_02864	362.0	1.4
R_AMPEP18	BHNFPM_02864	362.0	1.4
R_AMPEP2	BHNFPM_02864	362.0	1.4
R_AMPEP3	BHNFPM_02864	362.0	1.4
R_AMPEP4	BHNFPM_02864	362.0	1.4
R_AMPEP5	BHNFPM_02864	362.0	1.4
R_AMPEP6	BHNFPM_02864	362.0	1.4
R_AMPEP7	BHNFPM_02864	362.0	1.4
R_AMPEP8	BHNFPM_02864	362.0	1.4
R_AMPEP9	BHNFPM_02864	362.0	1.4
R_AMPTASEAH	BHNFPM_03461	265.0	1.0
R_AMPTASEAL	BHNFPM_03461	265.0	1.0
R_AMPTASEAT	BHNFPM_03461	265.0	1.0
R_AMPTASEATRP	BHNFPM_03461	265.0	1.0
R_AMPTASECG	((BHNFPM_00178 and BHNFPM_00178 and BHNFPM_02333 and BHNFPM_03461) or BHNFPM_02816 or BHNFPM_02864 or BHNFPM_03091 or BHNFPM_03461)	362.0	1.4
R_AMPTASEGGLN	BHNFPM_03461	265.0	1.0
R_AMPTASEGGLU	BHNFPM_03461	265.0	1.0
R_AMPTASEGM	BHNFPM_03461	265.0	1.0
R_AMPTASEGS	BHNFPM_03461	265.0	1.0
R_AMPTASEHG	BHNFPM_03461	265.0	1.0
R_AMPTASEHH	BHNFPM_03461	265.0	1.0
R_AMPTASEPG	BHNFPM_03461	265.0	1.0
R_ANHMK	BHNFPM_01412	391.0	1.5
R_ANPRT	BHNFPM_02550	281.0	1.1
R_ANS	((BHNFPM_02551 and BHNFPM_02552) or BHNFPM_00103 or BHNFPM_02551 or BHNFPM_02552)	315.0	1.2
R_ANS2	(BHNFPM_02551 and BHNFPM_02552)	315.0	1.2
R_ANSN	BHNFPM_02551	100.0	0.4
R_AOBUTDs	spontaneous	0.0	0.0
R_AOXHEXCYCL	spontaneous	0.0	0.0
R_AP4AH	(BHNFPM_00717 or BHNFPM_01076 or BHNFPM_02448)	49.3	0.2
R_AP4AS	BHNFPM_00518	413.0	1.6
R_APATi	BHNFPM_01846	310.0	1.2
R_APG3PAT120	BHNFPM_02200	65.9	0.2
R_APG3PAT141	BHNFPM_02200	65.9	0.2
R_APG3PAT160	BHNFPM_02200	65.9	0.2
R_APG3PAT161	BHNFPM_02200	65.9	0.2
R_APG3PAT180	BHNFPM_02200	65.9	0.2
R_APG3PAT181	BHNFPM_02200	65.9	0.2
R_APRAUR	BHNFPM_02565	374.0	1.4
R_APSR	(BHNFPM_02419 or BHNFPM_03281)	352.0	1.3
R_APTA1i	BHNFPM_01827	471.0	1.8
R_ARABRr	(BHNFPM_01170 or BHNFPM_01568)	357.0	1.3
R_ARBTpts	((BHNFPM_01824 and BHNFPM_01825 and BHNFPM_04420) or (BHNFPM_01824 and BHNFPM_01825))	473.0	1.8
R_ARBTptspp	((BHNFPM_00882 and BHNFPM_04316) or (BHNFPM_00882 and BHNFPM_04317) or BHNFPM_00882)	223.0	0.8
R_ARBabc	((BHNFPM_03857 and BHNFPM_03858 and BHNFPM_03951) or BHNFPM_03858)	176.33333333333334	0.7
R_ARBt2r	BHNFPM_03952	167.0	0.6
R_ARBt3ipp	(BHNFPM_00239 or BHNFPM_02403)	174.0	0.7
R_ARGDC	BHNFPM_01876	754.0	2.8
R_ARGDI_1	BHNFPM_03534	80.1	0.3
R_ARGDr	BHNFPM_03553	54.7	0.2
R_ARGN_1	BHNFPM_00212	418.0	1.6
R_ARGSL	(BHNFPM_01010 or BHNFPM_03231)	659.0	2.5
R_ARGSS	(BHNFPM_01010 or BHNFPM_03232)	636.0	2.4
R_ARGabc	((BHNFPM_02821 and BHNFPM_02822 and BHNFPM_02823) or BHNFPM_02631 or BHNFPM_02821 or BHNFPM_03138 or BHNFPM_03709)	301.0	1.1
R_ARGabcpp	BHNFPM_04392	63.75	0.2
R_ARGt2r	((BHNFPM_00730 and BHNFPM_00730) or BHNFPM_00730 or BHNFPM_02244)	417.0	1.6
R_ASAD	BHNFPM_02083	521.0	2.0
R_ASCBPL	BHNFPM_01034	51.2	0.2
R_ASCBpts	(BHNFPM_01824 and BHNFPM_01825)	221.75	0.8
R_ASCBptspp	BHNFPM_00882	10.4	0.0
R_ASNN	BHNFPM_02737	339.0	1.3
R_ASNS1	(BHNFPM_01685 or BHNFPM_03420)	883.0	3.3
R_ASNabc	(BHNFPM_02631 or BHNFPM_02821 or BHNFPM_03138 or BHNFPM_03709)	301.0	1.1
R_ASNt2rpp	BHNFPM_02244	157.0	0.6
R_ASNt4	BHNFPM_03490	196.0	0.7
R_ASO3t4pp	BHNFPM_01084	46.2	0.2
R_ASO4t4pp	BHNFPM_01084	46.2	0.2
R_ASO4tex	BHNFPM_00649	67.4	0.3
R_ASP1DC	(BHNFPM_02684 or BHNFPM_03627)	536.0	2.0
R_ASPCT	(BHNFPM_01027 or BHNFPM_01964)	957.0	3.6
R_ASPCT_2	BHNFPM_01964	305.0	1.2
R_ASPK	(BHNFPM_02084 or BHNFPM_03161 or BHNFPM_04293)	536.0	2.0
R_ASPO1	(BHNFPM_02233 or BHNFPM_03090)	403.0	1.5
R_ASPO6	BHNFPM_03090	403.0	1.5
R_ASPR	BHNFPM_01179	194.0	0.7
R_ASPTA	BHNFPM_02680	574.0	2.2
R_ASPTA6	BHNFPM_02201	106.0	0.4
R_ASPabc	((BHNFPM_03137 and BHNFPM_04393) or BHNFPM_02631 or BHNFPM_02821 or BHNFPM_03138 or BHNFPM_03709)	301.0	1.1
R_ASPt2_2pp	BHNFPM_03756	182.0	0.7
R_ASPt2pp	BHNFPM_01594	252.0	1.0
R_ASPt2r	BHNFPM_01594	257.0	1.0
R_ASR	BHNFPM_03510	53.5	0.2
R_ASR2	BHNFPM_04351	127.0	0.5
R_ATAH_1	(BHNFPM_02794 or BHNFPM_03892)	232.0	0.9
R_ATHRDHr	(BHNFPM_02388 or BHNFPM_04011)	118.0	0.4
R_ATPHs	spontaneous	0.0	0.0
R_ATPPRT	BHNFPM_03737	328.0	1.2
R_ATPX5P	BHNFPM_04219	317.0	1.2
R_BALAALAabcpp	(BHNFPM_01492 and BHNFPM_01493 and BHNFPM_03761)	173.6	0.7
R_BALABALAabcpp	(BHNFPM_01492 and BHNFPM_01493 and BHNFPM_03761)	173.6	0.7
R_BALAGLYabcpp	(BHNFPM_01492 and BHNFPM_01493 and BHNFPM_03761)	173.6	0.7
R_BALALEUabcpp	(BHNFPM_01492 and BHNFPM_01493 and BHNFPM_03761)	173.6	0.7
R_BALAMDAH	BHNFPM_02380	214.0	0.8
R_BALAt2pp	(BHNFPM_00872 or BHNFPM_04405)	588.0	2.2
R_BALAt2r	BHNFPM_02244	161.0	0.6
R_BCT1_syn	BHNFPM_00536	27.25	0.1
R_BDH	BHNFPM_04270	358.0	1.4
R_BETALDHx	BHNFPM_00526	389.0	1.5
R_BETALDHy	BHNFPM_00526	376.0	1.4
R_BGLA	BHNFPM_04421	404.0	1.5
R_BGLA1	(BHNFPM_01420 or BHNFPM_04316)	620.0	2.3
R_BGLK	BHNFPM_03981	123.0	0.5
R_BG_CELLB	(BHNFPM_04316 or BHNFPM_04421)	610.0	2.3
R_BG_MADG	BHNFPM_04316	610.0	2.3
R_BG_MBDG	BHNFPM_04316	610.0	2.3
R_BHBtpp	BHNFPM_04271	280.0	1.1
R_BLAMDabcpp	(BHNFPM_01492 and BHNFPM_01493 and BHNFPM_03761)	173.6	0.7
R_BTDD_RR	BHNFPM_01072	592.0	2.2
R_BTNt	(BHNFPM_00186 and BHNFPM_00187 and BHNFPM_00188 and BHNFPM_04384)	223.0	0.8
R_BTNt2i	BHNFPM_03328	111.0	0.4
R_BTOHtex	BHNFPM_00649	67.4	0.3
R_BTS	(BHNFPM_00945 or BHNFPM_00949 or BHNFPM_01837 or BHNFPM_02804)	164.0	0.6
R_BTS3r	BHNFPM_02987	46.2	0.2
R_BUP2	BHNFPM_01573	96.3	0.4
R_BUPN	BHNFPM_01573	96.3	0.4
R_BUTCT	((BHNFPM_02607 and BHNFPM_02608) or BHNFPM_02607)	206.0	0.8
R_BUTCT2	BHNFPM_02607	99.0	0.4
R_BUTKr	BHNFPM_02833	528.0	2.0
R_BUTSO3abcpp	((BHNFPM_00261 and BHNFPM_00262 and BHNFPM_00263) or (BHNFPM_00262 and BHNFPM_00263) or BHNFPM_00262 or BHNFPM_00263 or BHNFPM_01589 or BHNFPM_03336)	250.33333333333334	0.9
R_BUTSO3tex	BHNFPM_00649	67.4	0.3
R_BUTSabc	BHNFPM_03336	59.0	0.2
R_BUTt2rpp	(BHNFPM_04119 or BHNFPM_04233)	423.0	1.6
R_BUTt4pp	BHNFPM_04119	350.0	1.3
R_BUTtex	BHNFPM_00649	67.4	0.3
R_BZALCtex	BHNFPM_00649	67.4	0.3
R_BZALtex	BHNFPM_00649	67.4	0.3
R_BZDH	BHNFPM_01082	397.0	1.5
R_BZt	spontaneous	0.0	0.0
R_BZtex	BHNFPM_00649	67.4	0.3
R_C4HP	BHNFPM_03501	61.6	0.2
R_CA2abc1	BHNFPM_01973	1211.0	4.6
R_CA2tex	BHNFPM_00649	67.4	0.3
R_CARNabcpp	(BHNFPM_01492 and BHNFPM_01493 and BHNFPM_03761)	173.6	0.7
R_CAT	(BHNFPM_01461 or BHNFPM_02392 or BHNFPM_02747 or BHNFPM_03429)	983.0	3.7
R_CAt4	BHNFPM_00695	504.0	1.9
R_CBMD	spontaneous	0.0	0.0
R_CBPS	((BHNFPM_00447 and BHNFPM_00448) or (BHNFPM_01026 and BHNFPM_01027) or (BHNFPM_01966 and BHNFPM_01967) or BHNFPM_01027)	1082.0	4.1
R_CBPS_1	BHNFPM_01967	761.5	2.9
R_CD2abc1	(BHNFPM_00682 or BHNFPM_01197)	709.0	2.7
R_CD2abcpp	BHNFPM_01197	395.0	1.5
R_CD2t3pp	(BHNFPM_01297 or BHNFPM_03774)	133.0	0.5
R_CD2t4	BHNFPM_03641	410.0	1.5
R_CD2t4pp	BHNFPM_01789	71.0	0.3
R_CD2t5	BHNFPM_01789	92.0	0.3
R_CD2t6	BHNFPM_01789	92.0	0.3
R_CD2tex	BHNFPM_00649	67.4	0.3
R_CDGUNPD	(BHNFPM_00008 or BHNFPM_00292 or BHNFPM_02255 or BHNFPM_02455 or BHNFPM_03492 or BHNFPM_03876)	402.0	1.5
R_CDPMEK	BHNFPM_00065	439.0	1.7
R_CDPPH	BHNFPM_00294	119.0	0.4
R_CEL6abc	BHNFPM_00387	11.559999999999999	0.0
R_CELBpts	((BHNFPM_01824 and BHNFPM_01825 and BHNFPM_03900) or (BHNFPM_01824 and BHNFPM_01825 and BHNFPM_03901 and BHNFPM_03902) or (BHNFPM_01824 and BHNFPM_01825) or (BHNFPM_03900 and BHNFPM_03902) or BHNFPM_00882 or BHNFPM_01824)	321.0	1.2
R_CELBt2	BHNFPM_03952	167.0	0.6
R_CELLBabc	BHNFPM_00387	11.559999999999999	0.0
R_CELLBpts_2	((BHNFPM_01417 and BHNFPM_01418) or BHNFPM_03900 or BHNFPM_03902)	178.66666666666666	0.7
R_CELabc	BHNFPM_00387	11.559999999999999	0.0
R_CGLYabcpp	((BHNFPM_01489 and BHNFPM_01491 and BHNFPM_01492 and BHNFPM_03761) or (BHNFPM_01491 and BHNFPM_01492 and BHNFPM_03761 and BHNFPM_03762) or (BHNFPM_01491 and BHNFPM_01492 and BHNFPM_03761 and BHNFPM_03967) or (BHNFPM_01491 and BHNFPM_01492 and BHNFPM_03761) or (BHNFPM_01492 and BHNFPM_01493 and BHNFPM_03761))	258.8	1.0
R_CHLabc	((BHNFPM_00536 and BHNFPM_01306) or BHNFPM_00536 or BHNFPM_03617 or BHNFPM_03618)	253.5	1.0
R_CHLt3pp	BHNFPM_03576	75.5	0.3
R_CHOLD	BHNFPM_00795	193.0	0.7
R_CHOLSabc_1	(BHNFPM_00536 or BHNFPM_03617)	76.25	0.3
R_CHORM	(BHNFPM_02708 or BHNFPM_03094 or BHNFPM_03269)	553.0	2.1
R_CHORS	BHNFPM_02710	600.0	2.3
R_CHTBSptspp	BHNFPM_00882	10.4	0.0
R_CITDAPPS	BHNFPM_04297	173.0	0.7
R_CITt14	BHNFPM_03999	442.0	1.7
R_CITt4pp_1	(BHNFPM_01292 and BHNFPM_01293 and BHNFPM_01294)	201.33333333333334	0.8
R_CITtupp	(BHNFPM_01292 and BHNFPM_04320)	191.0	0.7
R_CLtex	BHNFPM_00649	67.4	0.3
R_CMCBTFabcpp	BHNFPM_03709	27.099999999999998	0.1
R_CMCBTFexs	spontaneous	0.0	0.0
R_CMLDC	BHNFPM_04273	110.0	0.4
R_CMPDAi	BHNFPM_03004	265.0	1.0
R_CO23OC	BHNFPM_03544	196.0	0.7
R_CO2t	spontaneous	0.0	0.0
R_CO2tex	(BHNFPM_00649 or spontaneous)	67.4	0.3
R_CO2tpp	spontaneous	0.0	0.0
R_COB1NDAAT1	BHNFPM_01499	107.0	0.4
R_COBALT2abcpp	(BHNFPM_00626 or BHNFPM_01197)	395.0	1.5
R_COBALT2t3pp	(BHNFPM_01297 or BHNFPM_03774)	133.0	0.5
R_COBALT2tex	BHNFPM_00649	67.4	0.3
R_COBALTt4pp	BHNFPM_01789	71.0	0.3
R_COBALTt5	BHNFPM_03774	119.0	0.4
R_COabc	((BHNFPM_00186 and BHNFPM_00187 and BHNFPM_00188) or BHNFPM_03644 or BHNFPM_03709 or BHNFPM_03967)	150.6	0.6
R_COt_1	spontaneous	0.0	0.0
R_CPGNexs	spontaneous	0.0	0.0
R_CPPPGO	(BHNFPM_01620 or BHNFPM_02987 or BHNFPM_02994 or BHNFPM_03315)	690.0	2.6
R_CRNabc	(BHNFPM_00536 or BHNFPM_03617)	76.25	0.3
R_CRO4abcpp	((BHNFPM_00319 and BHNFPM_00680) or (BHNFPM_00677 and BHNFPM_00678 and BHNFPM_00679 and BHNFPM_00680) or BHNFPM_00319)	394.25	1.5
R_CRO4t3	(BHNFPM_03758 or BHNFPM_03759)	165.0	0.6
R_CRO4t3pp	BHNFPM_02208	105.0	0.4
R_CRO4tex	BHNFPM_00649	67.4	0.3
R_CS	(BHNFPM_02275 or BHNFPM_03210)	579.0	2.2
R_CTBTabc	BHNFPM_03617	335.0	1.3
R_CTECOAI6	BHNFPM_01622	127.0	0.5
R_CTECOAI7	BHNFPM_01622	127.0	0.5
R_CTECOAI8	BHNFPM_01622	127.0	0.5
R_CTPS1	BHNFPM_04185	896.0	3.4
R_CTPS2	(BHNFPM_00662 or BHNFPM_04185)	896.0	3.4
R_CU2abcpp	BHNFPM_01197	395.0	1.5
R_CU2tex	BHNFPM_00649	67.4	0.3
R_CUtex	BHNFPM_00649	67.4	0.3
R_CYANST	BHNFPM_02650	196.0	0.7
R_CYANt2pp	BHNFPM_04349	210.0	0.8
R_CYS	BHNFPM_02744	44.7	0.2
R_CYSDS	(BHNFPM_03254 or BHNFPM_03439 or BHNFPM_03782 or BHNFPM_04242)	371.0	1.4
R_CYSGL	BHNFPM_03782	124.0	0.5
R_CYSItpp	BHNFPM_04389	129.0	0.5
R_CYSK2_I	BHNFPM_01012	230.0	0.9
R_CYSS	(BHNFPM_03297 or BHNFPM_03781)	513.0	1.9
R_CYSS_2	BHNFPM_00101	509.0	1.9
R_CYSTGL	(BHNFPM_03027 or BHNFPM_03782)	556.0	2.1
R_CYSTL	(BHNFPM_02189 or BHNFPM_03439 or BHNFPM_03782 or BHNFPM_04242)	513.0	1.9
R_CYSTS	(BHNFPM_02744 or BHNFPM_03028)	390.0	1.5
R_CYST_II	BHNFPM_01012	230.0	0.9
R_CYSabc	(BHNFPM_02631 or BHNFPM_02821 or BHNFPM_03138 or BHNFPM_03709)	301.0	1.1
R_CYSabc2pp	(BHNFPM_01558 and BHNFPM_01559)	262.5	1.0
R_CYSabcpp	BHNFPM_03139	43.666666666666664	0.2
R_CYStpp	BHNFPM_03820	54.3	0.2
R_CYTBD2pp	BHNFPM_01558	68.75	0.3
R_CYTB_B2	((BHNFPM_01860 and BHNFPM_01861) or (BHNFPM_03348 and BHNFPM_03349) or BHNFPM_01558 or BHNFPM_01902)	527.5	2.0
R_CYTB_B3	(BHNFPM_03770 and BHNFPM_03771 and BHNFPM_03772 and BHNFPM_03773)	407.75	1.5
R_CYTCAA3pp	(BHNFPM_02656 and BHNFPM_02657)	32.175	0.1
R_CYTD	(BHNFPM_00220 or BHNFPM_00753 or BHNFPM_02970)	210.0	0.8
R_CYTDH	(BHNFPM_00572 or BHNFPM_01772)	176.0	0.7
R_CYTDK1	BHNFPM_03035	362.0	1.4
R_CYTDK2	(BHNFPM_02397 or BHNFPM_03035)	362.0	1.4
R_CYTDt2	BHNFPM_01784	462.0	1.7
R_CYTK1	BHNFPM_02731	271.0	1.0
R_CYTK2	BHNFPM_02731	271.0	1.0
R_CYTOM	BHNFPM_00956	100.0	0.4
R_Cobalt2abcppI	BHNFPM_00626	14.566666666666668	0.1
R_Cotpp	spontaneous	0.0	0.0
R_Cut1	((BHNFPM_01209 and BHNFPM_01210) or BHNFPM_01209)	965.0	3.6
R_DAAOP	BHNFPM_02288	370.0	1.4
R_DABAAT2	BHNFPM_04299	561.0	2.1
R_DADK	BHNFPM_00177	343.0	1.3
R_DADNK	BHNFPM_00026	316.0	1.2
R_DADNK_1	BHNFPM_00026	308.0	1.2
R_DAGK	BHNFPM_00464	380.0	1.4
R_DAGK160	BHNFPM_03294	100.0	0.4
R_DAGK_BS	BHNFPM_02971	103.0	0.4
R_DALAALAD	BHNFPM_02380	214.0	0.8
R_DALADALAD	BHNFPM_02380	214.0	0.8
R_DALAGLYD	BHNFPM_02380	214.0	0.8
R_DALALEUD	BHNFPM_02380	214.0	0.8
R_DALAOX	BHNFPM_02428	201.0	0.8
R_DALAt2pp	(BHNFPM_00872 or BHNFPM_04405)	588.0	2.2
R_DALAt2r	(BHNFPM_00491 or BHNFPM_00872 or BHNFPM_01371 or BHNFPM_02357 or BHNFPM_04405)	664.0	2.5
R_DAPDA	BHNFPM_03868	356.0	1.3
R_DAPDC	(BHNFPM_00770 or BHNFPM_00772 or BHNFPM_02771)	611.0	2.3
R_DAPE	BHNFPM_02559	136.0	0.5
R_DAPabcpp	BHNFPM_03139	130.0	0.5
R_DARBt3ipp	BHNFPM_00239	167.0	0.6
R_DASYN120	(BHNFPM_02436 or BHNFPM_03223)	198.0	0.7
R_DASYN140	(BHNFPM_02436 or BHNFPM_03223)	198.0	0.7
R_DASYN141	BHNFPM_02436	198.0	0.7
R_DASYN160	(BHNFPM_02436 or BHNFPM_03223)	198.0	0.7
R_DASYN161	(BHNFPM_02436 or BHNFPM_03223)	198.0	0.7
R_DASYN180	(BHNFPM_02436 or BHNFPM_03223)	198.0	0.7
R_DASYN181	(BHNFPM_02436 or BHNFPM_03223)	198.0	0.7
R_DATPHs	spontaneous	0.0	0.0
R_DB4PS	BHNFPM_02563	535.0	2.0
R_DCMPDA	BHNFPM_03004	265.0	1.0
R_DCYTD	(BHNFPM_00220 or BHNFPM_02970)	210.0	0.8
R_DCYTt2	BHNFPM_01784	462.0	1.7
R_DDGLCNt2r	BHNFPM_04397	264.0	1.0
R_DDGLCNt2rpp	BHNFPM_04397	243.0	0.9
R_DDGLK	(BHNFPM_00266 or BHNFPM_02263)	240.0	0.9
R_DDPA	BHNFPM_03269	553.0	2.1
R_DDPGA	(BHNFPM_00265 or BHNFPM_02264)	245.0	0.9
R_DGK1	BHNFPM_01976	316.0	1.2
R_DGNSK	BHNFPM_00027	229.0	0.9
R_DGNSK_1	BHNFPM_00026	308.0	1.2
R_DGUNC	(BHNFPM_00292 or BHNFPM_03122 or BHNFPM_03206 or BHNFPM_03255 or BHNFPM_03713 or BHNFPM_03718 or BHNFPM_03876 or BHNFPM_04178 or BHNFPM_04395)	402.0	1.5
R_DHAD1	BHNFPM_00552	756.0	2.9
R_DHAD2	BHNFPM_00552	756.0	2.9
R_DHAD3	BHNFPM_00552	736.0	2.8
R_DHAK	(BHNFPM_00921 or BHNFPM_03660)	284.0	1.1
R_DHAPT	((BHNFPM_00882 and BHNFPM_00921) or BHNFPM_00882 or BHNFPM_00921 or BHNFPM_01824)	89.33333333333333	0.3
R_DHBD	(BHNFPM_02421 or BHNFPM_04400)	192.0	0.7
R_DHBSZ3FEexs	spontaneous	0.0	0.0
R_DHDPRy	BHNFPM_02692	345.0	1.3
R_DHDPS	BHNFPM_02085	394.0	1.5
R_DHFR	(BHNFPM_02097 or BHNFPM_02624)	181.0	0.7
R_DHFS	BHNFPM_03123	397.0	1.5
R_DHGLYH	spontaneous	0.0	0.0
R_DHMPTRx	BHNFPM_02389	77.8	0.3
R_DHNCOAS	BHNFPM_03356	457.0	1.7
R_DHNCOAT	(BHNFPM_02348 or BHNFPM_03458)	156.0	0.6
R_DHNPA_1	BHNFPM_00106	162.0	0.6
R_DHORDi	(BHNFPM_01968 and BHNFPM_01969)	365.0	1.4
R_DHORTS	(BHNFPM_01965 or BHNFPM_03961)	594.0	2.2
R_DHPACCOAHIT	(BHNFPM_00525 and BHNFPM_00528)	210.66666666666666	0.8
R_DHPPDA	BHNFPM_02565	374.0	1.4
R_DHPS	BHNFPM_00105	305.0	1.2
R_DHPS2	BHNFPM_00105	305.0	1.2
R_DHPTDCs	spontaneous	0.0	0.0
R_DHPTDCs2	spontaneous	0.0	0.0
R_DHQS	BHNFPM_02709	303.0	1.1
R_DHQTi	(BHNFPM_01711 or BHNFPM_02865)	948.0	3.6
R_DINSK	BHNFPM_00027	229.0	0.9
R_DIPEPabc1	((BHNFPM_02289 and BHNFPM_02290 and BHNFPM_02291 and BHNFPM_02292) or BHNFPM_03285)	536.25	2.0
R_DIPEPabc10	((BHNFPM_02289 and BHNFPM_02290 and BHNFPM_02291 and BHNFPM_02292) or BHNFPM_03285)	536.25	2.0
R_DIPEPabc12	((BHNFPM_02289 and BHNFPM_02290 and BHNFPM_02291 and BHNFPM_02292) or BHNFPM_03285)	536.25	2.0
R_DIPEPabc13	((BHNFPM_02289 and BHNFPM_02290 and BHNFPM_02291 and BHNFPM_02292) or BHNFPM_03285)	536.25	2.0
R_DIPEPabc14	((BHNFPM_02289 and BHNFPM_02290 and BHNFPM_02291 and BHNFPM_02292) or BHNFPM_03285)	536.25	2.0
R_DIPEPabc15	((BHNFPM_02289 and BHNFPM_02290 and BHNFPM_02291 and BHNFPM_02292) or BHNFPM_03285)	536.25	2.0
R_DIPEPabc3	((BHNFPM_02289 and BHNFPM_02290 and BHNFPM_02291 and BHNFPM_02292) or BHNFPM_03285)	536.25	2.0
R_DIPEPabc8	((BHNFPM_02289 and BHNFPM_02290 and BHNFPM_02291 and BHNFPM_02292) or BHNFPM_03285)	536.25	2.0
R_DKDID	(BHNFPM_00280 and BHNFPM_04163)	452.0	1.7
R_DKMD2K	BHNFPM_01811	242.0	0.9
R_DLYSabcpp	BHNFPM_02631	21.275	0.1
R_DM1PE	BHNFPM_01808	459.0	1.7
R_DMATT	BHNFPM_02846	317.0	1.2
R_DMPPS	(BHNFPM_02729 or BHNFPM_02954)	495.0	1.9
R_DMSO2abcpp	(BHNFPM_00261 and BHNFPM_00262 and BHNFPM_00263)	250.33333333333334	0.9
R_DNADDP	BHNFPM_02955	52.4	0.2
R_DNMPPA	(BHNFPM_01260 or BHNFPM_02751)	284.0	1.1
R_DNTAep	BHNFPM_01789	90.66666666666667	0.3
R_DNTPPA	(BHNFPM_01143 or BHNFPM_01260 or BHNFPM_02626 or BHNFPM_02751 or BHNFPM_03577)	284.0	1.1
R_DPCOAK	BHNFPM_03199	223.0	0.8
R_DPR	(BHNFPM_01929 or BHNFPM_02869)	167.0	0.6
R_DRBK	BHNFPM_00509	380.0	1.4
R_DRIBabc	(BHNFPM_00510 and BHNFPM_00511 and BHNFPM_00512 and BHNFPM_00513)	437.5	1.7
R_DRPA	BHNFPM_02985	280.0	1.1
R_DSERDHr	BHNFPM_04011	118.0	0.4
R_DSERt2	(BHNFPM_00872 or BHNFPM_01371 or BHNFPM_04405)	608.0	2.3
R_DSERt2pp	(BHNFPM_00872 or BHNFPM_04405)	588.0	2.2
R_DTMPK	BHNFPM_00048	238.0	0.9
R_DURIK1	BHNFPM_04170	280.0	1.1
R_DURIPP	BHNFPM_02780	623.0	2.4
R_DURIPP_1	BHNFPM_02780	580.0	2.2
R_DUTPDP	BHNFPM_00763	52.4	0.2
R_DXPRIi	BHNFPM_02063	495.0	1.9
R_DXPS	BHNFPM_02845	1033.0	3.9
R_EAR100x	BHNFPM_00533	192.0	0.7
R_EAR120x	BHNFPM_00533	192.0	0.7
R_EAR140x	BHNFPM_00533	192.0	0.7
R_EAR141x	BHNFPM_00533	192.0	0.7
R_EAR80x	BHNFPM_00533	192.0	0.7
R_ECOAH1	(BHNFPM_00524 or BHNFPM_01622)	242.0	0.9
R_ECOAH12	(BHNFPM_00524 or BHNFPM_00525)	232.0	0.9
R_ECOAH14	BHNFPM_00524	242.0	0.9
R_ECOAH15	BHNFPM_00524	242.0	0.9
R_ECOAH16	BHNFPM_00524	242.0	0.9
R_ECOAH17	BHNFPM_00524	242.0	0.9
R_ECOAH18	BHNFPM_00524	242.0	0.9
R_ECOAH19	BHNFPM_00524	242.0	0.9
R_ECOAH1_1	(BHNFPM_01656 or BHNFPM_03168)	278.0	1.0
R_ECOAH2	(BHNFPM_00524 or BHNFPM_01622 or BHNFPM_01656 or BHNFPM_03168)	278.0	1.0
R_ECOAH20	BHNFPM_00524	242.0	0.9
R_ECOAH21	BHNFPM_00524	242.0	0.9
R_ECOAH22	BHNFPM_00524	242.0	0.9
R_ECOAH23	BHNFPM_00524	242.0	0.9
R_ECOAH24	BHNFPM_00524	242.0	0.9
R_ECOAH25	BHNFPM_00524	242.0	0.9
R_ECOAH26	BHNFPM_00524	242.0	0.9
R_ECOAH27	BHNFPM_00524	242.0	0.9
R_ECOAH28	BHNFPM_00524	242.0	0.9
R_ECOAH29	BHNFPM_00524	242.0	0.9
R_ECOAH2c	(BHNFPM_01656 or BHNFPM_03168)	278.0	1.0
R_ECOAH3	(BHNFPM_00524 or BHNFPM_01622 or BHNFPM_01656 or BHNFPM_03168)	278.0	1.0
R_ECOAH30	BHNFPM_00524	242.0	0.9
R_ECOAH31	BHNFPM_00524	242.0	0.9
R_ECOAH32	BHNFPM_00524	242.0	0.9
R_ECOAH33	BHNFPM_00524	242.0	0.9
R_ECOAH34	BHNFPM_00524	242.0	0.9
R_ECOAH35	BHNFPM_00524	242.0	0.9
R_ECOAH36	BHNFPM_00524	242.0	0.9
R_ECOAH37	BHNFPM_00524	242.0	0.9
R_ECOAH38	BHNFPM_00524	242.0	0.9
R_ECOAH4	(BHNFPM_00524 or BHNFPM_01622 or BHNFPM_01656 or BHNFPM_03168)	278.0	1.0
R_ECOAH5	(BHNFPM_00524 or BHNFPM_01622)	242.0	0.9
R_ECOAH5_1	(BHNFPM_01656 or BHNFPM_03168)	278.0	1.0
R_ECOAH6	(BHNFPM_00524 or BHNFPM_01622 or BHNFPM_01656 or BHNFPM_03168)	278.0	1.0
R_ECOAH7	(BHNFPM_00524 or BHNFPM_01622 or BHNFPM_01656 or BHNFPM_03168)	278.0	1.0
R_ECOAH8	(BHNFPM_00524 or BHNFPM_01622)	242.0	0.9
R_ECOAH9ir	(BHNFPM_00524 or BHNFPM_00525 or BHNFPM_01656 or BHNFPM_03168)	278.0	1.0
R_EDA	(BHNFPM_00265 or BHNFPM_02264)	245.0	0.9
R_ENO	BHNFPM_03655	730.0	2.8
R_ETHSO3abcpp	((BHNFPM_00261 and BHNFPM_00262 and BHNFPM_00263) or (BHNFPM_00262 and BHNFPM_00263) or BHNFPM_00262 or BHNFPM_00263 or BHNFPM_01589 or BHNFPM_03336)	250.33333333333334	0.9
R_ETHSO3tex	BHNFPM_00649	67.4	0.3
R_ETHSabc	BHNFPM_03336	59.0	0.2
R_ETOHtex	BHNFPM_00649	67.4	0.3
R_ETOHtrpp	spontaneous	0.0	0.0
R_F1PP	(BHNFPM_01566 or BHNFPM_03398)	156.0	0.6
R_F6PP	(BHNFPM_00806 or BHNFPM_01471 or BHNFPM_01566 or BHNFPM_03398)	156.0	0.6
R_FA80ACPHi	BHNFPM_02873	357.0	1.3
R_FACOAE140	BHNFPM_00636	98.2	0.4
R_FACOAE160	BHNFPM_00636	98.2	0.4
R_FACOAE161	BHNFPM_00636	98.2	0.4
R_FACOAL100t2pp	BHNFPM_02506	682.0	2.6
R_FACOAL120t2pp	BHNFPM_02506	682.0	2.6
R_FACOAL140	(BHNFPM_01655 or BHNFPM_02506 or BHNFPM_03170 or BHNFPM_04383)	740.0	2.8
R_FACOAL140_ISO	(BHNFPM_01655 or BHNFPM_02506 or BHNFPM_03170 or BHNFPM_04383)	740.0	2.8
R_FACOAL140t2pp	BHNFPM_02506	682.0	2.6
R_FACOAL141t2pp	BHNFPM_02506	682.0	2.6
R_FACOAL150_ISO	(BHNFPM_01655 or BHNFPM_02506 or BHNFPM_03170 or BHNFPM_04383)	740.0	2.8
R_FACOAL150_anteiso	(BHNFPM_01655 or BHNFPM_02506 or BHNFPM_03170 or BHNFPM_04383)	740.0	2.8
R_FACOAL160	(BHNFPM_01655 or BHNFPM_02506 or BHNFPM_03170 or BHNFPM_04383)	740.0	2.8
R_FACOAL160_ISO	(BHNFPM_01655 or BHNFPM_02506 or BHNFPM_03170 or BHNFPM_04383)	740.0	2.8
R_FACOAL160t2pp	BHNFPM_02506	682.0	2.6
R_FACOAL161	(BHNFPM_01655 or BHNFPM_02506 or BHNFPM_03170 or BHNFPM_04383)	740.0	2.8
R_FACOAL161t2pp	BHNFPM_02506	682.0	2.6
R_FACOAL170_ISO	(BHNFPM_01655 or BHNFPM_02506 or BHNFPM_03170 or BHNFPM_04383)	740.0	2.8
R_FACOAL170_anteiso	(BHNFPM_01655 or BHNFPM_02506 or BHNFPM_03170 or BHNFPM_04383)	740.0	2.8
R_FACOAL180_2	(BHNFPM_01655 or BHNFPM_02506 or BHNFPM_03170 or BHNFPM_04383)	740.0	2.8
R_FACOAL180t2pp	BHNFPM_02506	682.0	2.6
R_FACOAL181	(BHNFPM_01655 or BHNFPM_02506 or BHNFPM_03170 or BHNFPM_04383)	740.0	2.8
R_FACOAL181t2pp	BHNFPM_02506	682.0	2.6
R_FACOAL60t2pp	BHNFPM_02506	682.0	2.6
R_FACOAL80t2pp	BHNFPM_02506	682.0	2.6
R_FADH2D	(BHNFPM_00374 or BHNFPM_03613)	20.025	0.1
R_FADMQOR	((BHNFPM_03166 and BHNFPM_04194) or BHNFPM_03167)	211.33333333333334	0.8
R_FADt	BHNFPM_01691	130.0	0.5
R_FALDep	BHNFPM_01789	90.66666666666667	0.3
R_FALDtpp	spontaneous	0.0	0.0
R_FALGTHLs	spontaneous	0.0	0.0
R_FAS140	BHNFPM_02655	47.0	0.2
R_FBA	BHNFPM_04177	491.0	1.9
R_FBA2	BHNFPM_04177	491.0	1.9
R_FBA3	BHNFPM_04177	491.0	1.9
R_FBACS	BHNFPM_01025	247.25	0.9
R_FBP	(BHNFPM_03398 or BHNFPM_04174)	321.0	1.2
R_FCLT_2	BHNFPM_01648	515.0	1.9
R_FDH	BHNFPM_00526	376.0	1.4
R_FE2Gabcpp	(BHNFPM_02723 or BHNFPM_04457)	68.6	0.3
R_FE2abc	(BHNFPM_00654 or BHNFPM_01224 or BHNFPM_01444 or BHNFPM_04457)	300.0	1.1
R_FE2abcpp	(BHNFPM_03095 or BHNFPM_04457)	45.1	0.2
R_FE2t	(BHNFPM_02013 or BHNFPM_03393 or BHNFPM_03774)	119.0	0.4
R_FE2t3pp	(BHNFPM_01297 or BHNFPM_03774)	132.0	0.5
R_FE2t4pp	BHNFPM_01789	71.0	0.3
R_FE2tex	(BHNFPM_00649 or BHNFPM_04457)	67.4	0.3
R_FE3DCIT2abcpp	BHNFPM_03709	27.099999999999998	0.1
R_FE3DCITCH	spontaneous	0.0	0.0
R_FE3DCITabcpp	BHNFPM_03709	27.099999999999998	0.1
R_FE3DCITexs	spontaneous	0.0	0.0
R_FE3Gabcpp	BHNFPM_02723	68.6	0.3
R_FE3PYOVDL2	spontaneous	0.0	0.0
R_FE3abc	((BHNFPM_00575 and BHNFPM_00575) or BHNFPM_03709)	264.5	1.0
R_FE3abcpp	((BHNFPM_00784 and BHNFPM_00785) or (BHNFPM_00786 and BHNFPM_00915 and BHNFPM_00917) or (BHNFPM_00786 and BHNFPM_02631) or BHNFPM_00917)	276.6666666666667	1.0
R_FE3t	BHNFPM_04406	21.833333333333332	0.1
R_FE3tex	BHNFPM_00649	67.4	0.3
R_FECPP3O	BHNFPM_04213	323.0	1.2
R_FEDCabc	((BHNFPM_03526 and BHNFPM_03527 and BHNFPM_03528) or BHNFPM_03573)	369.0	1.4
R_FEENTERexs	spontaneous	0.0	0.0
R_FEOXAMabcpp	BHNFPM_03709	27.099999999999998	0.1
R_FEOXAMexs	spontaneous	0.0	0.0
R_FESD1s	spontaneous	0.0	0.0
R_FESD2s	spontaneous	0.0	0.0
R_FFSD	BHNFPM_01342	488.0	1.8
R_FFSD1r	BHNFPM_04303	440.0	1.7
R_FGLU_1	BHNFPM_04091	315.0	1.2
R_FLVR	BHNFPM_00850	261.0	1.0
R_FMNAT	BHNFPM_02075	335.0	1.3
R_FMNRx	BHNFPM_03833	299.0	1.1
R_FMNRx2	(BHNFPM_01577 or BHNFPM_03538)	62.0	0.2
R_FMNRy	BHNFPM_01536	320.0	1.2
R_FMNt	BHNFPM_01691	130.0	0.5
R_FOLD3	BHNFPM_00105	339.0	1.3
R_FOLR2	BHNFPM_02624	181.0	0.7
R_FOMETRi	BHNFPM_02920	85.9	0.3
R_FORtex	BHNFPM_00649	67.4	0.3
R_FRD2	BHNFPM_03304	10.5	0.0
R_FRD3	BHNFPM_03304	10.5	0.0
R_FRDx	BHNFPM_03304	45.4	0.2
R_FRUK	BHNFPM_03395	314.0	1.2
R_FRUpts	((BHNFPM_00380 and BHNFPM_00382) or (BHNFPM_01824 and BHNFPM_01825 and BHNFPM_03394) or (BHNFPM_01824 and BHNFPM_01825) or BHNFPM_00380 or BHNFPM_01824 or BHNFPM_03394)	694.0	2.6
R_FRUpts2	BHNFPM_00380	30.433333333333334	0.1
R_FRUpts2pp	BHNFPM_00882	12.6	0.0
R_FRUptspp	((BHNFPM_00382 and BHNFPM_00882) or BHNFPM_00882)	53.8	0.2
R_FTHFCL	BHNFPM_02920	92.4	0.3
R_FTHFLi	BHNFPM_02635	725.0	2.7
R_FUM	(BHNFPM_00706 or BHNFPM_01605)	634.0	2.4
R_FUMAC	BHNFPM_00548	101.0	0.4
R_FUMt2_2pp	BHNFPM_03756	182.0	0.7
R_G1PACT	BHNFPM_00069	605.0	2.3
R_G1PP	(BHNFPM_01175 or BHNFPM_03398)	156.0	0.6
R_G1SAT	(BHNFPM_01495 or BHNFPM_03130)	744.0	2.8
R_G3PAT120	BHNFPM_04357	20.0	0.1
R_G3PAT141	BHNFPM_04357	20.0	0.1
R_G3PAT160	BHNFPM_04357	20.0	0.1
R_G3PAT161	BHNFPM_04357	20.0	0.1
R_G3PAT180	BHNFPM_04357	20.0	0.1
R_G3PAT181	BHNFPM_04357	20.0	0.1
R_G3PCT	BHNFPM_04080	204.0	0.8
R_G3PCabcpp	BHNFPM_03856	41.75	0.2
R_G3PD1ir	BHNFPM_02722	454.0	1.7
R_G3PD4	BHNFPM_02325	739.0	2.8
R_G3PEabcpp	BHNFPM_03856	41.75	0.2
R_G3PGabcpp	BHNFPM_03856	41.75	0.2
R_G3PIabcpp	BHNFPM_03856	41.75	0.2
R_G3PSabcpp	BHNFPM_03856	41.75	0.2
R_G3PT	(BHNFPM_00806 or BHNFPM_03846)	122.0	0.5
R_G5SADs	spontaneous	0.0	0.0
R_G5SD	BHNFPM_02466	427.0	1.6
R_G6PBDH	BHNFPM_02811	626.0	2.4
R_G6PDA	BHNFPM_03401	266.0	1.0
R_G6PDH2r	BHNFPM_02811	684.0	2.6
R_G6PI	BHNFPM_03421	759.0	2.9
R_G6PP	(BHNFPM_00806 or BHNFPM_01471)	99.4	0.4
R_GALCTND	BHNFPM_02265	491.0	1.9
R_GALK2	BHNFPM_03866	373.0	1.4
R_GALKr	BHNFPM_03866	397.0	1.5
R_GALM1	BHNFPM_03863	210.0	0.8
R_GALM2	BHNFPM_03863	210.0	0.8
R_GALMAN4abc	(BHNFPM_03762 and BHNFPM_04409)	133.6	0.5
R_GALMAN6abc	(BHNFPM_03762 and BHNFPM_04409)	133.6	0.5
R_GALS3	BHNFPM_03855	318.0	1.2
R_GALT	BHNFPM_03864	472.0	1.8
R_GALTpts	((BHNFPM_01824 and BHNFPM_01825) or BHNFPM_01824)	177.4	0.7
R_GALTptspp	BHNFPM_00882	10.4	0.0
R_GALURDH	BHNFPM_01110	70.1	0.3
R_GALURt2rpp	BHNFPM_01767	16.933333333333334	0.1
R_GALURtex	BHNFPM_00649	67.4	0.3
R_GALUi	(BHNFPM_03886 or BHNFPM_04037)	372.0	1.4
R_GALabc	BHNFPM_04338	22.96666666666667	0.1
R_GALabcpp	((BHNFPM_02092 and BHNFPM_02094) or BHNFPM_02092 or BHNFPM_02093)	126.33333333333333	0.5
R_GALpts	(BHNFPM_01824 and BHNFPM_01825)	221.75	0.8
R_GALt2_3	BHNFPM_03952	167.0	0.6
R_GALt2pp	BHNFPM_03769	45.4	0.2
R_GAMpts	((BHNFPM_00675 and BHNFPM_01824 and BHNFPM_01825) or (BHNFPM_01824 and BHNFPM_01825) or BHNFPM_01341 or BHNFPM_04317)	474.0	1.8
R_GAMptspp	BHNFPM_00882	12.6	0.0
R_GAPD	BHNFPM_03659	567.0	2.1
R_GAPDi_nadp	BHNFPM_03198	525.0	2.0
R_GARFT	BHNFPM_00429	217.0	0.8
R_GBBTNabc	BHNFPM_03617	76.25	0.3
R_GCALDD	(BHNFPM_00526 or BHNFPM_00609 or BHNFPM_01082 or BHNFPM_01180 or BHNFPM_03431)	741.0	2.8
R_GCCa	((BHNFPM_00322 and BHNFPM_02875) or BHNFPM_02877)	208.25	0.8
R_GCCa_1	(BHNFPM_02875 and BHNFPM_02876 and BHNFPM_03509)	470.6666666666667	1.8
R_GCCb	BHNFPM_02877	421.0	1.6
R_GCCb_1	BHNFPM_03509	89.5	0.3
R_GCCc	((BHNFPM_00322 and BHNFPM_02875) or BHNFPM_00322 or BHNFPM_03304)	208.25	0.8
R_GCCc_1	(BHNFPM_01871 and BHNFPM_03509)	449.0	1.7
R_GDH1	BHNFPM_03862	259.0	1.0
R_GF6PTA	(BHNFPM_00219 or BHNFPM_02482)	917.0	3.5
R_GHMT2r	BHNFPM_04141	685.0	2.6
R_GK1	BHNFPM_01976	316.0	1.2
R_GK2	BHNFPM_01976	316.0	1.2
R_GLCADpts	(BHNFPM_00675 or BHNFPM_04304)	185.5	0.7
R_GLCAt2	BHNFPM_03952	167.0	0.6
R_GLCDpp	BHNFPM_04231	111.0	0.4
R_GLCMAN4abc	(BHNFPM_03762 and BHNFPM_04409)	133.6	0.5
R_GLCMAN6abc	(BHNFPM_03762 and BHNFPM_04409)	133.6	0.5
R_GLCNt2r	(BHNFPM_03597 or BHNFPM_03946)	351.0	1.3
R_GLCNt2rpp	BHNFPM_02266	379.0	1.4
R_GLCURDH	BHNFPM_01110	70.1	0.3
R_GLCURt2rpp	(BHNFPM_01767 or BHNFPM_04397)	243.0	0.9
R_GLCURtex	BHNFPM_00649	67.4	0.3
R_GLCabc	((BHNFPM_03951 and BHNFPM_03952 and BHNFPM_03953) or BHNFPM_04338)	112.175	0.4
R_GLCabcpp	((BHNFPM_02092 and BHNFPM_02094) or BHNFPM_01525 or BHNFPM_02092)	126.33333333333333	0.5
R_GLCpts	((BHNFPM_00414 and BHNFPM_01824 and BHNFPM_01825) or (BHNFPM_00675 and BHNFPM_00675 and BHNFPM_01824 and BHNFPM_01825 and BHNFPM_03325) or (BHNFPM_00675 and BHNFPM_01824 and BHNFPM_01825 and BHNFPM_04304) or BHNFPM_01824 or BHNFPM_04317)	633.6666666666666	2.4
R_GLCptspp	((BHNFPM_00675 and BHNFPM_00882 and BHNFPM_02612) or (BHNFPM_00675 and BHNFPM_00882) or (BHNFPM_00882 and BHNFPM_02612) or BHNFPM_00882)	111.05	0.4
R_GLCt2pp	BHNFPM_03769	45.4	0.2
R_GLGC	(BHNFPM_03363 or BHNFPM_03364 or BHNFPM_03886)	543.0	2.0
R_GLNS	BHNFPM_02148	800.0	3.0
R_GLNabc	((BHNFPM_01602 and BHNFPM_01603 and BHNFPM_01604) or BHNFPM_02631 or BHNFPM_02821 or BHNFPM_03137 or BHNFPM_03138 or BHNFPM_03573 or BHNFPM_03709)	301.0	1.1
R_GLNabcpp	(BHNFPM_01306 or BHNFPM_02631)	42.333333333333336	0.2
R_GLS	BHNFPM_03873	148.0	0.6
R_GLS2	BHNFPM_03873	148.0	0.6
R_GLU5K	BHNFPM_02467	452.0	1.7
R_GLUDC	BHNFPM_03627	536.0	2.0
R_GLUDxi	(BHNFPM_02739 or BHNFPM_03425 or BHNFPM_03862)	751.0	2.8
R_GLUDy	BHNFPM_03862	259.0	1.0
R_GLUDy_1	BHNFPM_03862	261.0	1.0
R_GLUKA_1	BHNFPM_03981	122.0	0.5
R_GLUN	(BHNFPM_00018 or BHNFPM_01027 or BHNFPM_01891)	957.0	3.6
R_GLUPRT	(BHNFPM_00427 or BHNFPM_03816)	737.0	2.8
R_GLUR	BHNFPM_03153	310.0	1.2
R_GLUSfx	BHNFPM_03991	587.0	2.2
R_GLUSx	(BHNFPM_01423 and BHNFPM_01424)	1207.0	4.6
R_GLUSy	(BHNFPM_01423 and BHNFPM_01424)	1219.5	4.6
R_GLUTRR	BHNFPM_03135	566.0	2.1
R_GLUTRS	BHNFPM_00135	732.0	2.8
R_GLUabc	((BHNFPM_03137 and BHNFPM_04393) or BHNFPM_02631 or BHNFPM_02821 or BHNFPM_03138 or BHNFPM_03709)	301.0	1.1
R_GLUt2r	BHNFPM_03894	622.0	2.3
R_GLUt2rpp	(BHNFPM_01594 or BHNFPM_01767)	252.0	1.0
R_GLUt4	BHNFPM_03894	622.0	2.3
R_GLUt4pp	BHNFPM_01767	16.8	0.1
R_GLXCBL	BHNFPM_03990	726.0	2.7
R_GLXO1	(BHNFPM_00526 or BHNFPM_01082)	440.0	1.7
R_GLYALDDr	(BHNFPM_00526 or BHNFPM_01082 or BHNFPM_01180 or BHNFPM_03431)	759.0	2.9
R_GLYALDt	BHNFPM_02322	80.5	0.3
R_GLYAT	BHNFPM_04240	601.0	2.3
R_GLYBACT1r	BHNFPM_02793	508.0	1.9
R_GLYBabc	((BHNFPM_00248 and BHNFPM_00249 and BHNFPM_00250) or (BHNFPM_00536 and BHNFPM_01306) or BHNFPM_03617 or BHNFPM_03618)	386.3333333333333	1.5
R_GLYBt2r	BHNFPM_02337	649.0	2.4
R_GLYBt3pp	BHNFPM_03576	75.5	0.3
R_GLYC3Pabcpp	BHNFPM_03856	41.75	0.2
R_GLYCK	BHNFPM_03596	484.0	1.8
R_GLYCL	((BHNFPM_00322 and BHNFPM_02875 and BHNFPM_02877) or BHNFPM_00322 or BHNFPM_03304)	250.8	0.9
R_GLYCLTDx	BHNFPM_01410	103.0	0.4
R_GLYCS_I	(BHNFPM_00397 or BHNFPM_02905)	149.0	0.6
R_GLYCTO1	(BHNFPM_01410 or BHNFPM_01411)	679.0	2.6
R_GLYCTO3	BHNFPM_01467	202.5	0.8
R_GLYCYSAP	BHNFPM_02864	362.0	1.4
R_GLYCYSabc	BHNFPM_03285	439.0	1.7
R_GLYCt	(BHNFPM_02322 or BHNFPM_02323)	403.0	1.5
R_GLYCtex	BHNFPM_00649	67.4	0.3
R_GLYCtpp	spontaneous	0.0	0.0
R_GLYGLNabcpp	(BHNFPM_01492 and BHNFPM_01493 and BHNFPM_03761)	173.6	0.7
R_GLYGLNtr	BHNFPM_03285	439.0	1.7
R_GLYGLUabcpp	(BHNFPM_01492 and BHNFPM_01493 and BHNFPM_03761)	173.6	0.7
R_GLYGLYCNc	BHNFPM_03461	265.0	1.0
R_GLYGLYGLNtr	BHNFPM_03285	439.0	1.7
R_GLYGLYabcpp	(BHNFPM_01492 and BHNFPM_01493 and BHNFPM_03761)	173.6	0.7
R_GLYK	BHNFPM_02324	856.0	3.2
R_GLYLEUAP	BHNFPM_02864	362.0	1.4
R_GLYLEUtr	BHNFPM_03285	439.0	1.7
R_GLYMETabcpp	(BHNFPM_01492 and BHNFPM_01493 and BHNFPM_03761)	173.6	0.7
R_GLYMETtr	BHNFPM_03285	439.0	1.7
R_GLYO1	(BHNFPM_00506 or BHNFPM_02428)	201.0	0.8
R_GLYOX	(BHNFPM_00397 or BHNFPM_00714 or BHNFPM_01064 or BHNFPM_02330 or BHNFPM_04372)	90.5	0.3
R_GLYOX_1	BHNFPM_02195	41.2	0.2
R_GLYPHEAP	BHNFPM_02864	362.0	1.4
R_GLYPHEHYc	BHNFPM_03461	265.0	1.0
R_GLYPHEabcpp	(BHNFPM_01492 and BHNFPM_01493 and BHNFPM_03761)	173.6	0.7
R_GLYPHEtr	BHNFPM_03285	439.0	1.7
R_GLYSERabcpp	(BHNFPM_01492 and BHNFPM_01493 and BHNFPM_03761)	173.6	0.7
R_GLYTYRAP	BHNFPM_02864	362.0	1.4
R_GLYTYRabc	BHNFPM_03285	439.0	1.7
R_GLYabc	(BHNFPM_02631 or BHNFPM_02821 or BHNFPM_03138 or BHNFPM_03709)	301.0	1.1
R_GLYt2pp	(BHNFPM_00872 or BHNFPM_04405)	588.0	2.2
R_GLYt2r	(BHNFPM_00872 or BHNFPM_01371 or BHNFPM_04405)	608.0	2.3
R_GLYt4	BHNFPM_03490	199.0	0.8
R_GMPR	BHNFPM_02299	567.0	2.1
R_GMPS2	BHNFPM_00411	875.0	3.3
R_GND	BHNFPM_01774	674.0	2.5
R_GNK_1	BHNFPM_00578	600.0	2.3
R_GNKr	BHNFPM_00578	627.0	2.4
R_GNNUC	(BHNFPM_00572 or BHNFPM_01772)	192.0	0.7
R_GNP	BHNFPM_01566	52.8	0.2
R_GPDDA1	BHNFPM_02838	140.0	0.5
R_GPDDA2	BHNFPM_02838	140.0	0.5
R_GPDDA3	BHNFPM_02838	140.0	0.5
R_GPDDA4	BHNFPM_02838	140.0	0.5
R_GPDDA5	BHNFPM_02838	140.0	0.5
R_GRTT	BHNFPM_02846	317.0	1.2
R_GTHOr	(BHNFPM_00322 or BHNFPM_03304)	186.0	0.7
R_GTHPe	BHNFPM_00014	206.0	0.8
R_GTHPi	BHNFPM_00014	201.0	0.8
R_GTHRDH_syn	BHNFPM_03760	580.0	2.2
R_GTHRDabc2pp	((BHNFPM_01558 and BHNFPM_01559) or BHNFPM_02166)	414.0	1.6
R_GTHRDabcpp	(BHNFPM_01493 and BHNFPM_03568 and BHNFPM_03763 and BHNFPM_03765)	308.25	1.2
R_GTHRDt2_1	((BHNFPM_00387 and BHNFPM_03966) or (BHNFPM_03568 and BHNFPM_03569 and BHNFPM_03570 and BHNFPM_03970) or (BHNFPM_03568 and BHNFPM_03569 and BHNFPM_03968 and BHNFPM_03970) or (BHNFPM_03568 and BHNFPM_03569 and BHNFPM_03970) or (BHNFPM_03568 and BHNFPM_03570 and BHNFPM_03970) or (BHNFPM_03568 and BHNFPM_03968 and BHNFPM_03970) or (BHNFPM_03568 and BHNFPM_03970) or BHNFPM_03137)	367.75	1.4
R_GTPCI	BHNFPM_02717	317.0	1.2
R_GTPCII	BHNFPM_02563	535.0	2.0
R_GTPDPK	BHNFPM_03068	1179.0	4.4
R_GTPDPK_1	BHNFPM_01741	288.0	1.1
R_GTPHs	spontaneous	0.0	0.0
R_GUACYC	(BHNFPM_00400 or BHNFPM_04395 or BHNFPM_04438)	416.0	1.6
R_GUAPRT	BHNFPM_00089	304.0	1.1
R_GUAt2pp	BHNFPM_02561	248.0	0.9
R_GUAt2r	(BHNFPM_00412 or BHNFPM_01551 or BHNFPM_02561)	605.0	2.3
R_GUAtex	BHNFPM_00649	67.4	0.3
R_GUDBUTNAH	BHNFPM_00771	115.0	0.4
R_GalMr	BHNFPM_03863	210.0	0.8
R_H2CO3D2	spontaneous	0.0	0.0
R_H2CT	BHNFPM_04010	81.3	0.3
R_H2O2tex	spontaneous	0.0	0.0
R_H2Ot	spontaneous	0.0	0.0
R_H2Otex	(BHNFPM_00649 or spontaneous)	67.4	0.3
R_H2Otpp	spontaneous	0.0	0.0
R_H2SO	spontaneous	0.0	0.0
R_H2St1	spontaneous	0.0	0.0
R_H2St1pp	spontaneous	0.0	0.0
R_H2tex	BHNFPM_00649	67.4	0.3
R_H2tpp	spontaneous	0.0	0.0
R_HACD1	BHNFPM_00527	227.0	0.9
R_HACD1_1	(BHNFPM_03513 or BHNFPM_04192)	1071.0	4.0
R_HACD1i	BHNFPM_00527	215.0	0.8
R_HACD2	(BHNFPM_00527 or BHNFPM_03513)	1071.0	4.0
R_HACD3	(BHNFPM_00527 or BHNFPM_03513)	1071.0	4.0
R_HACD4	(BHNFPM_00527 or BHNFPM_03513)	1071.0	4.0
R_HACD5	(BHNFPM_00527 or BHNFPM_03513)	1071.0	4.0
R_HACD6	(BHNFPM_00527 or BHNFPM_03513)	1071.0	4.0
R_HACD7	(BHNFPM_00527 or BHNFPM_03513)	1071.0	4.0
R_HACD8	BHNFPM_00527	227.0	0.9
R_HACD8i	BHNFPM_00524	242.0	0.9
R_HACD9	(BHNFPM_02421 or BHNFPM_03513)	1071.0	4.0
R_HACOADr	BHNFPM_03513	1071.0	4.0
R_HCO3E	(BHNFPM_00615 or spontaneous)	240.0	0.9
R_HCYSMT	(BHNFPM_01330 or BHNFPM_01933)	378.0	1.4
R_HCYSMT2	BHNFPM_01330	317.0	1.2
R_HEMEOS_1	BHNFPM_01896	391.0	1.5
R_HETZK	BHNFPM_01316	259.0	1.0
R_HEX1	(BHNFPM_00377 or BHNFPM_02913 or BHNFPM_03981)	391.0	1.5
R_HEX4	BHNFPM_03981	122.0	0.5
R_HEX7	BHNFPM_00264	410.0	1.5
R_HEXSabc	BHNFPM_03336	59.0	0.2
R_HEXTT	(BHNFPM_02713 and BHNFPM_02715)	254.35	1.0
R_HEXt2rpp	BHNFPM_04233	423.0	1.6
R_HG2abcpp	BHNFPM_01197	395.0	1.5
R_HG2t3pp	(BHNFPM_01297 or BHNFPM_03774)	132.0	0.5
R_HGNTOR	BHNFPM_00549	70.1	0.3
R_HGt	BHNFPM_01210	71.6	0.3
R_HHDDI	BHNFPM_01682	156.0	0.6
R_HISDr	BHNFPM_04094	716.0	2.7
R_HISGLYabcpp	(BHNFPM_01492 and BHNFPM_01493 and BHNFPM_03761)	173.6	0.7
R_HISHISabcpp	(BHNFPM_01492 and BHNFPM_01493 and BHNFPM_03761)	173.6	0.7
R_HISTD	BHNFPM_03736	532.0	2.0
R_HISTP	(BHNFPM_02465 or BHNFPM_03251)	258.0	1.0
R_HISTP_1	BHNFPM_03173	606.0	2.3
R_HISabc	(BHNFPM_02631 or BHNFPM_02821 or BHNFPM_03138 or BHNFPM_03709)	301.0	1.1
R_HISabcpp	BHNFPM_04392	63.75	0.2
R_HISt2r	(BHNFPM_01329 or BHNFPM_02244)	620.0	2.3
R_HISt2rpp	BHNFPM_02244	170.0	0.6
R_HKM1PP	BHNFPM_01809	238.0	0.9
R_HKNDDH	BHNFPM_03637	40.4	0.2
R_HKNTDH	BHNFPM_03637	40.4	0.2
R_HMBS	BHNFPM_03133	447.0	1.7
R_HMGL	BHNFPM_02794	250.0	0.9
R_HMGL_2	(BHNFPM_00524 or BHNFPM_00525)	229.0	0.9
R_HMPK1	(BHNFPM_02424 or BHNFPM_04219)	318.0	1.2
R_HMPPtr	BHNFPM_03644	61.0	0.2
R_HMPSCD	BHNFPM_02421	100.5	0.4
R_HMR_9610	BHNFPM_03948	354.0	1.3
R_HOMt2pp	BHNFPM_00838	89.7	0.3
R_HOXPRx	BHNFPM_02453	360.0	1.4
R_HPHL	(BHNFPM_00524 or BHNFPM_00525)	229.0	0.9
R_HPPK	BHNFPM_00107	185.0	0.7
R_HSDxi	BHNFPM_03559	231.0	0.9
R_HSDy	(BHNFPM_00561 or BHNFPM_03559)	582.0	2.2
R_HSERTA	(BHNFPM_03780 or BHNFPM_03781)	540.0	2.0
R_HSK	BHNFPM_00563	254.0	1.0
R_HSTPT	BHNFPM_00546	268.0	1.0
R_HSTPTr	(BHNFPM_02707 or BHNFPM_03734)	448.0	1.7
R_HVCD	BHNFPM_00527	227.0	0.9
R_HXANt2pp	BHNFPM_02561	248.0	0.9
R_HXANt2r	(BHNFPM_00412 or BHNFPM_01551 or BHNFPM_02561)	605.0	2.3
R_HXCT	(BHNFPM_02607 and BHNFPM_02608)	206.0	0.8
R_HXPRT	BHNFPM_00089	304.0	1.1
R_HYXNtex	BHNFPM_00649	67.4	0.3
R_Htex	BHNFPM_00649	67.4	0.3
R_IBTMr	BHNFPM_04188	140.0	0.5
R_IBTtex	BHNFPM_00649	67.4	0.3
R_ICCT	BHNFPM_04010	81.3	0.3
R_ICDHyr	BHNFPM_03209	759.0	2.9
R_ICHORS	BHNFPM_03359	367.0	1.4
R_ICHORT	(BHNFPM_00029 or BHNFPM_00737)	75.1	0.3
R_ICITt4pp	(BHNFPM_01292 and BHNFPM_01293 and BHNFPM_01294)	201.33333333333334	0.8
R_ICITtupp	(BHNFPM_01292 and BHNFPM_04320)	191.0	0.7
R_ICL	BHNFPM_00442	571.0	2.2
R_IG3PS_1	BHNFPM_03732	379.0	1.4
R_IGPDH_1	BHNFPM_03735	332.0	1.3
R_IGPS	BHNFPM_02549	192.0	0.7
R_ILEDHr	BHNFPM_02834	646.0	2.4
R_ILETA	BHNFPM_00551	328.0	1.2
R_ILEabc	((BHNFPM_02891 and BHNFPM_02892) or BHNFPM_02631 or BHNFPM_02821 or BHNFPM_03138 or BHNFPM_03709)	301.0	1.1
R_ILEabcpp	((BHNFPM_02891 and BHNFPM_02892 and BHNFPM_02893) or (BHNFPM_02891 and BHNFPM_02892) or BHNFPM_02892)	78.34	0.3
R_ILEt2r	(BHNFPM_01390 or BHNFPM_01661 or BHNFPM_03249)	459.0	1.7
R_ILEtex	BHNFPM_00649	67.4	0.3
R_IMPC	BHNFPM_00430	699.0	2.6
R_IMPD	(BHNFPM_00016 or BHNFPM_01844)	809.0	3.1
R_INOSR	(BHNFPM_00277 or BHNFPM_01530)	297.0	1.1
R_INS2D	(BHNFPM_01529 or BHNFPM_01530 or BHNFPM_02396)	142.0	0.5
R_INSCR	(BHNFPM_00278 and BHNFPM_00280 and BHNFPM_04163)	256.6	1.0
R_INSH	(BHNFPM_00572 or BHNFPM_01772)	192.0	0.7
R_INSTabc	BHNFPM_00916	66.25	0.2
R_INSTt2	BHNFPM_03548	41.2	0.2
R_IPDDI	BHNFPM_02728	379.0	1.4
R_IPDPS	(BHNFPM_02729 or BHNFPM_02954)	495.0	1.9
R_IPMD	BHNFPM_00557	440.0	1.7
R_IPPMIa	((BHNFPM_00558 and BHNFPM_00559) or BHNFPM_00559)	420.0	1.6
R_IPPMIb	((BHNFPM_00558 and BHNFPM_00559) or BHNFPM_00559)	420.0	1.6
R_IPPS	BHNFPM_00556	650.0	2.5
R_ISETACabcpp	((BHNFPM_00261 and BHNFPM_00262 and BHNFPM_00263) or (BHNFPM_00262 and BHNFPM_00263) or BHNFPM_00262 or BHNFPM_00263 or BHNFPM_01589 or BHNFPM_03336)	250.33333333333334	0.9
R_ISETACtex	BHNFPM_00649	67.4	0.3
R_ISTNTabc	BHNFPM_03336	59.0	0.2
R_ITCY	BHNFPM_03035	362.0	1.4
R_IZPN	(BHNFPM_03244 or BHNFPM_04415)	60.8	0.2
R_IZPN_1	BHNFPM_04092	510.0	1.9
R_KARA1	BHNFPM_00555	525.0	2.0
R_KARA2	BHNFPM_00555	525.0	2.0
R_KAS1	((BHNFPM_00732 and BHNFPM_01484 and BHNFPM_01717 and BHNFPM_01999 and BHNFPM_02000 and BHNFPM_04112) or (BHNFPM_01716 and BHNFPM_01717 and BHNFPM_01748 and BHNFPM_01999 and BHNFPM_02000))	405.0	1.5
R_KAS11	((BHNFPM_00732 and BHNFPM_01484 and BHNFPM_01717 and BHNFPM_01999 and BHNFPM_02000 and BHNFPM_04112) or (BHNFPM_01716 and BHNFPM_01717 and BHNFPM_01748 and BHNFPM_01999 and BHNFPM_02000))	405.0	1.5
R_KAS12	((BHNFPM_00732 and BHNFPM_01484 and BHNFPM_01717 and BHNFPM_01999 and BHNFPM_02000 and BHNFPM_04112) or (BHNFPM_01717 and BHNFPM_01748 and BHNFPM_01999 and BHNFPM_02000))	405.0	1.5
R_KAS13	((BHNFPM_00732 and BHNFPM_01484 and BHNFPM_01717 and BHNFPM_01999 and BHNFPM_02000 and BHNFPM_04112) or (BHNFPM_01716 and BHNFPM_01717 and BHNFPM_01748 and BHNFPM_01999 and BHNFPM_02000))	405.0	1.5
R_KAS17	((BHNFPM_00732 and BHNFPM_01484 and BHNFPM_01717 and BHNFPM_01999 and BHNFPM_02000 and BHNFPM_04112) or (BHNFPM_01716 and BHNFPM_01717 and BHNFPM_01748 and BHNFPM_01999 and BHNFPM_02000))	405.0	1.5
R_KAS2	((BHNFPM_00732 and BHNFPM_01484 and BHNFPM_01717 and BHNFPM_01999 and BHNFPM_02000 and BHNFPM_04112) or (BHNFPM_01716 and BHNFPM_01717 and BHNFPM_01748 and BHNFPM_01999 and BHNFPM_02000))	405.0	1.5
R_KAS3	((BHNFPM_00732 and BHNFPM_01484 and BHNFPM_01717 and BHNFPM_01999 and BHNFPM_02000 and BHNFPM_04112) or (BHNFPM_01716 and BHNFPM_01717 and BHNFPM_01748 and BHNFPM_01999 and BHNFPM_02000))	405.0	1.5
R_KAS4	((BHNFPM_00732 and BHNFPM_01484 and BHNFPM_01717 and BHNFPM_01999 and BHNFPM_02000 and BHNFPM_04112) or (BHNFPM_01716 and BHNFPM_01717 and BHNFPM_01748 and BHNFPM_01999 and BHNFPM_02000))	405.0	1.5
R_KAS6	((BHNFPM_00732 and BHNFPM_01484 and BHNFPM_01717 and BHNFPM_01999 and BHNFPM_02000 and BHNFPM_04112) or (BHNFPM_01716 and BHNFPM_01717 and BHNFPM_01748 and BHNFPM_01999 and BHNFPM_02000))	405.0	1.5
R_KAS7	((BHNFPM_00732 and BHNFPM_01484 and BHNFPM_01717 and BHNFPM_01999 and BHNFPM_02000 and BHNFPM_04112) or (BHNFPM_01716 and BHNFPM_01717 and BHNFPM_01748 and BHNFPM_01999 and BHNFPM_02000))	405.0	1.5
R_KAS8	((BHNFPM_00732 and BHNFPM_01484 and BHNFPM_01717 and BHNFPM_01999 and BHNFPM_02000 and BHNFPM_04112) or (BHNFPM_01717 and BHNFPM_01748 and BHNFPM_01999 and BHNFPM_02000) or BHNFPM_00754)	405.0	1.5
R_KSTD	BHNFPM_03304	42.0	0.2
R_Kabc	(BHNFPM_03608 and BHNFPM_03609 and BHNFPM_03610)	507.6666666666667	1.9
R_Kabcpp	(BHNFPM_03607 and BHNFPM_03609)	211.2	0.8
R_Kt1	BHNFPM_03418	243.0	0.9
R_Kt2r	((BHNFPM_01796 and BHNFPM_01862) or (BHNFPM_03753 and BHNFPM_03754) or BHNFPM_00881 or BHNFPM_01862)	457.5	1.7
R_Kt3r	(BHNFPM_03448 or BHNFPM_03449 or BHNFPM_03450 or BHNFPM_03451 or BHNFPM_03453 or BHNFPM_03454)	967.0	3.6
R_Ktex	BHNFPM_00649	67.4	0.3
R_LACZ	BHNFPM_03853	387.0	1.5
R_LALGP	BHNFPM_03461	265.0	1.0
R_LCADi	(BHNFPM_00526 or BHNFPM_00609 or BHNFPM_01082 or BHNFPM_01180 or BHNFPM_03431)	741.0	2.8
R_LCTSabc	(BHNFPM_04154 and BHNFPM_04155 and BHNFPM_04156)	330.6666666666667	1.2
R_LCTSt3ipp	(BHNFPM_00239 or BHNFPM_02403)	167.0	0.6
R_LCYSTabc	BHNFPM_03336	59.0	0.2
R_LCYSTabcpp	(BHNFPM_01589 or BHNFPM_03336)	62.666666666666664	0.2
R_LCYSTtex	BHNFPM_00649	67.4	0.3
R_LDH_D	BHNFPM_01438	408.0	1.5
R_LDH_L	BHNFPM_01548	400.0	1.5
R_LDPCDES	BHNFPM_04294	216.0	0.8
R_LEULEULAPc	BHNFPM_03461	265.0	1.0
R_LEULEUabcpp	(BHNFPM_01492 and BHNFPM_01493 and BHNFPM_03761)	173.6	0.7
R_LEUTA	BHNFPM_00551	328.0	1.2
R_LEUabc	((BHNFPM_02891 and BHNFPM_02892) or BHNFPM_02631 or BHNFPM_02821 or BHNFPM_03138 or BHNFPM_03709)	301.0	1.1
R_LEUabcpp	((BHNFPM_02891 and BHNFPM_02892 and BHNFPM_02893) or (BHNFPM_02891 and BHNFPM_02892) or BHNFPM_02892)	78.34	0.3
R_LEUt2r	(BHNFPM_01661 or BHNFPM_03249)	459.0	1.7
R_LEUt3pp	BHNFPM_01044	85.1	0.3
R_LEUtex	BHNFPM_00649	67.4	0.3
R_LEVUACOAL	BHNFPM_03535	386.0	1.5
R_LGTHL	(BHNFPM_02195 or BHNFPM_02330 or BHNFPM_02406 or BHNFPM_03829)	178.0	0.7
R_LIPAMPL	BHNFPM_01654	403.0	1.5
R_LIPATPT_2	BHNFPM_01654	403.0	1.5
R_LIPO3S24_BS	(BHNFPM_00893 and BHNFPM_00894 and BHNFPM_00895 and BHNFPM_00896)	437.25	1.6
R_LIPOPBt	BHNFPM_01654	403.0	1.5
R_LLEUDr	BHNFPM_02834	646.0	2.4
R_LMN2abc	BHNFPM_04338	22.96666666666667	0.1
R_LSERDHr	(BHNFPM_02388 or BHNFPM_04011)	118.0	0.4
R_LTHRK	(BHNFPM_00087 or BHNFPM_01011 or BHNFPM_01984)	373.0	1.4
R_LYSAM	BHNFPM_02604	749.0	2.8
R_LYSDC	BHNFPM_00047	370.0	1.4
R_LYSGLUGLYtr	BHNFPM_03285	439.0	1.7
R_LYSabc	(BHNFPM_02631 or BHNFPM_02821 or BHNFPM_03138 or BHNFPM_03709)	301.0	1.1
R_LYSabcpp	(BHNFPM_02631 or BHNFPM_04392)	63.75	0.2
R_LYSt3pp	BHNFPM_00838	92.4	0.3
R_LYSt3r	(BHNFPM_00838 or BHNFPM_01126 or BHNFPM_03555)	206.0	0.8
R_LYStex	BHNFPM_00649	67.4	0.3
R_M1PD	BHNFPM_01192	322.0	1.2
R_MACCOAT	(BHNFPM_01771 or BHNFPM_02793 or BHNFPM_03512)	629.0	2.4
R_MAL6PG	BHNFPM_04303	440.0	1.7
R_MALDDH	BHNFPM_03950	536.0	2.0
R_MALDt2_2pp	BHNFPM_03756	182.0	0.7
R_MALS	BHNFPM_00441	509.0	1.9
R_MALT	BHNFPM_02986	666.0	2.5
R_MALTHXabc	(BHNFPM_01607 and BHNFPM_01695)	192.5	0.7
R_MALTHXabcpp	((BHNFPM_00319 and BHNFPM_01525) or BHNFPM_04338)	60.4	0.2
R_MALTPTabcpp	((BHNFPM_00319 and BHNFPM_01525) or BHNFPM_04338)	60.4	0.2
R_MALTTRabc	((BHNFPM_01607 and BHNFPM_01695) or BHNFPM_04338)	192.5	0.7
R_MALTTRabcpp	((BHNFPM_00319 and BHNFPM_01525) or BHNFPM_04338)	60.4	0.2
R_MALTTTRabc	BHNFPM_04338	22.96666666666667	0.1
R_MALTTTRabcpp	((BHNFPM_00319 and BHNFPM_01525) or BHNFPM_04338)	60.4	0.2
R_MALTabc	((BHNFPM_01523 and BHNFPM_01524) or (BHNFPM_01693 and BHNFPM_01694 and BHNFPM_01695) or (BHNFPM_03951 and BHNFPM_03952 and BHNFPM_03953) or BHNFPM_01607 or BHNFPM_01695 or BHNFPM_02258 or BHNFPM_04338)	465.0	1.8
R_MALTabcpp	((BHNFPM_00319 and BHNFPM_01525) or BHNFPM_04338)	60.4	0.2
R_MALTpts	((BHNFPM_00675 and BHNFPM_01824 and BHNFPM_01825 and BHNFPM_04304) or (BHNFPM_01824 and BHNFPM_01825))	380.5	1.4
R_MALTptspp	((BHNFPM_00882 and BHNFPM_02612) or BHNFPM_00882)	52.25	0.2
R_MALTt2	BHNFPM_03952	167.0	0.6
R_MALt2_2pp	BHNFPM_03756	182.0	0.7
R_MALt4	BHNFPM_03948	354.0	1.3
R_MAN1PT	BHNFPM_02923	195.0	0.7
R_MAN6PI	(BHNFPM_02923 or BHNFPM_03987)	408.0	1.5
R_MANBabc	BHNFPM_00387	11.559999999999999	0.0
R_MANE	BHNFPM_03677	166.0	0.6
R_MANGLYCptspp	(BHNFPM_00381 and BHNFPM_00882)	48.4	0.2
R_MANPGH	BHNFPM_00605	586.0	2.2
R_MANTRabc	BHNFPM_00387	11.559999999999999	0.0
R_MANTTRabc	BHNFPM_00387	11.559999999999999	0.0
R_MANpts	((BHNFPM_00380 and BHNFPM_00381) or (BHNFPM_00380 and BHNFPM_00675 and BHNFPM_01824 and BHNFPM_01825) or (BHNFPM_00602 and BHNFPM_00603 and BHNFPM_00604) or (BHNFPM_01824 and BHNFPM_01825 and BHNFPM_03984) or BHNFPM_01824)	602.6666666666666	2.3
R_MANptspp	BHNFPM_00882	12.6	0.0
R_MANt2	BHNFPM_03952	167.0	0.6
R_MCBTFUexs	spontaneous	0.0	0.0
R_MCBTFabcpp	BHNFPM_03709	27.099999999999998	0.1
R_MCCC	BHNFPM_01926	200.5	0.8
R_MCITL2	BHNFPM_00442	571.0	2.2
R_MCSNAH	BHNFPM_00030	228.0	0.9
R_MCTC_1	BHNFPM_04315	56.2	0.2
R_MCTP1App	BHNFPM_03033	119.0	0.4
R_MCTP1Bpp	(BHNFPM_03033 or BHNFPM_03557)	119.0	0.4
R_MCTP2App	BHNFPM_03033	119.0	0.4
R_MDDCP1pp	(BHNFPM_00236 or BHNFPM_02318 or BHNFPM_02766)	160.0	0.6
R_MDDCP2pp	(BHNFPM_00236 or BHNFPM_02318 or BHNFPM_02766)	160.0	0.6
R_MDDCP3pp	(BHNFPM_00236 or BHNFPM_02318 or BHNFPM_02766)	160.0	0.6
R_MDDCP4pp	(BHNFPM_00236 or BHNFPM_02318 or BHNFPM_02766)	160.0	0.6
R_MDDCP5pp	(BHNFPM_00236 or BHNFPM_02318 or BHNFPM_02766)	160.0	0.6
R_MDDEP1pp	(BHNFPM_00236 or BHNFPM_02295 or BHNFPM_02755)	79.3	0.3
R_MDDEP2pp	(BHNFPM_00236 or BHNFPM_02295 or BHNFPM_02755)	79.3	0.3
R_MDDEP3pp	(BHNFPM_00236 or BHNFPM_02295 or BHNFPM_02755)	79.3	0.3
R_MDDEP4pp	(BHNFPM_00236 or BHNFPM_02295 or BHNFPM_02755)	79.3	0.3
R_MDH	BHNFPM_03208	519.0	2.0
R_MDNTHAep	BHNFPM_01789	90.66666666666667	0.3
R_MDRPD	BHNFPM_01810	255.0	1.0
R_ME2	BHNFPM_03219	679.0	2.6
R_MECDPDH2	BHNFPM_02942	642.0	2.4
R_MECDPS	BHNFPM_00134	268.0	1.0
R_MELIBabc	BHNFPM_04338	22.96666666666667	0.1
R_MELIBt3ipp	(BHNFPM_00239 or BHNFPM_02403)	174.0	0.7
R_MEOHtex	(BHNFPM_00649 or spontaneous)	67.4	0.3
R_MEOHtrpp	spontaneous	0.0	0.0
R_MEPCT	BHNFPM_00133	251.0	0.9
R_METAT	BHNFPM_03322	699.0	2.6
R_METB1	BHNFPM_03782	247.0	0.9
R_METDabc	((BHNFPM_01055 and BHNFPM_01056 and BHNFPM_01057) or (BHNFPM_01306 and BHNFPM_03837) or (BHNFPM_03502 and BHNFPM_03503 and BHNFPM_03504) or BHNFPM_03502 or BHNFPM_04392)	325.3333333333333	1.2
R_METDabcpp	((BHNFPM_01055 and BHNFPM_03839) or (BHNFPM_01057 and BHNFPM_03837 and BHNFPM_03838) or BHNFPM_03838 or BHNFPM_03839)	223.0	0.8
R_METGL	(BHNFPM_03254 or BHNFPM_03782)	382.0	1.4
R_METOX1s	spontaneous	0.0	0.0
R_METOX2s	spontaneous	0.0	0.0
R_METS	(BHNFPM_00617 or BHNFPM_01421 or BHNFPM_02191)	815.0	3.1
R_METSOX1abc	(BHNFPM_01055 or BHNFPM_03502)	139.0	0.5
R_METSOX2abc	(BHNFPM_01055 or BHNFPM_03502)	139.0	0.5
R_METSOXR1	((BHNFPM_03253 and BHNFPM_03281) or BHNFPM_02478 or BHNFPM_02613 or BHNFPM_03253 or BHNFPM_03281 or BHNFPM_03506 or BHNFPM_03532)	211.0	0.8
R_METSOXR2	((BHNFPM_03253 and BHNFPM_03281) or (BHNFPM_03253 and BHNFPM_03506) or (BHNFPM_03253 and BHNFPM_03532) or BHNFPM_02613 or BHNFPM_03253 or BHNFPM_03281 or BHNFPM_03506 or BHNFPM_03532)	185.0	0.7
R_METSR_R1	BHNFPM_02613	200.0	0.8
R_METSR_R2	BHNFPM_02613	200.0	0.8
R_METSR_S1	(BHNFPM_02614 or BHNFPM_04247)	381.0	1.4
R_METSR_S2	BHNFPM_02614	270.0	1.0
R_METSRabc	((BHNFPM_03502 and BHNFPM_03503 and BHNFPM_03504) or BHNFPM_04392)	325.3333333333333	1.2
R_METSabc	((BHNFPM_03502 and BHNFPM_03503 and BHNFPM_03504) or BHNFPM_04392)	325.3333333333333	1.2
R_METabc	((BHNFPM_01055 and BHNFPM_01056 and BHNFPM_01057) or (BHNFPM_01055 and BHNFPM_01057) or (BHNFPM_01056 and BHNFPM_01057 and BHNFPM_03502) or (BHNFPM_01057 and BHNFPM_03502) or (BHNFPM_03502 and BHNFPM_03503 and BHNFPM_03504) or BHNFPM_01056 or BHNFPM_02631 or BHNFPM_02821 or BHNFPM_03138 or BHNFPM_03709 or BHNFPM_04392)	325.3333333333333	1.2
R_METabcpp	((BHNFPM_01055 and BHNFPM_03839) or (BHNFPM_01057 and BHNFPM_03837 and BHNFPM_03838) or BHNFPM_03838 or BHNFPM_03839)	223.0	0.8
R_METt3pp	BHNFPM_01044	85.1	0.3
R_METte	BHNFPM_00296	455.0	1.7
R_MFUMt8	BHNFPM_03948	354.0	1.3
R_MG2tex	BHNFPM_00649	67.4	0.3
R_MGSA	(BHNFPM_02691 or spontaneous)	187.0	0.7
R_MGt5	(BHNFPM_01745 or BHNFPM_01828 or BHNFPM_03393 or BHNFPM_03774)	471.0	1.8
R_MHPGLUT	BHNFPM_01421	739.0	2.8
R_MHPGLUT2	BHNFPM_01421	739.0	2.8
R_MI1PP	BHNFPM_01881	335.0	1.3
R_MLDCP1App	BHNFPM_03557	64.3	0.2
R_MLDCP1Bpp	BHNFPM_03557	64.3	0.2
R_MLDCP2App	BHNFPM_03557	64.3	0.2
R_MLDCP2Bpp	BHNFPM_03557	64.3	0.2
R_MLDCP3App	BHNFPM_03557	64.3	0.2
R_MLDEP1pp	(BHNFPM_03241 or BHNFPM_04439)	161.0	0.6
R_MLDEP2pp	(BHNFPM_03241 or BHNFPM_04439)	161.0	0.6
R_MLTG1	BHNFPM_01696	160.0	0.6
R_MLTG2	BHNFPM_01696	160.0	0.6
R_MLTGY1pp	BHNFPM_01738	135.0	0.5
R_MLTGY2pp	BHNFPM_01738	135.0	0.5
R_MLTGY3pp	BHNFPM_01738	135.0	0.5
R_MLTGY4pp	BHNFPM_01738	135.0	0.5
R_MME	BHNFPM_02818	149.0	0.6
R_MMETt2pp	BHNFPM_01329	581.0	2.2
R_MMM	BHNFPM_02826	832.0	3.1
R_MMM2	((BHNFPM_02826 and BHNFPM_02827) or BHNFPM_02826 or BHNFPM_04188)	829.0	3.1
R_MMSAD1	BHNFPM_00279	656.0	2.5
R_MMSAD2	BHNFPM_00279	656.0	2.5
R_MMSAD3	BHNFPM_00279	656.0	2.5
R_MMSDHir	BHNFPM_00279	656.0	2.5
R_MN2t3pp	(BHNFPM_01297 or BHNFPM_03774)	133.0	0.5
R_MN6PP	(BHNFPM_00806 or BHNFPM_01471 or BHNFPM_03398)	156.0	0.6
R_MNLpts	((BHNFPM_01191 and BHNFPM_01824 and BHNFPM_01825) or (BHNFPM_01824 and BHNFPM_01825) or BHNFPM_01824)	321.0	1.2
R_MNLptspp	((BHNFPM_00882 and BHNFPM_01190) or BHNFPM_00882)	362.2	1.4
R_MNabc	((BHNFPM_02639 and BHNFPM_02640 and BHNFPM_02641 and BHNFPM_02642) or BHNFPM_03747)	511.0	1.9
R_MNt2	BHNFPM_04380	540.0	2.0
R_MNtex	BHNFPM_00649	67.4	0.3
R_MOBDabc	BHNFPM_00536	26.25	0.1
R_MOBDabcpp	((BHNFPM_00318 and BHNFPM_00319 and BHNFPM_00680) or (BHNFPM_00318 and BHNFPM_00319) or (BHNFPM_00677 and BHNFPM_00678 and BHNFPM_00679 and BHNFPM_00680))	394.25	1.5
R_MOBDtex	BHNFPM_00649	67.4	0.3
R_MOHMT	BHNFPM_02686	345.0	1.3
R_MPTG	((BHNFPM_01941 and BHNFPM_04075) or BHNFPM_01936 or BHNFPM_01941 or BHNFPM_04203)	357.0	1.3
R_MPTG2	((BHNFPM_01941 and BHNFPM_04075) or BHNFPM_01941)	123.66666666666667	0.5
R_MSHAMID	BHNFPM_02690	53.1	0.2
R_MSO3abc	BHNFPM_03336	59.0	0.2
R_MSO3abcpp	((BHNFPM_00261 and BHNFPM_00262 and BHNFPM_00263) or (BHNFPM_00262 and BHNFPM_00263) or BHNFPM_00262 or BHNFPM_00263 or BHNFPM_01589 or BHNFPM_03336)	250.33333333333334	0.9
R_MSO3tex	BHNFPM_00649	67.4	0.3
R_MTAN	(BHNFPM_00829 or BHNFPM_03029)	308.0	1.2
R_MTHFC	(BHNFPM_02635 or BHNFPM_02849 or BHNFPM_04245)	701.0	2.6
R_MTHFC_1	BHNFPM_04245	330.0	1.2
R_MTHFD	(BHNFPM_02849 or BHNFPM_04245)	330.0	1.2
R_MTHFD2i	BHNFPM_00951	108.0	0.4
R_MTHFR3	BHNFPM_02190	704.0	2.7
R_MTHTHFSs	spontaneous	0.0	0.0
R_MTRI	BHNFPM_01804	422.0	1.6
R_MTRK	BHNFPM_01805	439.0	1.7
R_MUCCYCI	BHNFPM_02294	164.0	0.6
R_MYCTR	BHNFPM_00322	182.0	0.7
R_MYCTR2	BHNFPM_00322	182.0	0.7
R_N2Otpp	spontaneous	0.0	0.0
R_N2tex	BHNFPM_00649	67.4	0.3
R_NABTNO	(BHNFPM_00526 or BHNFPM_03431)	759.0	2.9
R_NACt	BHNFPM_03282	303.0	1.1
R_NADDP	(BHNFPM_00808 or BHNFPM_01454 or BHNFPM_02273 or BHNFPM_02955)	211.0	0.8
R_NADDPp_1	BHNFPM_00439	801.0	3.0
R_NADH10	(BHNFPM_01545 or BHNFPM_01577 or BHNFPM_03614)	125.0	0.5
R_NADH4	(BHNFPM_03466 or BHNFPM_03472)	563.0	2.1
R_NADH5	(BHNFPM_01545 or BHNFPM_01577 or BHNFPM_03614)	121.0	0.5
R_NADH9	(BHNFPM_01545 or BHNFPM_01577 or BHNFPM_03614)	121.0	0.5
R_NADHHR	spontaneous	0.0	0.0
R_NADHHS	spontaneous	0.0	0.0
R_NADHPO	(BHNFPM_04402 and BHNFPM_04403)	435.5	1.6
R_NADK	(BHNFPM_01742 or BHNFPM_03242)	419.0	1.6
R_NADK1	BHNFPM_01742	419.0	1.6
R_NADK2	BHNFPM_01742	419.0	1.6
R_NADK3	BHNFPM_01742	419.0	1.6
R_NADK4	BHNFPM_01742	419.0	1.6
R_NADK5	BHNFPM_01742	419.0	1.6
R_NADK_1	BHNFPM_01742	392.0	1.5
R_NADKd	BHNFPM_01742	392.0	1.5
R_NADPHHR	spontaneous	0.0	0.0
R_NADPHHS	spontaneous	0.0	0.0
R_NADPHQR2	BHNFPM_00407	177.0	0.7
R_NADPHQR3	BHNFPM_03614	125.0	0.5
R_NADS1	(BHNFPM_00406 or BHNFPM_03047)	357.0	1.3
R_NADS2	BHNFPM_03047	41.2	0.2
R_NADTRHD	BHNFPM_03304	44.7	0.2
R_NAPRT	BHNFPM_00405	680.0	2.6
R_NAabc	(BHNFPM_01289 or BHNFPM_01850)	142.0	0.5
R_NAabcO	(BHNFPM_01364 and BHNFPM_01365)	303.5	1.1
R_NAt3_1	(BHNFPM_01746 or BHNFPM_01787 or BHNFPM_03060 or BHNFPM_03448 or BHNFPM_03449 or BHNFPM_03450 or BHNFPM_03451 or BHNFPM_03452 or BHNFPM_03453 or BHNFPM_03454 or BHNFPM_03613)	967.0	3.6
R_NAt3_2	((BHNFPM_01322 and BHNFPM_01326 and BHNFPM_03451) or BHNFPM_01326)	100.42857142857143	0.4
R_NAt3pp	(BHNFPM_00584 or BHNFPM_03962)	445.0	1.7
R_NAtex	BHNFPM_00649	67.4	0.3
R_NBAHH_ir	(BHNFPM_02380 or BHNFPM_02816)	214.0	0.8
R_NDP3	(BHNFPM_00294 or BHNFPM_01143)	119.0	0.4
R_NDP7	BHNFPM_00294	119.0	0.4
R_NDPK1	BHNFPM_02712	221.0	0.8
R_NDPK2	BHNFPM_02712	221.0	0.8
R_NDPK3	BHNFPM_02712	221.0	0.8
R_NDPK4	BHNFPM_02712	221.0	0.8
R_NDPK5	BHNFPM_02712	221.0	0.8
R_NDPK6	BHNFPM_02712	221.0	0.8
R_NDPK7	BHNFPM_02712	221.0	0.8
R_NDPK8	BHNFPM_02712	221.0	0.8
R_NDPK9	BHNFPM_02712	221.0	0.8
R_NH3c	spontaneous	0.0	0.0
R_NH4t	BHNFPM_01689	382.0	1.4
R_NH4tex	(BHNFPM_00649 or spontaneous)	67.4	0.3
R_NH4tpp	spontaneous	0.0	0.0
R_NH4tpp_1	BHNFPM_01689	348.0	1.3
R_NI2abcpp	BHNFPM_01197	395.0	1.5
R_NI2t3pp	(BHNFPM_01297 or BHNFPM_03774)	133.0	0.5
R_NI2t4pp	BHNFPM_01789	71.0	0.3
R_NI2tex	BHNFPM_00649	67.4	0.3
R_NI2uabcpp	((BHNFPM_03968 and BHNFPM_03969) or BHNFPM_00626 or BHNFPM_03969)	80.8	0.3
R_NIabc	((BHNFPM_03968 and BHNFPM_03969) or (BHNFPM_03968 and BHNFPM_03970) or BHNFPM_01057 or BHNFPM_03967)	147.5	0.6
R_NMNAT	(BHNFPM_03009 or BHNFPM_03992)	214.0	0.8
R_NMNDA	BHNFPM_02102	90.9	0.3
R_NMNHYD_1	BHNFPM_03493	334.0	1.3
R_NMNN	BHNFPM_01772	112.0	0.4
R_NMNP	BHNFPM_03993	86.7	0.3
R_NMO	BHNFPM_02402	164.0	0.6
R_NNAM	(BHNFPM_02452 or BHNFPM_03182 or BHNFPM_03994)	234.0	0.9
R_NNATr	BHNFPM_03009	214.0	0.8
R_NNDPR	BHNFPM_03089	299.0	1.1
R_NO2tex	BHNFPM_00649	67.4	0.3
R_NO3abc	((BHNFPM_01586 and BHNFPM_01588 and BHNFPM_01589) or BHNFPM_03337)	243.33333333333334	0.9
R_NO3abcpp	(BHNFPM_01589 or BHNFPM_03336)	60.666666666666664	0.2
R_NO3tex	BHNFPM_00649	67.4	0.3
R_NODOx	BHNFPM_00644	286.0	1.1
R_NODOy	BHNFPM_00644	286.0	1.1
R_NOR_syn_1	BHNFPM_02415	357.0	1.3
R_NOS1_1	BHNFPM_00629	372.0	1.4
R_NOS3	BHNFPM_00629	372.0	1.4
R_NOVBCNtex	spontaneous	0.0	0.0
R_NOX	BHNFPM_01699	326.0	1.2
R_NOtpp	spontaneous	0.0	0.0
R_NPHS	BHNFPM_03356	486.0	1.8
R_NTD1	(BHNFPM_02282 or BHNFPM_02446 or BHNFPM_02797 or BHNFPM_03750 or BHNFPM_03821)	684.0	2.6
R_NTD10	BHNFPM_03821	684.0	2.6
R_NTD12	BHNFPM_03750	69.3	0.3
R_NTD2	(BHNFPM_02282 or BHNFPM_02446 or BHNFPM_02797 or BHNFPM_03821 or BHNFPM_03846)	684.0	2.6
R_NTD3	(BHNFPM_03750 or BHNFPM_03821)	684.0	2.6
R_NTD4	(BHNFPM_03821 or BHNFPM_03846)	684.0	2.6
R_NTD5	(BHNFPM_02282 or BHNFPM_02446 or BHNFPM_02797 or BHNFPM_03750 or BHNFPM_03821)	684.0	2.6
R_NTD6	(BHNFPM_03750 or BHNFPM_03821)	684.0	2.6
R_NTD7	(BHNFPM_03821 or BHNFPM_03846)	684.0	2.6
R_NTD8	(BHNFPM_03750 or BHNFPM_03821)	684.0	2.6
R_NTD9	(BHNFPM_03821 or BHNFPM_03846)	684.0	2.6
R_NTP1	(BHNFPM_02615 or BHNFPM_04300)	440.0	1.7
R_NTP10	(BHNFPM_02615 or BHNFPM_03287)	133.0	0.5
R_NTP11	(BHNFPM_03150 or BHNFPM_03287)	182.0	0.7
R_NTP3	((BHNFPM_00154 and BHNFPM_00155 and BHNFPM_01785) or BHNFPM_00154 or BHNFPM_01370 or BHNFPM_02071 or BHNFPM_02590 or BHNFPM_02615 or BHNFPM_02825)	850.0	3.2
R_NTP5	(BHNFPM_02615 or BHNFPM_03151)	275.0	1.0
R_NTPP1	(BHNFPM_00077 or BHNFPM_01143 or BHNFPM_02626 or BHNFPM_02693)	403.0	1.5
R_NTPP10	(BHNFPM_00077 or BHNFPM_03150)	403.0	1.5
R_NTPP10_1	BHNFPM_03150	182.0	0.7
R_NTPP11	BHNFPM_03150	172.0	0.6
R_NTPP11_1	BHNFPM_03150	182.0	0.7
R_NTPP1_1	BHNFPM_03150	182.0	0.7
R_NTPP2	(BHNFPM_00077 or BHNFPM_01143 or BHNFPM_01778 or BHNFPM_02626 or BHNFPM_02693)	403.0	1.5
R_NTPP2_1	BHNFPM_03150	182.0	0.7
R_NTPP3	(BHNFPM_00077 or BHNFPM_00763 or BHNFPM_01143 or BHNFPM_01166 or BHNFPM_02693 or BHNFPM_03723)	403.0	1.5
R_NTPP4	(BHNFPM_00077 or BHNFPM_01143 or BHNFPM_01166 or BHNFPM_02693 or BHNFPM_03723)	403.0	1.5
R_NTPP5	(BHNFPM_00077 or BHNFPM_02693)	403.0	1.5
R_NTPP6	(BHNFPM_00077 or BHNFPM_02693)	403.0	1.5
R_NTPP7	(BHNFPM_00077 or BHNFPM_00763 or BHNFPM_02693 or BHNFPM_03109)	403.0	1.5
R_NTPP8	(BHNFPM_00077 or BHNFPM_02693 or BHNFPM_03109)	403.0	1.5
R_NTPP8_1	BHNFPM_03150	182.0	0.7
R_NTPP9	(BHNFPM_00077 or BHNFPM_03150)	403.0	1.5
R_NTPP9_1	BHNFPM_03150	182.0	0.7
R_O2XOADOX	BHNFPM_00322	96.5	0.4
R_O2tex	spontaneous	0.0	0.0
R_O2tpp	spontaneous	0.0	0.0
R_O45AM	BHNFPM_01023	25.05	0.1
R_OAADCS	BHNFPM_01927	16.3	0.1
R_OAAt2_2pp	BHNFPM_03756	182.0	0.7
R_OBDHc	((BHNFPM_00541 and BHNFPM_00542 and BHNFPM_00543 and BHNFPM_03304) or (BHNFPM_00541 and BHNFPM_00542 and BHNFPM_00543))	225.875	0.9
R_OCBT	BHNFPM_01015	173.0	0.7
R_OCBT_1	BHNFPM_00449	372.0	1.4
R_OCOAT1	((BHNFPM_02791 and BHNFPM_02792) or BHNFPM_02791)	323.0	1.2
R_OHCUDC2	spontaneous	0.0	0.0
R_OHPBAT	BHNFPM_03752	385.0	1.5
R_OIVD1r	((BHNFPM_00541 and BHNFPM_00542 and BHNFPM_00543 and BHNFPM_03304) or (BHNFPM_00541 and BHNFPM_00542 and BHNFPM_00543) or (BHNFPM_02829 and BHNFPM_02830 and BHNFPM_02831 and BHNFPM_02832) or BHNFPM_00322 or BHNFPM_00543)	611.5	2.3
R_OIVD2	((BHNFPM_00541 and BHNFPM_00542 and BHNFPM_00543 and BHNFPM_03304) or (BHNFPM_00541 and BHNFPM_00542 and BHNFPM_00543) or (BHNFPM_02829 and BHNFPM_02830 and BHNFPM_02831 and BHNFPM_02832) or BHNFPM_00322 or BHNFPM_00543)	611.5	2.3
R_OIVD3	((BHNFPM_00541 and BHNFPM_00542 and BHNFPM_00543 and BHNFPM_03304) or (BHNFPM_00541 and BHNFPM_00542 and BHNFPM_00543) or (BHNFPM_02829 and BHNFPM_02830 and BHNFPM_02831 and BHNFPM_02832) or BHNFPM_00322 or BHNFPM_00543)	611.5	2.3
R_OMAHY	BHNFPM_02690	56.2	0.2
R_OMCDC	(BHNFPM_00557 or spontaneous)	397.0	1.5
R_OMPDC	BHNFPM_01970	231.0	0.9
R_OPETDC	BHNFPM_01682	149.0	0.6
R_OPTCCL	BHNFPM_01682	156.0	0.6
R_ORNTA	BHNFPM_03426	611.0	2.3
R_ORNTAC_1	BHNFPM_00444	484.0	1.8
R_ORNTA_1	BHNFPM_03426	667.0	2.5
R_ORNabcpp	BHNFPM_04392	63.75	0.2
R_OROTt2_2pp	BHNFPM_03756	182.0	0.7
R_ORPT	BHNFPM_01971	251.0	0.9
R_OXADC	BHNFPM_00698	44.7	0.2
R_OXDHCOAT	(BHNFPM_00525 and BHNFPM_00528)	329.0	1.2
R_OXFOtex	BHNFPM_00649	67.4	0.3
R_OXGDC	BHNFPM_03358	528.0	2.0
R_OXOAEL	BHNFPM_01280	52.8	0.2
R_OXPTNDH	BHNFPM_01393	508.0	1.9
R_P5CD	BHNFPM_03427	764.0	2.9
R_P5CR	(BHNFPM_01544 or BHNFPM_02468 or BHNFPM_02807)	281.0	1.1
R_P5CRx	BHNFPM_01544	281.0	1.1
R_PA120abcpp	(BHNFPM_00486 or BHNFPM_01488 or BHNFPM_01858 or BHNFPM_04446)	369.0	1.4
R_PA140abcpp	(BHNFPM_00486 or BHNFPM_01488 or BHNFPM_01858)	369.0	1.4
R_PA141abcpp	(BHNFPM_00486 or BHNFPM_01488 or BHNFPM_01858)	369.0	1.4
R_PA160abcpp	(BHNFPM_00486 or BHNFPM_01488 or BHNFPM_01858 or BHNFPM_04446)	369.0	1.4
R_PA161abcpp	(BHNFPM_00486 or BHNFPM_01488 or BHNFPM_01858 or BHNFPM_04446)	369.0	1.4
R_PA180abcpp	(BHNFPM_00486 or BHNFPM_01488 or BHNFPM_01858 or BHNFPM_04446)	369.0	1.4
R_PA181abcpp	(BHNFPM_00486 or BHNFPM_01488 or BHNFPM_01858 or BHNFPM_04446)	369.0	1.4
R_PACCOAE	((BHNFPM_00519 and BHNFPM_00520 and BHNFPM_00521 and BHNFPM_00522) or (BHNFPM_00519 and BHNFPM_00521 and BHNFPM_00522))	102.46	0.4
R_PACCOAL	BHNFPM_00518	439.0	1.7
R_PANO	BHNFPM_01180	458.0	1.7
R_PANTS	BHNFPM_02685	314.0	1.2
R_PAPPT3	BHNFPM_01939	490.0	1.8
R_PAPSR	(BHNFPM_02419 or BHNFPM_03281 or BHNFPM_03506 or BHNFPM_03532)	352.0	1.3
R_PBUTT	(BHNFPM_02835 or BHNFPM_04212)	504.0	1.9
R_PC	(BHNFPM_01894 or BHNFPM_01926 or BHNFPM_01927)	1788.0	6.7
R_PDE1	(BHNFPM_01786 or BHNFPM_04208)	102.0	0.4
R_PDE4	(BHNFPM_00292 or BHNFPM_04208 or BHNFPM_04395)	92.0	0.3
R_PDH	((BHNFPM_00542 and BHNFPM_01868 and BHNFPM_01870 and BHNFPM_01871) or (BHNFPM_01868 and BHNFPM_01869 and BHNFPM_01870 and BHNFPM_01871) or BHNFPM_00322 or BHNFPM_03304)	629.5	2.4
R_PDHbr	BHNFPM_01870	609.0	2.3
R_PDHcr	(BHNFPM_00322 or BHNFPM_01871 or BHNFPM_03304)	719.0	2.7
R_PDIMAT	BHNFPM_00303	32.2	0.1
R_PDX5PS	BHNFPM_04399	143.0	0.5
R_PDXPP	BHNFPM_01705	105.0	0.4
R_PE120abcpp	(BHNFPM_00486 or BHNFPM_01488 or BHNFPM_01858 or BHNFPM_04446)	369.0	1.4
R_PE140abcpp	(BHNFPM_00486 or BHNFPM_01488 or BHNFPM_01858 or BHNFPM_04446)	369.0	1.4
R_PE141abcpp	(BHNFPM_00486 or BHNFPM_01488 or BHNFPM_01858 or BHNFPM_04446)	369.0	1.4
R_PE160abcpp	(BHNFPM_00486 or BHNFPM_01488 or BHNFPM_01858 or BHNFPM_04446)	369.0	1.4
R_PE161abcpp	(BHNFPM_00486 or BHNFPM_01488 or BHNFPM_01858 or BHNFPM_04446)	369.0	1.4
R_PE180abcpp	(BHNFPM_00486 or BHNFPM_01488 or BHNFPM_01858 or BHNFPM_04446)	369.0	1.4
R_PE181abcpp	(BHNFPM_00486 or BHNFPM_01488 or BHNFPM_01858 or BHNFPM_04446)	369.0	1.4
R_PENAM	BHNFPM_02140	116.0	0.4
R_PEPA	BHNFPM_04433	83.6	0.3
R_PFK	BHNFPM_03215	497.0	1.9
R_PFK_2	BHNFPM_03215	497.0	1.9
R_PG120abcpp	(BHNFPM_00486 or BHNFPM_01488 or BHNFPM_01858 or BHNFPM_04446)	369.0	1.4
R_PG140abcpp	(BHNFPM_00486 or BHNFPM_01488 or BHNFPM_01858 or BHNFPM_04446)	369.0	1.4
R_PG141abcpp	(BHNFPM_00486 or BHNFPM_01488 or BHNFPM_01858 or BHNFPM_04446)	369.0	1.4
R_PG160abcpp	(BHNFPM_00486 or BHNFPM_01488 or BHNFPM_01858 or BHNFPM_04446)	369.0	1.4
R_PG161abcpp	(BHNFPM_00486 or BHNFPM_01488 or BHNFPM_01858 or BHNFPM_04446)	369.0	1.4
R_PG180abcpp	(BHNFPM_00486 or BHNFPM_01488 or BHNFPM_01858 or BHNFPM_04446)	369.0	1.4
R_PG181abcpp	(BHNFPM_00486 or BHNFPM_01488 or BHNFPM_01858 or BHNFPM_04446)	369.0	1.4
R_PGAMT	BHNFPM_00218	728.0	2.7
R_PGCD	BHNFPM_03751	410.0	1.5
R_PGI	BHNFPM_03421	759.0	2.9
R_PGK	BHNFPM_03658	643.0	2.4
R_PGL	BHNFPM_03401	244.0	0.9
R_PGLYCP	(BHNFPM_00225 or BHNFPM_00988 or BHNFPM_01566 or BHNFPM_03740)	92.8	0.4
R_PGLYCP_1	(BHNFPM_03481 or BHNFPM_03740)	293.0	1.1
R_PGM	(BHNFPM_01187 or BHNFPM_01302 or BHNFPM_02519 or BHNFPM_03632 or BHNFPM_03656 or BHNFPM_04062)	827.0	3.1
R_PGMT	(BHNFPM_00218 or BHNFPM_00225 or BHNFPM_00988 or BHNFPM_01566)	728.0	2.7
R_PGMT_2	BHNFPM_04236	165.0	0.6
R_PGMT_B	BHNFPM_04236	162.0	0.6
R_PGP120abcpp	(BHNFPM_00486 or BHNFPM_01488 or BHNFPM_01858 or BHNFPM_04446)	369.0	1.4
R_PGP140abcpp	(BHNFPM_00486 or BHNFPM_01488 or BHNFPM_01858 or BHNFPM_04446)	369.0	1.4
R_PGP141abcpp	(BHNFPM_00486 or BHNFPM_01488 or BHNFPM_01858 or BHNFPM_04446)	369.0	1.4
R_PGP160abcpp	(BHNFPM_00486 or BHNFPM_01488 or BHNFPM_01858 or BHNFPM_04446)	369.0	1.4
R_PGP161abcpp	(BHNFPM_00486 or BHNFPM_01488 or BHNFPM_01858 or BHNFPM_04446)	369.0	1.4
R_PGP180abcpp	(BHNFPM_00486 or BHNFPM_01488 or BHNFPM_01858 or BHNFPM_04446)	369.0	1.4
R_PGP181abcpp	(BHNFPM_00486 or BHNFPM_01488 or BHNFPM_01858 or BHNFPM_04446)	369.0	1.4
R_PHACOAOR	(BHNFPM_00519 and BHNFPM_00520 and BHNFPM_00522)	85.14	0.3
R_PHEMEt	BHNFPM_00876	108.0	0.4
R_PHENOLtex	BHNFPM_00649	67.4	0.3
R_PHETA1	(BHNFPM_00546 or BHNFPM_02707 or BHNFPM_03734)	448.0	1.7
R_PHEabc	(BHNFPM_02631 or BHNFPM_02821 or BHNFPM_03138 or BHNFPM_03709)	301.0	1.1
R_PHEt2r	BHNFPM_02244	85.5	0.3
R_PHEt2rpp	BHNFPM_02244	173.0	0.7
R_PHHL2	BHNFPM_01180	458.0	1.7
R_PIabc	(BHNFPM_02929 and BHNFPM_02930 and BHNFPM_02931 and BHNFPM_02932 and BHNFPM_02933)	402.8	1.5
R_PIt2r	BHNFPM_01343	513.0	1.9
R_PIt7	BHNFPM_02983	200.0	0.8
R_PItex	BHNFPM_00649	67.4	0.3
R_PLPS_1	BHNFPM_00018	211.0	0.8
R_PMANM	(BHNFPM_00285 or BHNFPM_01574 or BHNFPM_02923)	763.0	2.9
R_PMDPHT	BHNFPM_02562	106.5	0.4
R_PMPK	(BHNFPM_02424 or BHNFPM_04219)	318.0	1.2
R_PNP	(BHNFPM_02595 or BHNFPM_02781)	387.0	1.5
R_PNTK	BHNFPM_00091	313.0	1.2
R_PNTK_1	BHNFPM_02177	147.0	0.6
R_PNTOt4pp	BHNFPM_02554	442.0	1.7
R_POAACR	BHNFPM_00067	70.5	0.3
R_PPA	(BHNFPM_03225 or BHNFPM_03830)	450.0	1.7
R_PPAKr	BHNFPM_03235	652.0	2.5
R_PPAt2pp	BHNFPM_04119	350.0	1.3
R_PPAt4pp	(BHNFPM_01596 or BHNFPM_04119)	520.0	2.0
R_PPAtex	BHNFPM_00649	67.4	0.3
R_PPBNGS	BHNFPM_03131	489.0	1.8
R_PPC	BHNFPM_02097	163.0	0.6
R_PPCDC	BHNFPM_01978	494.0	1.9
R_PPCK	BHNFPM_03323	788.0	3.0
R_PPCOAC	(BHNFPM_01928 or BHNFPM_02817)	718.0	2.7
R_PPDIMAT	BHNFPM_00303	32.2	0.1
R_PPM	BHNFPM_02782	610.0	2.3
R_PPM2	BHNFPM_02782	610.0	2.3
R_PPNCL	BHNFPM_01978	494.0	1.9
R_PPND	BHNFPM_02706	403.0	1.5
R_PPNDH	BHNFPM_03093	301.0	1.1
R_PPOHtex	BHNFPM_00649	67.4	0.3
R_PPOR	BHNFPM_00545	315.0	1.2
R_PPPGO	(BHNFPM_01649 or BHNFPM_04167)	499.0	1.9
R_PPPNt2rpp	BHNFPM_04375	160.0	0.6
R_PRAGSr	BHNFPM_00431	477.0	1.8
R_PRAIS_1	BHNFPM_00428	444.0	1.7
R_PRAIi	BHNFPM_02548	150.0	0.6
R_PRAMPC_1	BHNFPM_03731	282.0	1.1
R_PRASCSi	BHNFPM_00423	308.0	1.2
R_PRATPP	(BHNFPM_00077 or BHNFPM_03731)	392.0	1.5
R_PREPTHS	BHNFPM_01150	128.0	0.5
R_PREPTHS2	BHNFPM_01150	128.0	0.5
R_PRFGS	BHNFPM_00662	42.4	0.2
R_PRFGS_1	((BHNFPM_00424 and BHNFPM_00425 and BHNFPM_00426) or BHNFPM_00662)	542.6666666666666	2.0
R_PRMICI	BHNFPM_03733	308.0	1.2
R_PRO1x	BHNFPM_03516	357.0	1.3
R_PROAKGOX1	BHNFPM_03605	107.0	0.4
R_PROGLYabcpp	((BHNFPM_01489 and BHNFPM_01491 and BHNFPM_01492 and BHNFPM_03761) or (BHNFPM_01491 and BHNFPM_01492 and BHNFPM_03761 and BHNFPM_03762) or (BHNFPM_01491 and BHNFPM_01492 and BHNFPM_03761 and BHNFPM_03967) or (BHNFPM_01491 and BHNFPM_01492 and BHNFPM_03761) or (BHNFPM_01492 and BHNFPM_01493 and BHNFPM_03761))	258.8	1.0
R_PROHISGLUtr	(BHNFPM_01722 and BHNFPM_01723 and BHNFPM_01724 and BHNFPM_01725 and BHNFPM_01726)	419.8	1.6
R_PROabc	((BHNFPM_03617 and BHNFPM_03618) or BHNFPM_02631 or BHNFPM_02821 or BHNFPM_03138 or BHNFPM_03709)	440.0	1.7
R_PROt2r	(BHNFPM_01038 or BHNFPM_01596 or BHNFPM_02244 or BHNFPM_03888)	579.0	2.2
R_PROt2rpp	BHNFPM_02244	159.0	0.6
R_PROt4	BHNFPM_01596	508.0	1.9
R_PROt4pp	BHNFPM_01596	520.0	2.0
R_PRPPS	(BHNFPM_00070 or BHNFPM_03816)	506.0	1.9
R_PSCVT	BHNFPM_02705	522.0	2.0
R_PSERT	BHNFPM_03752	385.0	1.5
R_PSP_D	BHNFPM_00346	181.0	0.7
R_PSP_L	BHNFPM_00346	181.0	0.7
R_PSSA120	(BHNFPM_02207 or BHNFPM_03016)	118.0	0.4
R_PSSA141	BHNFPM_02207	118.0	0.4
R_PSSA160	(BHNFPM_02207 or BHNFPM_03016)	118.0	0.4
R_PSSA161	(BHNFPM_02207 or BHNFPM_03016)	118.0	0.4
R_PSSA180	(BHNFPM_02207 or BHNFPM_03016)	118.0	0.4
R_PSSA181	(BHNFPM_02207 or BHNFPM_03016)	118.0	0.4
R_PSURIK	BHNFPM_00656	137.0	0.5
R_PTA2	BHNFPM_04212	504.0	1.9
R_PTAr	BHNFPM_04212	504.0	1.9
R_PTAtex	BHNFPM_00649	67.4	0.3
R_PTHPS	BHNFPM_01830	198.0	0.7
R_PTHPS_1	BHNFPM_01830	185.0	0.7
R_PTHRP	BHNFPM_01983	179.0	0.7
R_PTPATi	BHNFPM_01916	222.0	0.8
R_PTRCAT1	(BHNFPM_00367 or BHNFPM_01286)	86.7	0.3
R_PTRCTA	BHNFPM_02133	268.0	1.0
R_PTRCTA2	BHNFPM_02133	268.0	1.0
R_PTRCabc	((BHNFPM_00571 and BHNFPM_00916) or (BHNFPM_00573 and BHNFPM_00575 and BHNFPM_00915) or (BHNFPM_00573 and BHNFPM_00916) or BHNFPM_00319 or BHNFPM_00916 or BHNFPM_03709 or BHNFPM_03848)	261.0	1.0
R_PTRCabcpp	((BHNFPM_00318 and BHNFPM_00573 and BHNFPM_00916) or (BHNFPM_00319 and BHNFPM_00573) or (BHNFPM_00571 and BHNFPM_00573 and BHNFPM_00916) or (BHNFPM_00573 and BHNFPM_00916) or (BHNFPM_00574 and BHNFPM_00916) or BHNFPM_00319 or BHNFPM_00916 or BHNFPM_03709)	117.85	0.4
R_PUNP1	(BHNFPM_00745 or BHNFPM_02595 or BHNFPM_02781)	387.0	1.5
R_PUNP2	(BHNFPM_02595 or BHNFPM_02781)	387.0	1.5
R_PUNP3	(BHNFPM_02595 or BHNFPM_02781)	387.0	1.5
R_PUNP4	(BHNFPM_02595 or BHNFPM_02781)	387.0	1.5
R_PUNP5	(BHNFPM_02595 or BHNFPM_02781)	387.0	1.5
R_PUNP6	(BHNFPM_02595 or BHNFPM_02781)	387.0	1.5
R_PUNP7	(BHNFPM_02595 or BHNFPM_02781)	387.0	1.5
R_PYDXK_1	BHNFPM_04219	317.0	1.2
R_PYDXPP	(BHNFPM_01471 or BHNFPM_01705 or BHNFPM_03846)	122.0	0.5
R_PYK	BHNFPM_03214	870.0	3.3
R_PYNP1	BHNFPM_02780	623.0	2.4
R_PYNP1_1	BHNFPM_02780	580.0	2.2
R_PYNP2r	BHNFPM_02780	623.0	2.4
R_PYNP2r_1	BHNFPM_02780	580.0	2.2
R_PYOVD2tex	BHNFPM_04284	54.0	0.2
R_PYRt2rpp	BHNFPM_04119	350.0	1.3
R_PYRt4pp	BHNFPM_04119	350.0	1.3
R_PYRtex	BHNFPM_00649	67.4	0.3
R_QULNS	BHNFPM_03088	508.0	1.9
R_R5PP	(BHNFPM_00806 or BHNFPM_01566 or BHNFPM_03398 or BHNFPM_03846)	156.0	0.6
R_RAFFabc	BHNFPM_04338	22.96666666666667	0.1
R_RAFGH	BHNFPM_03855	310.0	1.2
R_RAFH	(BHNFPM_01342 or BHNFPM_03405)	488.0	1.8
R_RBFK	BHNFPM_02075	335.0	1.3
R_RBFSa	((BHNFPM_02562 and BHNFPM_02564) or BHNFPM_02562)	225.0	0.8
R_RBFSa_1	BHNFPM_02562	213.0	0.8
R_RBFSb	((BHNFPM_02562 and BHNFPM_02564) or BHNFPM_02562)	225.0	0.8
R_RBK	BHNFPM_00509	380.0	1.4
R_RECOAH10	BHNFPM_02896	117.0	0.4
R_RECOAH12	BHNFPM_02896	117.0	0.4
R_RECOAH13	BHNFPM_02896	117.0	0.4
R_RECOAH14	BHNFPM_02896	117.0	0.4
R_RECOAH15	BHNFPM_02896	117.0	0.4
R_RECOAH16	BHNFPM_02896	117.0	0.4
R_RECOAH19	BHNFPM_02896	117.0	0.4
R_RECOAH2	BHNFPM_02896	117.0	0.4
R_RECOAH3	BHNFPM_02896	117.0	0.4
R_RECOAH8	BHNFPM_02896	117.0	0.4
R_RECOAH9	BHNFPM_02896	117.0	0.4
R_REPHACCOAI	BHNFPM_00525	202.0	0.8
R_RHCCE	BHNFPM_03345	130.0	0.5
R_RIBFLVt2	(BHNFPM_00186 and BHNFPM_00187 and BHNFPM_00188 and BHNFPM_02754)	225.5	0.9
R_RIBabc	((BHNFPM_00510 and BHNFPM_00511 and BHNFPM_00512 and BHNFPM_00513) or (BHNFPM_01088 and BHNFPM_02092) or (BHNFPM_02094 and BHNFPM_03709) or (BHNFPM_03951 and BHNFPM_03952 and BHNFPM_03953) or (BHNFPM_04180 and BHNFPM_04181 and BHNFPM_04182) or BHNFPM_01086 or BHNFPM_04181)	437.5	1.7
R_RIBabc1	(BHNFPM_00510 and BHNFPM_00511 and BHNFPM_00512 and BHNFPM_00513)	437.5	1.7
R_RIBabcpp	((BHNFPM_00508 and BHNFPM_04180 and BHNFPM_04181) or (BHNFPM_00510 and BHNFPM_03955 and BHNFPM_04180) or (BHNFPM_01340 and BHNFPM_02093 and BHNFPM_03709) or (BHNFPM_01389 and BHNFPM_02093) or (BHNFPM_03955 and BHNFPM_04180 and BHNFPM_04181) or BHNFPM_02093 or BHNFPM_03955 or BHNFPM_04181)	353.0	1.3
R_RMNabc	(BHNFPM_00387 and BHNFPM_01490 and BHNFPM_03762)	148.3	0.6
R_RNDR1	((BHNFPM_01777 and BHNFPM_01778) or BHNFPM_01778 or BHNFPM_02872 or BHNFPM_03281 or BHNFPM_03506 or BHNFPM_03532)	325.5	1.2
R_RNDR2	((BHNFPM_01777 and BHNFPM_01778) or BHNFPM_01778 or BHNFPM_02872 or BHNFPM_03281 or BHNFPM_03506 or BHNFPM_03532)	325.5	1.2
R_RNDR3	((BHNFPM_01777 and BHNFPM_01778) or BHNFPM_01778 or BHNFPM_02872 or BHNFPM_03281 or BHNFPM_03506 or BHNFPM_03532)	325.5	1.2
R_RNDR4	((BHNFPM_01777 and BHNFPM_01778) or BHNFPM_02872 or BHNFPM_03281 or BHNFPM_03506 or BHNFPM_03532)	325.5	1.2
R_RNMK	BHNFPM_03992	184.0	0.7
R_RNTR1	BHNFPM_03532	59.7	0.2
R_RNTR2	BHNFPM_03532	59.7	0.2
R_RNTR3	BHNFPM_03532	59.7	0.2
R_RNTR4	BHNFPM_03532	59.7	0.2
R_RPE	BHNFPM_01987	285.0	1.1
R_RPI	(BHNFPM_00388 or BHNFPM_04143)	250.0	0.9
R_RU5PS	BHNFPM_01218	249.0	0.9
R_S6PG	BHNFPM_01420	620.0	2.3
R_SADT	BHNFPM_02417	544.0	2.1
R_SALCHS2FEexs	spontaneous	0.0	0.0
R_SALCHS4FEexs	spontaneous	0.0	0.0
R_SALCpts	((BHNFPM_01824 and BHNFPM_01825 and BHNFPM_04420) or (BHNFPM_01824 and BHNFPM_01825))	473.0	1.8
R_SAOR	BHNFPM_02421	192.0	0.7
R_SARCOX	(BHNFPM_02428 or BHNFPM_03304)	201.0	0.8
R_SARCOX2	BHNFPM_03304	10.675	0.0
R_SBTpts	((BHNFPM_01824 and BHNFPM_01825) or BHNFPM_01824)	443.5	1.7
R_SBTptspp	BHNFPM_00882	10.4	0.0
R_SBTt2	BHNFPM_03952	167.0	0.6
R_SDPDS	(BHNFPM_02606 or BHNFPM_03300)	477.0	1.8
R_SDPTA	BHNFPM_03752	350.0	1.3
R_SELabcpp	((BHNFPM_00261 and BHNFPM_00262 and BHNFPM_00263) or (BHNFPM_00318 and BHNFPM_00319 and BHNFPM_00680) or (BHNFPM_00318 and BHNFPM_00319) or (BHNFPM_00319 and BHNFPM_00680))	250.33333333333334	0.9
R_SELtpp	(BHNFPM_00318 and BHNFPM_00319)	62.35	0.2
R_SERAT	(BHNFPM_00136 or BHNFPM_03893)	333.0	1.3
R_SERD_L	((BHNFPM_01994 and BHNFPM_01995) or BHNFPM_00560)	386.0	1.5
R_SERGLUGLNtr	((BHNFPM_01722 and BHNFPM_01723 and BHNFPM_01724 and BHNFPM_01725 and BHNFPM_01726) or BHNFPM_03285)	439.0	1.7
R_SERabc	(BHNFPM_02631 or BHNFPM_02821 or BHNFPM_03138 or BHNFPM_03709)	301.0	1.1
R_SERt2r	(BHNFPM_00872 or BHNFPM_04405)	608.0	2.3
R_SERtpp	BHNFPM_03820	54.3	0.2
R_SHCHCS3	BHNFPM_03357	81.3	0.3
R_SHCHD2_1	BHNFPM_02411	112.0	0.4
R_SHCHF_2	BHNFPM_02412	234.0	0.9
R_SHGO	BHNFPM_01469	389.0	1.5
R_SHK3Dr	BHNFPM_03011	261.0	1.0
R_SHKK	BHNFPM_02881	117.0	0.4
R_SHSL1	(BHNFPM_02188 or BHNFPM_03781 or BHNFPM_03782)	513.0	1.9
R_SHSL2	BHNFPM_02188	486.0	1.8
R_SHSL2r	(BHNFPM_03781 or BHNFPM_03782)	540.0	2.0
R_SHSL3	BHNFPM_02188	486.0	1.8
R_SHSL4r	(BHNFPM_02188 or BHNFPM_03782)	486.0	1.8
R_SLCYSS	(BHNFPM_00101 or BHNFPM_02188)	509.0	1.9
R_SLGH	BHNFPM_00397	86.7	0.3
R_SLNTabcpp	((BHNFPM_00318 and BHNFPM_00319 and BHNFPM_00680) or (BHNFPM_00318 and BHNFPM_00319))	171.375	0.6
R_SLNTtpp	(BHNFPM_00318 and BHNFPM_00319)	62.35	0.2
R_SMIA1	BHNFPM_01444	91.75	0.3
R_SMIA1Eabc	BHNFPM_01444	91.75	0.3
R_SMIA1abc	BHNFPM_01444	91.75	0.3
R_SMIA2abc	BHNFPM_01444	91.75	0.3
R_SMIB1	BHNFPM_01444	91.75	0.3
R_SO3abcpp	((BHNFPM_00319 and BHNFPM_00680) or (BHNFPM_00677 and BHNFPM_00678 and BHNFPM_00679 and BHNFPM_00680) or BHNFPM_00319)	394.25	1.5
R_SO3tex	BHNFPM_00649	67.4	0.3
R_SO4t2	(BHNFPM_02151 or BHNFPM_02418)	583.0	2.2
R_SO4tex	BHNFPM_00649	67.4	0.3
R_SPMDabc	((BHNFPM_00571 and BHNFPM_00916) or (BHNFPM_00573 and BHNFPM_00575 and BHNFPM_00915) or BHNFPM_00916 or BHNFPM_03848)	276.0	1.0
R_SPMDabcpp	((BHNFPM_00318 and BHNFPM_00573 and BHNFPM_00916) or (BHNFPM_00571 and BHNFPM_00573 and BHNFPM_00916) or (BHNFPM_00573 and BHNFPM_00916) or (BHNFPM_00574 and BHNFPM_00916) or BHNFPM_00916)	117.85	0.4
R_SPMDt3i	(BHNFPM_02245 or BHNFPM_03769)	90.5	0.3
R_SPMS	BHNFPM_04202	483.0	1.8
R_SPODM	(BHNFPM_00504 or BHNFPM_02936 or BHNFPM_03440)	365.0	1.4
R_SPP	BHNFPM_00806	54.7	0.2
R_SPTc	BHNFPM_02201	106.0	0.4
R_SSALx	BHNFPM_01393	508.0	1.9
R_SSALy	BHNFPM_01393	550.0	2.1
R_SSCOARy	BHNFPM_01393	499.0	1.9
R_STFRNAt	BHNFPM_01134	25.8	0.1
R_SUCBZL	BHNFPM_03355	460.0	1.7
R_SUCBZS	BHNFPM_03354	352.0	1.3
R_SUCBZT1	BHNFPM_00799	40.8	0.2
R_SUCBZT2	BHNFPM_00799	40.8	0.2
R_SUCCt2_2pp	BHNFPM_03756	182.0	0.7
R_SUCD1	((BHNFPM_03157 and BHNFPM_03158 and BHNFPM_03159) or BHNFPM_03304)	606.3333333333334	2.3
R_SUCD2	(BHNFPM_03157 and BHNFPM_03158)	462.3333333333333	1.7
R_SUCD4	BHNFPM_03167	47.333333333333336	0.2
R_SUCD5_BS	(BHNFPM_03157 and BHNFPM_03158 and BHNFPM_03159)	606.3333333333334	2.3
R_SUCOAS	(BHNFPM_02017 and BHNFPM_02018)	589.5	2.2
R_SUCR	BHNFPM_03405	159.0	0.6
R_SUCRt2	BHNFPM_03952	167.0	0.6
R_SUCpts	((BHNFPM_01824 and BHNFPM_01825 and BHNFPM_03880) or (BHNFPM_01824 and BHNFPM_01825) or BHNFPM_01341 or BHNFPM_01824)	517.3333333333334	2.0
R_SUCptspp	BHNFPM_00882	13.0	0.0
R_SULAabc	BHNFPM_03336	59.0	0.2
R_SULFACabcpp	((BHNFPM_00261 and BHNFPM_00262 and BHNFPM_00263) or (BHNFPM_00262 and BHNFPM_00263) or BHNFPM_00262 or BHNFPM_00263 or BHNFPM_01589 or BHNFPM_03336)	250.33333333333334	0.9
R_SULFACtex	BHNFPM_00649	67.4	0.3
R_SULR	BHNFPM_04329	96.3	0.4
R_SULabc	((BHNFPM_00575 and BHNFPM_00678 and BHNFPM_00679 and BHNFPM_00680) or BHNFPM_00319 or BHNFPM_00536)	335.75	1.3
R_SULabcpp	((BHNFPM_00318 and BHNFPM_00319 and BHNFPM_00680) or (BHNFPM_00318 and BHNFPM_00319) or (BHNFPM_00319 and BHNFPM_00680) or (BHNFPM_00677 and BHNFPM_00678 and BHNFPM_00679 and BHNFPM_00680) or BHNFPM_00319)	394.25	1.5
R_St	spontaneous	0.0	0.0
R_TAGURr	BHNFPM_04147	332.0	1.3
R_TALA	BHNFPM_04176	313.0	1.2
R_TARTDC	BHNFPM_03950	536.0	2.0
R_TAURabc	((BHNFPM_00261 and BHNFPM_00262) or BHNFPM_00262 or BHNFPM_01589 or BHNFPM_03335 or BHNFPM_03336)	182.0	0.7
R_TAURabcpp	((BHNFPM_00261 and BHNFPM_00262 and BHNFPM_00263) or BHNFPM_01589 or BHNFPM_03336)	250.33333333333334	0.9
R_TAURtex	BHNFPM_00649	67.4	0.3
R_TCYNTtpp	spontaneous	0.0	0.0
R_TDP	BHNFPM_01143	43.1	0.2
R_TECA1S45	(BHNFPM_04071 and BHNFPM_04073 and BHNFPM_04079 and BHNFPM_04082 and BHNFPM_04083 and BHNFPM_04084)	314.6666666666667	1.2
R_TECA2S45	(BHNFPM_00893 and BHNFPM_00894 and BHNFPM_00895 and BHNFPM_00896 and BHNFPM_04071 and BHNFPM_04073 and BHNFPM_04079 and BHNFPM_04082 and BHNFPM_04083 and BHNFPM_04084)	363.7	1.4
R_TECA3S45	(BHNFPM_04071 and BHNFPM_04073 and BHNFPM_04079 and BHNFPM_04082 and BHNFPM_04083 and BHNFPM_04084)	269.7142857142857	1.0
R_THDPS	BHNFPM_03739	55.5	0.2
R_THIORDXi	((BHNFPM_00612 and BHNFPM_03532 and BHNFPM_04403) or (BHNFPM_00612 and BHNFPM_04403) or (BHNFPM_01497 and BHNFPM_03281) or (BHNFPM_02762 and BHNFPM_03506) or (BHNFPM_02762 and BHNFPM_03532) or (BHNFPM_03532 and BHNFPM_04402 and BHNFPM_04403) or (BHNFPM_04402 and BHNFPM_04403) or BHNFPM_01497 or BHNFPM_02762 or BHNFPM_03165 or BHNFPM_03532)	296.6666666666667	1.1
R_THMDt2	BHNFPM_01784	462.0	1.7
R_THMabc	BHNFPM_03644	61.0	0.2
R_THMabcpp	BHNFPM_00317	16.7	0.1
R_THPAT	BHNFPM_03739	55.5	0.2
R_THRA	BHNFPM_01009	270.0	1.0
R_THRA2	BHNFPM_01009	270.0	1.0
R_THRD	(BHNFPM_01188 or BHNFPM_04239)	424.0	1.6
R_THRD_L	(BHNFPM_00560 or BHNFPM_02422)	574.0	2.2
R_THRS	BHNFPM_00562	493.0	1.9
R_THRS_2	BHNFPM_00562	471.0	1.8
R_THRabc	((BHNFPM_02891 and BHNFPM_02892) or BHNFPM_02631 or BHNFPM_02821 or BHNFPM_03138 or BHNFPM_03709)	301.0	1.1
R_THRabcpp	((BHNFPM_02891 and BHNFPM_02892) or BHNFPM_02892)	60.4	0.2
R_THRt2pp	BHNFPM_01212	47.0	0.2
R_THRt2r	BHNFPM_00483	38.1	0.1
R_THZPSN	((BHNFPM_02426 and BHNFPM_02427) or (BHNFPM_03059 and BHNFPM_03091) or BHNFPM_03059 or BHNFPM_03091)	76.875	0.3
R_THZPSN_1	BHNFPM_03048	338.0	1.3
R_TKT1	BHNFPM_02157	978.0	3.7
R_TKT2	BHNFPM_02157	978.0	3.7
R_TMDK1	BHNFPM_04170	280.0	1.1
R_TMDPK_1	BHNFPM_01988	144.0	0.5
R_TMDPP	BHNFPM_02780	623.0	2.4
R_TMDS	BHNFPM_02625	462.0	1.7
R_TMN	BHNFPM_02430	295.0	1.1
R_TMPPP	BHNFPM_01317	224.0	0.8
R_TNTHAC1	spontaneous	0.0	0.0
R_TNTHAC2	spontaneous	0.0	0.0
R_TNTR1	(BHNFPM_01223 or BHNFPM_02808)	319.0	1.2
R_TNTR1x	(BHNFPM_01223 or BHNFPM_02389)	140.0	0.5
R_TNTR2	(BHNFPM_01223 or BHNFPM_02808)	319.0	1.2
R_TNTR2x	BHNFPM_01223	140.0	0.5
R_TNTR3	BHNFPM_01223	155.0	0.6
R_TNTR4	BHNFPM_01223	155.0	0.6
R_TNTep	BHNFPM_01789	90.66666666666667	0.3
R_TOLt7	BHNFPM_01237	104.0	0.4
R_TOLtex	BHNFPM_00649	67.4	0.3
R_TPI	BHNFPM_03657	380.0	1.4
R_TRDR	((BHNFPM_03281 and BHNFPM_03281) or (BHNFPM_03304 and BHNFPM_03532) or BHNFPM_01842 or BHNFPM_02738 or BHNFPM_03281 or BHNFPM_03304 or BHNFPM_03467 or BHNFPM_03506 or BHNFPM_03532 or BHNFPM_03729)	543.0	2.0
R_TRE6PH	BHNFPM_04060	843.0	3.2
R_TREabc	BHNFPM_04338	21.433333333333334	0.1
R_TREpts	((BHNFPM_01824 and BHNFPM_01825 and BHNFPM_04059) or (BHNFPM_01824 and BHNFPM_01825) or BHNFPM_01824 or BHNFPM_04304)	530.6666666666666	2.0
R_TREptspp	((BHNFPM_00882 and BHNFPM_02612) or BHNFPM_00882)	52.25	0.2
R_TRPAS1	BHNFPM_03027	556.0	2.1
R_TRPS1	((BHNFPM_02546 and BHNFPM_02547) or BHNFPM_02546 or BHNFPM_02547)	374.5	1.4
R_TRPS2	((BHNFPM_02546 and BHNFPM_02547) or BHNFPM_02547)	517.0	2.0
R_TRPS3	((BHNFPM_02546 and BHNFPM_02547) or BHNFPM_02546)	359.5	1.4
R_TRPabc	(BHNFPM_02631 or BHNFPM_02821 or BHNFPM_03138 or BHNFPM_03709)	301.0	1.1
R_TRPt2r	(BHNFPM_01638 or BHNFPM_02244)	183.0	0.7
R_TRPt2rpp	BHNFPM_02244	170.0	0.6
R_TRSARr	BHNFPM_03944	390.0	1.5
R_TSULP	BHNFPM_01659	68.9	0.3
R_TSULabc	(BHNFPM_00319 or BHNFPM_00536)	38.8	0.1
R_TSULabcpp	((BHNFPM_00318 and BHNFPM_00319 and BHNFPM_00680) or (BHNFPM_00318 and BHNFPM_00319) or (BHNFPM_00319 and BHNFPM_00680) or (BHNFPM_00677 and BHNFPM_00678 and BHNFPM_00679 and BHNFPM_00680) or BHNFPM_00319)	394.25	1.5
R_TSULtex	BHNFPM_00649	67.4	0.3
R_TTRCYCt7pp	BHNFPM_01237	104.0	0.4
R_TTRCYCtm	BHNFPM_00473	71.6	0.3
R_TYRL	BHNFPM_02426	263.0	1.0
R_TYRTA	(BHNFPM_00546 or BHNFPM_02707 or BHNFPM_03734)	448.0	1.7
R_TYRabc	(BHNFPM_02631 or BHNFPM_02821 or BHNFPM_03138 or BHNFPM_03709)	301.0	1.1
R_TYRt2r	BHNFPM_02244	171.0	0.6
R_TYRt2rpp	BHNFPM_02244	173.0	0.7
R_UAAGDS	BHNFPM_01937	528.0	2.0
R_UAG2E	(BHNFPM_02121 or BHNFPM_04139)	551.0	2.1
R_UAG2EMA	(BHNFPM_02121 or BHNFPM_04139)	551.0	2.1
R_UAGCVT	(BHNFPM_04125 or BHNFPM_04175)	677.0	2.6
R_UAGDP	BHNFPM_00069	605.0	2.3
R_UAGPT2_1	BHNFPM_02578	370.0	1.4
R_UAGPT3	(BHNFPM_02578 or BHNFPM_03671)	378.0	1.4
R_UAMAGS	BHNFPM_01940	502.0	1.9
R_UAMAS	BHNFPM_03276	637.0	2.4
R_UAPGR	BHNFPM_03822	382.0	1.4
R_UDCPDP	(BHNFPM_01709 or BHNFPM_02204 or BHNFPM_02572 or BHNFPM_03668)	300.0	1.1
R_UDCPDPex	BHNFPM_02572	159.0	0.6
R_UDPG4E	(BHNFPM_02116 or BHNFPM_03865 or BHNFPM_04038)	378.0	1.4
R_UGMDDS	BHNFPM_00327	461.0	1.7
R_UGT_BS	BHNFPM_03671	127.0	0.5
R_UM4PCP	(BHNFPM_01264 or BHNFPM_02293)	193.0	0.7
R_UMPK	(BHNFPM_02059 or BHNFPM_02731)	396.0	1.5
R_UNK5	BHNFPM_01807	551.0	2.1
R_UPP3MT	BHNFPM_03132	125.0	0.5
R_UPP3MT_2	BHNFPM_02413	342.0	1.3
R_UPP3S	BHNFPM_03132	134.0	0.5
R_UPPDC1	BHNFPM_01647	545.0	2.1
R_UPPRT	(BHNFPM_01962 or BHNFPM_04140)	367.0	1.4
R_URATEt_1	BHNFPM_02408	546.0	2.1
R_URAt2	(BHNFPM_01963 or BHNFPM_02353)	550.0	2.1
R_URAt2pp	BHNFPM_02353	72.8	0.3
R_URCN	BHNFPM_04093	899.0	3.4
R_UREA	BHNFPM_02574	15.033333333333333	0.1
R_UREASE	BHNFPM_00471	228.0	0.9
R_UREA_1	BHNFPM_02574	6.442857142857143	0.0
R_UREAabcpp	((BHNFPM_02889 and BHNFPM_02890 and BHNFPM_02892) or BHNFPM_02889)	68.24	0.3
R_URIDK2r	BHNFPM_02059	358.0	1.4
R_URIH	(BHNFPM_00572 or BHNFPM_01772)	176.0	0.7
R_URIK1	(BHNFPM_02397 or BHNFPM_03035)	362.0	1.4
R_URIK2	(BHNFPM_02397 or BHNFPM_03035)	362.0	1.4
R_URIK3	BHNFPM_03035	362.0	1.4
R_URIt2	BHNFPM_01784	462.0	1.7
R_VALDHr	BHNFPM_02834	646.0	2.4
R_VALTA	(BHNFPM_00551 or BHNFPM_01926)	387.0	1.5
R_VALabc	((BHNFPM_02891 and BHNFPM_02892) or BHNFPM_02631 or BHNFPM_02821 or BHNFPM_03138 or BHNFPM_03709)	301.0	1.1
R_VALabcpp	((BHNFPM_02891 and BHNFPM_02892 and BHNFPM_02893) or (BHNFPM_02891 and BHNFPM_02892) or BHNFPM_02892)	78.34	0.3
R_VALt2r	(BHNFPM_01661 or BHNFPM_03249)	459.0	1.7
R_VALt2rpp	BHNFPM_01661	42.75	0.2
R_VALt3pp	BHNFPM_01661	42.55	0.2
R_VALtex	BHNFPM_00649	67.4	0.3
R_VECOAH	(BHNFPM_00524 or BHNFPM_01622)	242.0	0.9
R_VNDH_2	BHNFPM_01082	397.0	1.5
R_VPAMTr	BHNFPM_01127	170.0	0.6
R_XANt2	(BHNFPM_02353 or BHNFPM_02408)	583.0	2.2
R_XANt2pp	BHNFPM_02353	72.8	0.3
R_XPPT	BHNFPM_02409	239.0	0.9
R_XTSNH	(BHNFPM_00572 or BHNFPM_01772)	192.0	0.7
R_XYLANabc	(BHNFPM_01489 and BHNFPM_01490)	138.6	0.5
R_XYLI1	BHNFPM_01108	642.0	2.4
R_XYLI2	BHNFPM_01108	642.0	2.4
R_XYLK	(BHNFPM_00578 or BHNFPM_01109)	600.0	2.3
R_XYLabc	((BHNFPM_01088 and BHNFPM_02094 and BHNFPM_04181) or (BHNFPM_01489 and BHNFPM_01490))	158.76666666666668	0.6
R_XYLabcpp	(BHNFPM_01086 and BHNFPM_01087 and BHNFPM_01091)	320.6666666666667	1.2
R_XYLt2	BHNFPM_03952	167.0	0.6
R_YUMPS	((BHNFPM_00189 and BHNFPM_02074) or (BHNFPM_01961 and BHNFPM_02763) or BHNFPM_00657)	346.0	1.3
R_ZN2abcpp	BHNFPM_01197	395.0	1.5
R_ZN2t3pp	(BHNFPM_01297 or BHNFPM_03774)	133.0	0.5
R_ZN2t4	BHNFPM_03641	410.0	1.5
R_ZN2t4pp	BHNFPM_01789	71.0	0.3
R_ZN2t5	BHNFPM_01789	93.0	0.4
R_ZN2t6	BHNFPM_01789	93.0	0.4
R_ZNabc	((BHNFPM_02947 and BHNFPM_02948 and BHNFPM_03347) or BHNFPM_00507 or BHNFPM_00626 or BHNFPM_01197 or BHNFPM_03967)	373.0	1.4
R_ZNabcpp	(BHNFPM_00507 or BHNFPM_00626)	28.5	0.1
R_Zn2tex	BHNFPM_00649	67.4	0.3
R_pentso3abcpp	(BHNFPM_00261 and BHNFPM_00262 and BHNFPM_00263)	250.33333333333334	0.9
R_r0963	(BHNFPM_00186 and BHNFPM_00187 and BHNFPM_00188)	253.66666666666666	1.0
R_r2136	BHNFPM_02938	387.0	1.5
R_r2465_1	(BHNFPM_00478 or BHNFPM_03393 or BHNFPM_03774)	119.0	0.4
